/home/users/thopri/.local/lib/python3.12/site-packages/torch/nn/modules/transformer.py:515: UserWarning: The PyTorch API of nested tensors is in prototype stage and will change in the near future. We recommend specifying layout=torch.jagged when constructing a nested tensor, as this layout receives active development, has better operator coverage, and works with torch.compile. (Triggered internally at /pytorch/aten/src/ATen/NestedTensorImpl.cpp:178.)
  output = torch._nested_tensor_from_mask(
/home/users/thopri/.local/lib/python3.12/site-packages/torch/optim/lbfgs.py:457: UserWarning: Converting a tensor with requires_grad=True to a scalar may lead to unexpected behavior.
Consider using tensor.detach() first. (Triggered internally at /pytorch/torch/csrc/autograd/generated/python_variable_methods.cpp:835.)
  loss = float(closure())
/home/users/thopri/PROMOTE/LatentTCN/pipeline.py:328: RuntimeWarning: overflow encountered in scalar power
  r[t] = r[t-1] + (mu * r[t-1] - r[t-1]**3) * dt + sigma * self.rng.standard_normal()
/home/users/thopri/PROMOTE/LatentTCN/pipeline.py:328: RuntimeWarning: invalid value encountered in scalar add
  r[t] = r[t-1] + (mu * r[t-1] - r[t-1]**3) * dt + sigma * self.rng.standard_normal()
/home/users/thopri/PROMOTE/LatentTCN/pipeline.py:883: RuntimeWarning: More than 20 figures have been opened. Figures created through the pyplot interface (`matplotlib.pyplot.figure`) are retained until explicitly closed and may consume too much memory. (To control this warning, see the rcParam `figure.max_open_warning`). Consider using `matplotlib.pyplot.close()`.
  fig, (ax1, ax2) = plt.subplots(1, 2, figsize=(14, 5))
============================================================
DYNAMIC CALIBRATION REPORT FOR TARGET REGION
============================================================
A. LATENT SDE SYSTEM CONFIG:
   sigma (Noise Intensity)        : 0.56315
   strat_decay (Damping factor)   : 0.91310
   meso_decay (Dissipation rate)  : 1.25592
------------------------------------------------------------
B. OBSERVATION BASELINES & SWINGS:
   temp     -> Baseline Mean:    5.177 | Physical Swing (±1σ): 1.8944
   salt     -> Baseline Mean:   34.816 | Physical Swing (±1σ): 0.2135
   ssh      -> Baseline Mean:   -1.454 | Physical Swing (±1σ): 0.0665
   u_curr   -> Baseline Mean:   -0.050 | Physical Swing (±1σ): 0.0376
   v_curr   -> Baseline Mean:   -0.005 | Physical Swing (±1σ): 0.0465
============================================================
Generating synthetic dataset...
Fitting scaler on training subset...
Scaler successfully fitted across training pool data.
Scaler statistics exported to 'scalers/synthetic_channel_scaler_1.pkl'

Starting Training...
Epoch 01 | Val Loss: 0.2407 | Val Time Loss: 0.1220 | Val Bce: 0.1796 | F1: 0.571 | Prec: 0.84 | Rec: 0.43
Epoch 02 | Val Loss: 0.2190 | Val Time Loss: 0.1207 | Val Bce: 0.1586 | F1: 0.599 | Prec: 0.72 | Rec: 0.51
Epoch 03 | Val Loss: 0.2129 | Val Time Loss: 0.1167 | Val Bce: 0.1545 | F1: 0.637 | Prec: 0.72 | Rec: 0.57
Epoch 04 | Val Loss: 0.2038 | Val Time Loss: 0.1119 | Val Bce: 0.1478 | F1: 0.598 | Prec: 0.77 | Rec: 0.49
Epoch 05 | Val Loss: 0.2043 | Val Time Loss: 0.1124 | Val Bce: 0.1481 | F1: 0.634 | Prec: 0.74 | Rec: 0.55
Epoch 06 | Val Loss: 0.2157 | Val Time Loss: 0.1110 | Val Bce: 0.1603 | F1: 0.581 | Prec: 0.82 | Rec: 0.45
Epoch 07 | Val Loss: 0.2112 | Val Time Loss: 0.1182 | Val Bce: 0.1521 | F1: 0.646 | Prec: 0.70 | Rec: 0.60
Epoch 08 | Val Loss: 0.2031 | Val Time Loss: 0.1093 | Val Bce: 0.1484 | F1: 0.642 | Prec: 0.71 | Rec: 0.58
Epoch 09 | Val Loss: 0.2069 | Val Time Loss: 0.1117 | Val Bce: 0.1511 | F1: 0.539 | Prec: 0.85 | Rec: 0.39
Epoch 10 | Val Loss: 0.1983 | Val Time Loss: 0.1064 | Val Bce: 0.1450 | F1: 0.621 | Prec: 0.77 | Rec: 0.52
Epoch 11 | Val Loss: 0.1980 | Val Time Loss: 0.1053 | Val Bce: 0.1453 | F1: 0.573 | Prec: 0.80 | Rec: 0.45
Epoch 12 | Val Loss: 0.2042 | Val Time Loss: 0.1060 | Val Bce: 0.1511 | F1: 0.640 | Prec: 0.72 | Rec: 0.58
Epoch 13 | Val Loss: 0.2041 | Val Time Loss: 0.1082 | Val Bce: 0.1501 | F1: 0.643 | Prec: 0.78 | Rec: 0.55
Epoch 14 | Val Loss: 0.2060 | Val Time Loss: 0.1071 | Val Bce: 0.1525 | F1: 0.569 | Prec: 0.84 | Rec: 0.43
Epoch 15 | Val Loss: 0.2067 | Val Time Loss: 0.1067 | Val Bce: 0.1534 | F1: 0.598 | Prec: 0.81 | Rec: 0.47
Epoch 16 | Val Loss: 0.2015 | Val Time Loss: 0.1062 | Val Bce: 0.1484 | F1: 0.563 | Prec: 0.86 | Rec: 0.42
Epoch 17 | Val Loss: 0.2014 | Val Time Loss: 0.1041 | Val Bce: 0.1494 | F1: 0.584 | Prec: 0.83 | Rec: 0.45
Epoch 18 | Val Loss: 0.2047 | Val Time Loss: 0.1081 | Val Bce: 0.1507 | F1: 0.665 | Prec: 0.69 | Rec: 0.64
Epoch 19 | Val Loss: 0.2100 | Val Time Loss: 0.1080 | Val Bce: 0.1560 | F1: 0.606 | Prec: 0.82 | Rec: 0.48
Epoch 20 | Val Loss: 0.2012 | Val Time Loss: 0.1095 | Val Bce: 0.1465 | F1: 0.655 | Prec: 0.73 | Rec: 0.59
Epoch 21 | Val Loss: 0.2057 | Val Time Loss: 0.1068 | Val Bce: 0.1523 | F1: 0.609 | Prec: 0.79 | Rec: 0.49

Early stopping triggered at epoch 21

Testing on hold-out set...
Calibrated T = 1.4303
Final Test -> F1: 0.631 | Precision: 0.91 | Recall: 0.48
Recommended Threshold (FPR ≤ 5%): 0.5007 → TPR: 0.481, FPR: 0.049
============================================================
THRESHOLD OPTIMIZATION REPORT
============================================================
Area Under ROC Curve (ROC-AUC): 0.7870
Recommended Threshold (Youden's J): 0.4777
Recommended Threshold (Maximize F1):  0.4370 -> Max F1: 0.7273
------------------------------------------------------------

Classification Report using default threshold (0.500):
              precision    recall  f1-score   support

         0.0      0.635     0.948     0.760       365
         1.0      0.907     0.483     0.631       385

    accuracy                          0.709       750
   macro avg      0.771     0.716     0.695       750
weighted avg      0.775     0.709     0.694       750


Classification Report using optimized F1 threshold (0.437):
              precision    recall  f1-score   support

         0.0      0.741     0.540     0.624       365
         1.0      0.653     0.821     0.727       385

    accuracy                          0.684       750
   macro avg      0.697     0.680     0.676       750
weighted avg      0.696     0.684     0.677       750


Classification Report using minimised FPR threshold (0.5007):
              precision    recall  f1-score   support

         0.0      0.634     0.951     0.761       365
         1.0      0.911     0.481     0.629       385

    accuracy                          0.709       750
   macro avg      0.773     0.716     0.695       750
weighted avg      0.777     0.709     0.693       750

============================================================
Best Threshold -> 0.436997652053833
Historical false-positive alert timesteps: 0 / 780
============================================================
DYNAMIC CALIBRATION REPORT FOR TARGET REGION
============================================================
A. LATENT SDE SYSTEM CONFIG:
   sigma (Noise Intensity)        : 0.52204
   strat_decay (Damping factor)   : 0.77808
   meso_decay (Dissipation rate)  : 1.42302
------------------------------------------------------------
B. OBSERVATION BASELINES & SWINGS:
   temp     -> Baseline Mean:    5.225 | Physical Swing (±1σ): 1.8578
   salt     -> Baseline Mean:   34.836 | Physical Swing (±1σ): 0.2153
   ssh      -> Baseline Mean:   -1.459 | Physical Swing (±1σ): 0.0669
   u_curr   -> Baseline Mean:   -0.056 | Physical Swing (±1σ): 0.0359
   v_curr   -> Baseline Mean:   -0.012 | Physical Swing (±1σ): 0.0474
============================================================
Generating synthetic dataset...
Fitting scaler on training subset...
Scaler successfully fitted across training pool data.
Scaler statistics exported to 'scalers/synthetic_channel_scaler_2.pkl'

Starting Training...
Epoch 01 | Val Loss: 0.2344 | Val Time Loss: 0.1199 | Val Bce: 0.1744 | F1: 0.562 | Prec: 0.84 | Rec: 0.42
Epoch 02 | Val Loss: 0.2174 | Val Time Loss: 0.1188 | Val Bce: 0.1581 | F1: 0.579 | Prec: 0.87 | Rec: 0.43
Epoch 03 | Val Loss: 0.2219 | Val Time Loss: 0.1133 | Val Bce: 0.1652 | F1: 0.500 | Prec: 0.90 | Rec: 0.35
Epoch 04 | Val Loss: 0.2053 | Val Time Loss: 0.1160 | Val Bce: 0.1473 | F1: 0.627 | Prec: 0.78 | Rec: 0.52
Epoch 05 | Val Loss: 0.1987 | Val Time Loss: 0.1124 | Val Bce: 0.1425 | F1: 0.647 | Prec: 0.80 | Rec: 0.54
Epoch 06 | Val Loss: 0.2038 | Val Time Loss: 0.1100 | Val Bce: 0.1488 | F1: 0.545 | Prec: 0.86 | Rec: 0.40
Epoch 07 | Val Loss: 0.2001 | Val Time Loss: 0.1103 | Val Bce: 0.1449 | F1: 0.595 | Prec: 0.80 | Rec: 0.47
Epoch 08 | Val Loss: 0.1982 | Val Time Loss: 0.1070 | Val Bce: 0.1447 | F1: 0.641 | Prec: 0.78 | Rec: 0.54
Epoch 09 | Val Loss: 0.2004 | Val Time Loss: 0.1065 | Val Bce: 0.1472 | F1: 0.647 | Prec: 0.77 | Rec: 0.56
Epoch 10 | Val Loss: 0.2007 | Val Time Loss: 0.1086 | Val Bce: 0.1464 | F1: 0.610 | Prec: 0.79 | Rec: 0.50
Epoch 11 | Val Loss: 0.2071 | Val Time Loss: 0.1070 | Val Bce: 0.1536 | F1: 0.642 | Prec: 0.76 | Rec: 0.55
Epoch 12 | Val Loss: 0.2129 | Val Time Loss: 0.1079 | Val Bce: 0.1589 | F1: 0.578 | Prec: 0.83 | Rec: 0.44
Epoch 13 | Val Loss: 0.2109 | Val Time Loss: 0.1062 | Val Bce: 0.1578 | F1: 0.564 | Prec: 0.86 | Rec: 0.42
Epoch 14 | Val Loss: 0.1974 | Val Time Loss: 0.1046 | Val Bce: 0.1451 | F1: 0.630 | Prec: 0.77 | Rec: 0.53
Epoch 15 | Val Loss: 0.2070 | Val Time Loss: 0.1067 | Val Bce: 0.1536 | F1: 0.617 | Prec: 0.77 | Rec: 0.51
Epoch 16 | Val Loss: 0.1965 | Val Time Loss: 0.1030 | Val Bce: 0.1450 | F1: 0.643 | Prec: 0.76 | Rec: 0.56
Epoch 17 | Val Loss: 0.2033 | Val Time Loss: 0.1079 | Val Bce: 0.1494 | F1: 0.665 | Prec: 0.71 | Rec: 0.63
Epoch 18 | Val Loss: 0.2100 | Val Time Loss: 0.1046 | Val Bce: 0.1577 | F1: 0.598 | Prec: 0.81 | Rec: 0.47
Epoch 19 | Val Loss: 0.2006 | Val Time Loss: 0.1038 | Val Bce: 0.1488 | F1: 0.621 | Prec: 0.77 | Rec: 0.52
Epoch 20 | Val Loss: 0.2069 | Val Time Loss: 0.1062 | Val Bce: 0.1538 | F1: 0.604 | Prec: 0.82 | Rec: 0.48
Epoch 21 | Val Loss: 0.1997 | Val Time Loss: 0.1068 | Val Bce: 0.1463 | F1: 0.635 | Prec: 0.79 | Rec: 0.53
Epoch 22 | Val Loss: 0.2014 | Val Time Loss: 0.1034 | Val Bce: 0.1497 | F1: 0.640 | Prec: 0.76 | Rec: 0.55
Epoch 23 | Val Loss: 0.2157 | Val Time Loss: 0.1043 | Val Bce: 0.1636 | F1: 0.648 | Prec: 0.74 | Rec: 0.58
Epoch 24 | Val Loss: 0.2204 | Val Time Loss: 0.1045 | Val Bce: 0.1682 | F1: 0.606 | Prec: 0.80 | Rec: 0.49
Epoch 25 | Val Loss: 0.2106 | Val Time Loss: 0.1053 | Val Bce: 0.1579 | F1: 0.629 | Prec: 0.75 | Rec: 0.54
Epoch 26 | Val Loss: 0.2009 | Val Time Loss: 0.1048 | Val Bce: 0.1485 | F1: 0.644 | Prec: 0.78 | Rec: 0.55

Early stopping triggered at epoch 26

Testing on hold-out set...
Calibrated T = 1.4263
Final Test -> F1: 0.684 | Precision: 0.84 | Recall: 0.58
Recommended Threshold (FPR ≤ 5%): 0.5416 → TPR: 0.494, FPR: 0.047
============================================================
THRESHOLD OPTIMIZATION REPORT
============================================================
Area Under ROC Curve (ROC-AUC): 0.7903
Recommended Threshold (Youden's J): 0.5094
Recommended Threshold (Maximize F1):  0.4519 -> Max F1: 0.7210
------------------------------------------------------------

Classification Report using default threshold (0.500):
              precision    recall  f1-score   support

         0.0      0.665     0.885     0.759       365
         1.0      0.841     0.577     0.684       385

    accuracy                          0.727       750
   macro avg      0.753     0.731     0.722       750
weighted avg      0.755     0.727     0.721       750


Classification Report using optimized F1 threshold (0.452):
              precision    recall  f1-score   support

         0.0      0.720     0.592     0.650       365
         1.0      0.669     0.782     0.721       385

    accuracy                          0.689       750
   macro avg      0.694     0.687     0.685       750
weighted avg      0.694     0.689     0.686       750


Classification Report using minimised FPR threshold (0.5416):
              precision    recall  f1-score   support

         0.0      0.641     0.953     0.767       365
         1.0      0.918     0.494     0.642       385

    accuracy                          0.717       750
   macro avg      0.779     0.723     0.704       750
weighted avg      0.783     0.717     0.703       750

============================================================
Best Threshold -> 0.45187434554100037
Historical false-positive alert timesteps: 0 / 780
============================================================
DYNAMIC CALIBRATION REPORT FOR TARGET REGION
============================================================
A. LATENT SDE SYSTEM CONFIG:
   sigma (Noise Intensity)        : 0.46915
   strat_decay (Damping factor)   : 1.06619
   meso_decay (Dissipation rate)  : 1.44019
------------------------------------------------------------
B. OBSERVATION BASELINES & SWINGS:
   temp     -> Baseline Mean:    5.090 | Physical Swing (±1σ): 1.8732
   salt     -> Baseline Mean:   34.792 | Physical Swing (±1σ): 0.1882
   ssh      -> Baseline Mean:   -1.437 | Physical Swing (±1σ): 0.0593
   u_curr   -> Baseline Mean:   -0.045 | Physical Swing (±1σ): 0.0356
   v_curr   -> Baseline Mean:   -0.001 | Physical Swing (±1σ): 0.0465
============================================================
Generating synthetic dataset...
Fitting scaler on training subset...
Scaler successfully fitted across training pool data.
Scaler statistics exported to 'scalers/synthetic_channel_scaler_3.pkl'

Starting Training...
Epoch 01 | Val Loss: 0.2177 | Val Time Loss: 0.1189 | Val Bce: 0.1582 | F1: 0.611 | Prec: 0.86 | Rec: 0.47
Epoch 02 | Val Loss: 0.2008 | Val Time Loss: 0.1148 | Val Bce: 0.1434 | F1: 0.652 | Prec: 0.78 | Rec: 0.56
Epoch 03 | Val Loss: 0.1998 | Val Time Loss: 0.1165 | Val Bce: 0.1416 | F1: 0.672 | Prec: 0.73 | Rec: 0.63
Epoch 04 | Val Loss: 0.1987 | Val Time Loss: 0.1128 | Val Bce: 0.1423 | F1: 0.648 | Prec: 0.80 | Rec: 0.54
Epoch 05 | Val Loss: 0.1979 | Val Time Loss: 0.1082 | Val Bce: 0.1438 | F1: 0.688 | Prec: 0.67 | Rec: 0.70
Epoch 06 | Val Loss: 0.2072 | Val Time Loss: 0.1124 | Val Bce: 0.1510 | F1: 0.615 | Prec: 0.81 | Rec: 0.49
Epoch 07 | Val Loss: 0.2071 | Val Time Loss: 0.1133 | Val Bce: 0.1505 | F1: 0.647 | Prec: 0.74 | Rec: 0.58
Epoch 08 | Val Loss: 0.2063 | Val Time Loss: 0.1087 | Val Bce: 0.1519 | F1: 0.546 | Prec: 0.90 | Rec: 0.39
Epoch 09 | Val Loss: 0.2012 | Val Time Loss: 0.1075 | Val Bce: 0.1474 | F1: 0.684 | Prec: 0.75 | Rec: 0.63
Epoch 10 | Val Loss: 0.1995 | Val Time Loss: 0.1085 | Val Bce: 0.1452 | F1: 0.609 | Prec: 0.82 | Rec: 0.49
Epoch 11 | Val Loss: 0.1949 | Val Time Loss: 0.1060 | Val Bce: 0.1419 | F1: 0.611 | Prec: 0.81 | Rec: 0.49
Epoch 12 | Val Loss: 0.1981 | Val Time Loss: 0.1050 | Val Bce: 0.1456 | F1: 0.669 | Prec: 0.72 | Rec: 0.63
Epoch 13 | Val Loss: 0.1999 | Val Time Loss: 0.1081 | Val Bce: 0.1459 | F1: 0.659 | Prec: 0.75 | Rec: 0.59
Epoch 14 | Val Loss: 0.2129 | Val Time Loss: 0.1049 | Val Bce: 0.1605 | F1: 0.659 | Prec: 0.67 | Rec: 0.65
Epoch 15 | Val Loss: 0.1989 | Val Time Loss: 0.1048 | Val Bce: 0.1465 | F1: 0.615 | Prec: 0.80 | Rec: 0.50
Epoch 16 | Val Loss: 0.2105 | Val Time Loss: 0.1038 | Val Bce: 0.1586 | F1: 0.665 | Prec: 0.73 | Rec: 0.61
Epoch 17 | Val Loss: 0.1935 | Val Time Loss: 0.1043 | Val Bce: 0.1414 | F1: 0.658 | Prec: 0.74 | Rec: 0.59
Epoch 18 | Val Loss: 0.1939 | Val Time Loss: 0.1018 | Val Bce: 0.1430 | F1: 0.641 | Prec: 0.75 | Rec: 0.56
Epoch 19 | Val Loss: 0.2068 | Val Time Loss: 0.1039 | Val Bce: 0.1548 | F1: 0.644 | Prec: 0.72 | Rec: 0.58
Epoch 20 | Val Loss: 0.2079 | Val Time Loss: 0.1036 | Val Bce: 0.1561 | F1: 0.669 | Prec: 0.69 | Rec: 0.65
Epoch 21 | Val Loss: 0.1987 | Val Time Loss: 0.1020 | Val Bce: 0.1477 | F1: 0.619 | Prec: 0.75 | Rec: 0.53
Epoch 22 | Val Loss: 0.1988 | Val Time Loss: 0.1037 | Val Bce: 0.1469 | F1: 0.630 | Prec: 0.77 | Rec: 0.53
Epoch 23 | Val Loss: 0.2001 | Val Time Loss: 0.1040 | Val Bce: 0.1480 | F1: 0.674 | Prec: 0.70 | Rec: 0.65
Epoch 24 | Val Loss: 0.1992 | Val Time Loss: 0.1059 | Val Bce: 0.1462 | F1: 0.653 | Prec: 0.74 | Rec: 0.58
Epoch 25 | Val Loss: 0.2140 | Val Time Loss: 0.1029 | Val Bce: 0.1626 | F1: 0.664 | Prec: 0.72 | Rec: 0.62
Epoch 26 | Val Loss: 0.2020 | Val Time Loss: 0.1062 | Val Bce: 0.1489 | F1: 0.638 | Prec: 0.76 | Rec: 0.55
Epoch 27 | Val Loss: 0.2091 | Val Time Loss: 0.1041 | Val Bce: 0.1570 | F1: 0.643 | Prec: 0.73 | Rec: 0.58

Early stopping triggered at epoch 27

Testing on hold-out set...
Calibrated T = 1.4180
Final Test -> F1: 0.702 | Precision: 0.81 | Recall: 0.62
Recommended Threshold (FPR ≤ 5%): 0.5490 → TPR: 0.522, FPR: 0.047
============================================================
THRESHOLD OPTIMIZATION REPORT
============================================================
Area Under ROC Curve (ROC-AUC): 0.7924
Recommended Threshold (Youden's J): 0.5317
Recommended Threshold (Maximize F1):  0.4387 -> Max F1: 0.7232
------------------------------------------------------------

Classification Report using default threshold (0.500):
              precision    recall  f1-score   support

         0.0      0.678     0.844     0.752       365
         1.0      0.807     0.621     0.702       385

    accuracy                          0.729       750
   macro avg      0.743     0.732     0.727       750
weighted avg      0.745     0.729     0.726       750


Classification Report using optimized F1 threshold (0.439):
              precision    recall  f1-score   support

         0.0      0.764     0.425     0.546       365
         1.0      0.616     0.875     0.723       385

    accuracy                          0.656       750
   macro avg      0.690     0.650     0.634       750
weighted avg      0.688     0.656     0.637       750


Classification Report using minimised FPR threshold (0.5490):
              precision    recall  f1-score   support

         0.0      0.654     0.953     0.776       365
         1.0      0.922     0.522     0.667       385

    accuracy                          0.732       750
   macro avg      0.788     0.738     0.721       750
weighted avg      0.792     0.732     0.720       750

============================================================
Best Threshold -> 0.4387471079826355
Historical false-positive alert timesteps: 113 / 780
============================================================
DYNAMIC CALIBRATION REPORT FOR TARGET REGION
============================================================
A. LATENT SDE SYSTEM CONFIG:
   sigma (Noise Intensity)        : 0.58709
   strat_decay (Damping factor)   : 0.76472
   meso_decay (Dissipation rate)  : 1.27406
------------------------------------------------------------
B. OBSERVATION BASELINES & SWINGS:
   temp     -> Baseline Mean:    5.142 | Physical Swing (±1σ): 1.8890
   salt     -> Baseline Mean:   34.859 | Physical Swing (±1σ): 0.2217
   ssh      -> Baseline Mean:   -1.450 | Physical Swing (±1σ): 0.0630
   u_curr   -> Baseline Mean:   -0.050 | Physical Swing (±1σ): 0.0375
   v_curr   -> Baseline Mean:   -0.013 | Physical Swing (±1σ): 0.0454
============================================================
Generating synthetic dataset...
Fitting scaler on training subset...
Scaler successfully fitted across training pool data.
Scaler statistics exported to 'scalers/synthetic_channel_scaler_4.pkl'

Starting Training...
Epoch 01 | Val Loss: 0.2219 | Val Time Loss: 0.1185 | Val Bce: 0.1626 | F1: 0.612 | Prec: 0.74 | Rec: 0.52
Epoch 02 | Val Loss: 0.2393 | Val Time Loss: 0.1173 | Val Bce: 0.1806 | F1: 0.521 | Prec: 0.89 | Rec: 0.37
Epoch 03 | Val Loss: 0.2612 | Val Time Loss: 0.1203 | Val Bce: 0.2010 | F1: 0.490 | Prec: 0.93 | Rec: 0.33
Epoch 04 | Val Loss: 0.2177 | Val Time Loss: 0.1147 | Val Bce: 0.1604 | F1: 0.590 | Prec: 0.81 | Rec: 0.46
Epoch 05 | Val Loss: 0.2124 | Val Time Loss: 0.1154 | Val Bce: 0.1547 | F1: 0.630 | Prec: 0.72 | Rec: 0.56
Epoch 06 | Val Loss: 0.2120 | Val Time Loss: 0.1122 | Val Bce: 0.1559 | F1: 0.587 | Prec: 0.82 | Rec: 0.46
Epoch 07 | Val Loss: 0.2219 | Val Time Loss: 0.1131 | Val Bce: 0.1654 | F1: 0.540 | Prec: 0.88 | Rec: 0.39
Epoch 08 | Val Loss: 0.2077 | Val Time Loss: 0.1108 | Val Bce: 0.1523 | F1: 0.659 | Prec: 0.71 | Rec: 0.62
Epoch 09 | Val Loss: 0.2107 | Val Time Loss: 0.1112 | Val Bce: 0.1551 | F1: 0.579 | Prec: 0.82 | Rec: 0.45
Epoch 10 | Val Loss: 0.2113 | Val Time Loss: 0.1129 | Val Bce: 0.1549 | F1: 0.531 | Prec: 0.86 | Rec: 0.38
Epoch 11 | Val Loss: 0.2062 | Val Time Loss: 0.1150 | Val Bce: 0.1487 | F1: 0.624 | Prec: 0.79 | Rec: 0.52
Epoch 12 | Val Loss: 0.2210 | Val Time Loss: 0.1103 | Val Bce: 0.1659 | F1: 0.580 | Prec: 0.81 | Rec: 0.45
Epoch 13 | Val Loss: 0.2202 | Val Time Loss: 0.1089 | Val Bce: 0.1657 | F1: 0.558 | Prec: 0.83 | Rec: 0.42
Epoch 14 | Val Loss: 0.2038 | Val Time Loss: 0.1104 | Val Bce: 0.1486 | F1: 0.574 | Prec: 0.82 | Rec: 0.44
Epoch 15 | Val Loss: 0.2036 | Val Time Loss: 0.1071 | Val Bce: 0.1501 | F1: 0.635 | Prec: 0.77 | Rec: 0.54
Epoch 16 | Val Loss: 0.1977 | Val Time Loss: 0.1081 | Val Bce: 0.1437 | F1: 0.610 | Prec: 0.79 | Rec: 0.50
Epoch 17 | Val Loss: 0.2029 | Val Time Loss: 0.1077 | Val Bce: 0.1491 | F1: 0.534 | Prec: 0.88 | Rec: 0.38
Epoch 18 | Val Loss: 0.2124 | Val Time Loss: 0.1082 | Val Bce: 0.1583 | F1: 0.595 | Prec: 0.77 | Rec: 0.49
Epoch 19 | Val Loss: 0.1998 | Val Time Loss: 0.1066 | Val Bce: 0.1464 | F1: 0.651 | Prec: 0.74 | Rec: 0.58
Epoch 20 | Val Loss: 0.2056 | Val Time Loss: 0.1056 | Val Bce: 0.1528 | F1: 0.646 | Prec: 0.72 | Rec: 0.58
Epoch 21 | Val Loss: 0.2238 | Val Time Loss: 0.1168 | Val Bce: 0.1655 | F1: 0.618 | Prec: 0.74 | Rec: 0.53
Epoch 22 | Val Loss: 0.2057 | Val Time Loss: 0.1092 | Val Bce: 0.1511 | F1: 0.598 | Prec: 0.80 | Rec: 0.48
Epoch 23 | Val Loss: 0.2144 | Val Time Loss: 0.1106 | Val Bce: 0.1591 | F1: 0.625 | Prec: 0.73 | Rec: 0.55
Epoch 24 | Val Loss: 0.2150 | Val Time Loss: 0.1072 | Val Bce: 0.1615 | F1: 0.639 | Prec: 0.72 | Rec: 0.57
Epoch 25 | Val Loss: 0.2059 | Val Time Loss: 0.1053 | Val Bce: 0.1533 | F1: 0.637 | Prec: 0.74 | Rec: 0.56
Epoch 26 | Val Loss: 0.2074 | Val Time Loss: 0.1038 | Val Bce: 0.1555 | F1: 0.652 | Prec: 0.73 | Rec: 0.59

Early stopping triggered at epoch 26

Testing on hold-out set...
Calibrated T = 1.4286
Final Test -> F1: 0.643 | Precision: 0.86 | Recall: 0.51
Recommended Threshold (FPR ≤ 5%): 0.5206 → TPR: 0.452, FPR: 0.047
============================================================
THRESHOLD OPTIMIZATION REPORT
============================================================
Area Under ROC Curve (ROC-AUC): 0.7589
Recommended Threshold (Youden's J): 0.4839
Recommended Threshold (Maximize F1):  0.4618 -> Max F1: 0.7005
------------------------------------------------------------

Classification Report using default threshold (0.500):
              precision    recall  f1-score   support

         0.0      0.640     0.910     0.751       365
         1.0      0.857     0.514     0.643       385

    accuracy                          0.707       750
   macro avg      0.748     0.712     0.697       750
weighted avg      0.751     0.707     0.696       750


Classification Report using optimized F1 threshold (0.462):
              precision    recall  f1-score   support

         0.0      0.688     0.616     0.650       365
         1.0      0.669     0.735     0.700       385

    accuracy                          0.677       750
   macro avg      0.679     0.676     0.675       750
weighted avg      0.678     0.677     0.676       750


Classification Report using minimised FPR threshold (0.5206):
              precision    recall  f1-score   support

         0.0      0.623     0.953     0.753       365
         1.0      0.911     0.452     0.604       385

    accuracy                          0.696       750
   macro avg      0.767     0.703     0.679       750
weighted avg      0.771     0.696     0.677       750

============================================================
Best Threshold -> 0.46176958084106445
Historical false-positive alert timesteps: 0 / 780
============================================================
DYNAMIC CALIBRATION REPORT FOR TARGET REGION
============================================================
A. LATENT SDE SYSTEM CONFIG:
   sigma (Noise Intensity)        : 0.62360
   strat_decay (Damping factor)   : 0.88692
   meso_decay (Dissipation rate)  : 1.29088
------------------------------------------------------------
B. OBSERVATION BASELINES & SWINGS:
   temp     -> Baseline Mean:    5.130 | Physical Swing (±1σ): 1.8529
   salt     -> Baseline Mean:   34.838 | Physical Swing (±1σ): 0.2593
   ssh      -> Baseline Mean:   -1.459 | Physical Swing (±1σ): 0.0550
   u_curr   -> Baseline Mean:   -0.046 | Physical Swing (±1σ): 0.0377
   v_curr   -> Baseline Mean:   -0.011 | Physical Swing (±1σ): 0.0473
============================================================
Generating synthetic dataset...
Fitting scaler on training subset...
Scaler successfully fitted across training pool data.
Scaler statistics exported to 'scalers/synthetic_channel_scaler_5.pkl'

Starting Training...
Epoch 01 | Val Loss: 0.2248 | Val Time Loss: 0.1187 | Val Bce: 0.1654 | F1: 0.603 | Prec: 0.70 | Rec: 0.53
Epoch 02 | Val Loss: 0.2554 | Val Time Loss: 0.1213 | Val Bce: 0.1948 | F1: 0.538 | Prec: 0.88 | Rec: 0.39
Epoch 03 | Val Loss: 0.2126 | Val Time Loss: 0.1148 | Val Bce: 0.1552 | F1: 0.612 | Prec: 0.68 | Rec: 0.56
Epoch 04 | Val Loss: 0.2163 | Val Time Loss: 0.1214 | Val Bce: 0.1556 | F1: 0.597 | Prec: 0.74 | Rec: 0.50
Epoch 05 | Val Loss: 0.2074 | Val Time Loss: 0.1134 | Val Bce: 0.1506 | F1: 0.579 | Prec: 0.81 | Rec: 0.45
Epoch 06 | Val Loss: 0.2114 | Val Time Loss: 0.1211 | Val Bce: 0.1508 | F1: 0.603 | Prec: 0.74 | Rec: 0.51
Epoch 07 | Val Loss: 0.2041 | Val Time Loss: 0.1110 | Val Bce: 0.1486 | F1: 0.608 | Prec: 0.76 | Rec: 0.51
Epoch 08 | Val Loss: 0.2089 | Val Time Loss: 0.1134 | Val Bce: 0.1523 | F1: 0.602 | Prec: 0.77 | Rec: 0.49
Epoch 09 | Val Loss: 0.2088 | Val Time Loss: 0.1131 | Val Bce: 0.1522 | F1: 0.627 | Prec: 0.75 | Rec: 0.54
Epoch 10 | Val Loss: 0.2115 | Val Time Loss: 0.1098 | Val Bce: 0.1566 | F1: 0.674 | Prec: 0.68 | Rec: 0.66
Epoch 11 | Val Loss: 0.2075 | Val Time Loss: 0.1123 | Val Bce: 0.1513 | F1: 0.571 | Prec: 0.81 | Rec: 0.44
Epoch 12 | Val Loss: 0.2009 | Val Time Loss: 0.1072 | Val Bce: 0.1473 | F1: 0.636 | Prec: 0.73 | Rec: 0.56
Epoch 13 | Val Loss: 0.2107 | Val Time Loss: 0.1086 | Val Bce: 0.1564 | F1: 0.666 | Prec: 0.71 | Rec: 0.63
Epoch 14 | Val Loss: 0.2008 | Val Time Loss: 0.1131 | Val Bce: 0.1443 | F1: 0.619 | Prec: 0.73 | Rec: 0.54
Epoch 15 | Val Loss: 0.2046 | Val Time Loss: 0.1101 | Val Bce: 0.1495 | F1: 0.646 | Prec: 0.75 | Rec: 0.57
Epoch 16 | Val Loss: 0.2034 | Val Time Loss: 0.1100 | Val Bce: 0.1484 | F1: 0.640 | Prec: 0.73 | Rec: 0.57
Epoch 17 | Val Loss: 0.2019 | Val Time Loss: 0.1068 | Val Bce: 0.1485 | F1: 0.597 | Prec: 0.76 | Rec: 0.49
Epoch 18 | Val Loss: 0.2059 | Val Time Loss: 0.1078 | Val Bce: 0.1520 | F1: 0.571 | Prec: 0.81 | Rec: 0.44
Epoch 19 | Val Loss: 0.2068 | Val Time Loss: 0.1054 | Val Bce: 0.1541 | F1: 0.625 | Prec: 0.75 | Rec: 0.53
Epoch 20 | Val Loss: 0.2061 | Val Time Loss: 0.1079 | Val Bce: 0.1522 | F1: 0.612 | Prec: 0.77 | Rec: 0.51
Epoch 21 | Val Loss: 0.1980 | Val Time Loss: 0.1042 | Val Bce: 0.1459 | F1: 0.556 | Prec: 0.82 | Rec: 0.42
Epoch 22 | Val Loss: 0.2102 | Val Time Loss: 0.1079 | Val Bce: 0.1563 | F1: 0.661 | Prec: 0.64 | Rec: 0.68
Epoch 23 | Val Loss: 0.2107 | Val Time Loss: 0.1081 | Val Bce: 0.1566 | F1: 0.600 | Prec: 0.76 | Rec: 0.50
Epoch 24 | Val Loss: 0.2109 | Val Time Loss: 0.1086 | Val Bce: 0.1566 | F1: 0.650 | Prec: 0.72 | Rec: 0.59
Epoch 25 | Val Loss: 0.2167 | Val Time Loss: 0.1114 | Val Bce: 0.1610 | F1: 0.654 | Prec: 0.70 | Rec: 0.62
Epoch 26 | Val Loss: 0.2077 | Val Time Loss: 0.1065 | Val Bce: 0.1544 | F1: 0.660 | Prec: 0.71 | Rec: 0.62
Epoch 27 | Val Loss: 0.2087 | Val Time Loss: 0.1064 | Val Bce: 0.1555 | F1: 0.621 | Prec: 0.73 | Rec: 0.54
Epoch 28 | Val Loss: 0.2212 | Val Time Loss: 0.1064 | Val Bce: 0.1679 | F1: 0.636 | Prec: 0.70 | Rec: 0.58
Epoch 29 | Val Loss: 0.2197 | Val Time Loss: 0.1069 | Val Bce: 0.1662 | F1: 0.650 | Prec: 0.68 | Rec: 0.62
Epoch 30 | Val Loss: 0.2249 | Val Time Loss: 0.1059 | Val Bce: 0.1719 | F1: 0.612 | Prec: 0.77 | Rec: 0.51
Epoch 31 | Val Loss: 0.2272 | Val Time Loss: 0.1073 | Val Bce: 0.1736 | F1: 0.652 | Prec: 0.68 | Rec: 0.63

Early stopping triggered at epoch 31

Testing on hold-out set...
Calibrated T = 1.4395
Final Test -> F1: 0.595 | Precision: 0.89 | Recall: 0.45
Recommended Threshold (FPR ≤ 5%): 0.5015 → TPR: 0.444, FPR: 0.049
============================================================
THRESHOLD OPTIMIZATION REPORT
============================================================
Area Under ROC Curve (ROC-AUC): 0.7573
Recommended Threshold (Youden's J): 0.4873
Recommended Threshold (Maximize F1):  0.4487 -> Max F1: 0.7043
------------------------------------------------------------

Classification Report using default threshold (0.500):
              precision    recall  f1-score   support

         0.0      0.618     0.942     0.746       365
         1.0      0.891     0.447     0.595       385

    accuracy                          0.688       750
   macro avg      0.754     0.695     0.671       750
weighted avg      0.758     0.688     0.669       750


Classification Report using optimized F1 threshold (0.449):
              precision    recall  f1-score   support

         0.0      0.711     0.452     0.553       365
         1.0      0.614     0.826     0.704       385

    accuracy                          0.644       750
   macro avg      0.663     0.639     0.629       750
weighted avg      0.661     0.644     0.631       750


Classification Report using minimised FPR threshold (0.5015):
              precision    recall  f1-score   support

         0.0      0.619     0.951     0.749       365
         1.0      0.905     0.444     0.596       385

    accuracy                          0.691       750
   macro avg      0.762     0.697     0.673       750
weighted avg      0.765     0.691     0.671       750

============================================================
Best Threshold -> 0.4486501216888428
Historical false-positive alert timesteps: 8 / 780
============================================================
DYNAMIC CALIBRATION REPORT FOR TARGET REGION
============================================================
A. LATENT SDE SYSTEM CONFIG:
   sigma (Noise Intensity)        : 0.65064
   strat_decay (Damping factor)   : 0.81314
   meso_decay (Dissipation rate)  : 1.41483
------------------------------------------------------------
B. OBSERVATION BASELINES & SWINGS:
   temp     -> Baseline Mean:    5.509 | Physical Swing (±1σ): 1.8879
   salt     -> Baseline Mean:   34.846 | Physical Swing (±1σ): 0.2385
   ssh      -> Baseline Mean:   -1.386 | Physical Swing (±1σ): 0.0710
   u_curr   -> Baseline Mean:   -0.050 | Physical Swing (±1σ): 0.0354
   v_curr   -> Baseline Mean:    0.002 | Physical Swing (±1σ): 0.0474
============================================================
Generating synthetic dataset...
Fitting scaler on training subset...
Scaler successfully fitted across training pool data.
Scaler statistics exported to 'scalers/synthetic_channel_scaler_6.pkl'

Starting Training...
Epoch 01 | Val Loss: nan | Val Time Loss: nan | Val Bce: nan | F1: 0.000 | Prec: 0.00 | Rec: 0.00
Epoch 02 | Val Loss: nan | Val Time Loss: nan | Val Bce: nan | F1: 0.000 | Prec: 0.00 | Rec: 0.00
Epoch 03 | Val Loss: nan | Val Time Loss: nan | Val Bce: nan | F1: 0.000 | Prec: 0.00 | Rec: 0.00
Epoch 04 | Val Loss: nan | Val Time Loss: nan | Val Bce: nan | F1: 0.000 | Prec: 0.00 | Rec: 0.00
Epoch 05 | Val Loss: nan | Val Time Loss: nan | Val Bce: nan | F1: 0.000 | Prec: 0.00 | Rec: 0.00
Epoch 06 | Val Loss: nan | Val Time Loss: nan | Val Bce: nan | F1: 0.000 | Prec: 0.00 | Rec: 0.00
Epoch 07 | Val Loss: nan | Val Time Loss: nan | Val Bce: nan | F1: 0.000 | Prec: 0.00 | Rec: 0.00
Epoch 08 | Val Loss: nan | Val Time Loss: nan | Val Bce: nan | F1: 0.000 | Prec: 0.00 | Rec: 0.00
Epoch 09 | Val Loss: nan | Val Time Loss: nan | Val Bce: nan | F1: 0.000 | Prec: 0.00 | Rec: 0.00
Epoch 10 | Val Loss: nan | Val Time Loss: nan | Val Bce: nan | F1: 0.000 | Prec: 0.00 | Rec: 0.00

Early stopping triggered at epoch 10

Testing on hold-out set...
[Errno 2] No such file or directory: '[Errno 2] No such file or directory: 'models/best_bifurcation_model_6.pth''
ml model not found, skipping this hold out test
============================================================
DYNAMIC CALIBRATION REPORT FOR TARGET REGION
============================================================
A. LATENT SDE SYSTEM CONFIG:
   sigma (Noise Intensity)        : 0.54050
   strat_decay (Damping factor)   : 1.10787
   meso_decay (Dissipation rate)  : 1.36238
------------------------------------------------------------
B. OBSERVATION BASELINES & SWINGS:
   temp     -> Baseline Mean:    5.381 | Physical Swing (±1σ): 1.9103
   salt     -> Baseline Mean:   34.828 | Physical Swing (±1σ): 0.1838
   ssh      -> Baseline Mean:   -1.404 | Physical Swing (±1σ): 0.0547
   u_curr   -> Baseline Mean:   -0.051 | Physical Swing (±1σ): 0.0372
   v_curr   -> Baseline Mean:   -0.002 | Physical Swing (±1σ): 0.0476
============================================================
Generating synthetic dataset...
Fitting scaler on training subset...
Scaler successfully fitted across training pool data.
Scaler statistics exported to 'scalers/synthetic_channel_scaler_7.pkl'

Starting Training...
Epoch 01 | Val Loss: 0.2227 | Val Time Loss: 0.1175 | Val Bce: 0.1639 | F1: 0.616 | Prec: 0.73 | Rec: 0.53
Epoch 02 | Val Loss: 0.2068 | Val Time Loss: 0.1181 | Val Bce: 0.1478 | F1: 0.646 | Prec: 0.70 | Rec: 0.60
Epoch 03 | Val Loss: 0.2112 | Val Time Loss: 0.1155 | Val Bce: 0.1534 | F1: 0.623 | Prec: 0.78 | Rec: 0.52
Epoch 04 | Val Loss: 0.2069 | Val Time Loss: 0.1169 | Val Bce: 0.1485 | F1: 0.623 | Prec: 0.78 | Rec: 0.52
Epoch 05 | Val Loss: 0.2157 | Val Time Loss: 0.1151 | Val Bce: 0.1581 | F1: 0.522 | Prec: 0.88 | Rec: 0.37
Epoch 06 | Val Loss: 0.2044 | Val Time Loss: 0.1180 | Val Bce: 0.1454 | F1: 0.615 | Prec: 0.80 | Rec: 0.50
Epoch 07 | Val Loss: 0.2062 | Val Time Loss: 0.1103 | Val Bce: 0.1511 | F1: 0.611 | Prec: 0.81 | Rec: 0.49
Epoch 08 | Val Loss: 0.2140 | Val Time Loss: 0.1114 | Val Bce: 0.1583 | F1: 0.661 | Prec: 0.75 | Rec: 0.59
Epoch 09 | Val Loss: 0.2057 | Val Time Loss: 0.1107 | Val Bce: 0.1504 | F1: 0.606 | Prec: 0.79 | Rec: 0.49
Epoch 10 | Val Loss: 0.2032 | Val Time Loss: 0.1138 | Val Bce: 0.1463 | F1: 0.671 | Prec: 0.66 | Rec: 0.68
Epoch 11 | Val Loss: 0.2027 | Val Time Loss: 0.1101 | Val Bce: 0.1477 | F1: 0.614 | Prec: 0.78 | Rec: 0.51
Epoch 12 | Val Loss: 0.1994 | Val Time Loss: 0.1084 | Val Bce: 0.1452 | F1: 0.609 | Prec: 0.81 | Rec: 0.49
Epoch 13 | Val Loss: 0.1945 | Val Time Loss: 0.1053 | Val Bce: 0.1419 | F1: 0.646 | Prec: 0.74 | Rec: 0.57
Epoch 14 | Val Loss: 0.2005 | Val Time Loss: 0.1053 | Val Bce: 0.1478 | F1: 0.630 | Prec: 0.76 | Rec: 0.54
Epoch 15 | Val Loss: 0.2017 | Val Time Loss: 0.1084 | Val Bce: 0.1476 | F1: 0.649 | Prec: 0.74 | Rec: 0.58
Epoch 16 | Val Loss: 0.2005 | Val Time Loss: 0.1061 | Val Bce: 0.1475 | F1: 0.671 | Prec: 0.74 | Rec: 0.62
Epoch 17 | Val Loss: 0.2011 | Val Time Loss: 0.1066 | Val Bce: 0.1478 | F1: 0.655 | Prec: 0.73 | Rec: 0.59
Epoch 18 | Val Loss: 0.2076 | Val Time Loss: 0.1045 | Val Bce: 0.1554 | F1: 0.667 | Prec: 0.73 | Rec: 0.62
Epoch 19 | Val Loss: 0.2070 | Val Time Loss: 0.1069 | Val Bce: 0.1535 | F1: 0.659 | Prec: 0.72 | Rec: 0.61
Epoch 20 | Val Loss: 0.2005 | Val Time Loss: 0.1054 | Val Bce: 0.1478 | F1: 0.658 | Prec: 0.71 | Rec: 0.62
Epoch 21 | Val Loss: 0.2032 | Val Time Loss: 0.1058 | Val Bce: 0.1503 | F1: 0.587 | Prec: 0.82 | Rec: 0.46
Epoch 22 | Val Loss: 0.2041 | Val Time Loss: 0.1056 | Val Bce: 0.1513 | F1: 0.676 | Prec: 0.73 | Rec: 0.63
Epoch 23 | Val Loss: 0.2020 | Val Time Loss: 0.1047 | Val Bce: 0.1497 | F1: 0.681 | Prec: 0.67 | Rec: 0.69

Early stopping triggered at epoch 23

Testing on hold-out set...
Calibrated T = 1.4253
Final Test -> F1: 0.693 | Precision: 0.85 | Recall: 0.58
Recommended Threshold (FPR ≤ 5%): 0.5327 → TPR: 0.488, FPR: 0.049
============================================================
THRESHOLD OPTIMIZATION REPORT
============================================================
Area Under ROC Curve (ROC-AUC): 0.7962
Recommended Threshold (Youden's J): 0.5016
Recommended Threshold (Maximize F1):  0.4483 -> Max F1: 0.7339
------------------------------------------------------------

Classification Report using default threshold (0.500):
              precision    recall  f1-score   support

         0.0      0.671     0.893     0.766       365
         1.0      0.852     0.584     0.693       385

    accuracy                          0.735       750
   macro avg      0.762     0.739     0.730       750
weighted avg      0.764     0.735     0.729       750


Classification Report using optimized F1 threshold (0.448):
              precision    recall  f1-score   support

         0.0      0.753     0.542     0.631       365
         1.0      0.657     0.831     0.734       385

    accuracy                          0.691       750
   macro avg      0.705     0.687     0.682       750
weighted avg      0.704     0.691     0.684       750


Classification Report using minimised FPR threshold (0.5327):
              precision    recall  f1-score   support

         0.0      0.638     0.951     0.763       365
         1.0      0.913     0.488     0.636       385

    accuracy                          0.713       750
   macro avg      0.775     0.719     0.700       750
weighted avg      0.779     0.713     0.698       750

============================================================
Best Threshold -> 0.44830405712127686
Historical false-positive alert timesteps: 150 / 780
============================================================
DYNAMIC CALIBRATION REPORT FOR TARGET REGION
============================================================
A. LATENT SDE SYSTEM CONFIG:
   sigma (Noise Intensity)        : 0.55752
   strat_decay (Damping factor)   : 0.85333
   meso_decay (Dissipation rate)  : 1.44773
------------------------------------------------------------
B. OBSERVATION BASELINES & SWINGS:
   temp     -> Baseline Mean:    5.466 | Physical Swing (±1σ): 1.8265
   salt     -> Baseline Mean:   34.880 | Physical Swing (±1σ): 0.2083
   ssh      -> Baseline Mean:   -1.422 | Physical Swing (±1σ): 0.0621
   u_curr   -> Baseline Mean:   -0.045 | Physical Swing (±1σ): 0.0361
   v_curr   -> Baseline Mean:   -0.002 | Physical Swing (±1σ): 0.0499
============================================================
Generating synthetic dataset...
Fitting scaler on training subset...
Scaler successfully fitted across training pool data.
Scaler statistics exported to 'scalers/synthetic_channel_scaler_8.pkl'

Starting Training...
Epoch 01 | Val Loss: 0.2342 | Val Time Loss: 0.1212 | Val Bce: 0.1736 | F1: 0.592 | Prec: 0.78 | Rec: 0.48
Epoch 02 | Val Loss: 0.2254 | Val Time Loss: 0.1181 | Val Bce: 0.1664 | F1: 0.534 | Prec: 0.88 | Rec: 0.38
Epoch 03 | Val Loss: 0.2202 | Val Time Loss: 0.1215 | Val Bce: 0.1594 | F1: 0.555 | Prec: 0.83 | Rec: 0.42
Epoch 04 | Val Loss: 0.2051 | Val Time Loss: 0.1168 | Val Bce: 0.1467 | F1: 0.633 | Prec: 0.73 | Rec: 0.56
Epoch 05 | Val Loss: 0.2126 | Val Time Loss: 0.1111 | Val Bce: 0.1571 | F1: 0.620 | Prec: 0.76 | Rec: 0.52
Epoch 06 | Val Loss: 0.2120 | Val Time Loss: 0.1089 | Val Bce: 0.1575 | F1: 0.581 | Prec: 0.81 | Rec: 0.45
Epoch 07 | Val Loss: 0.2040 | Val Time Loss: 0.1120 | Val Bce: 0.1480 | F1: 0.628 | Prec: 0.72 | Rec: 0.55
Epoch 08 | Val Loss: 0.2116 | Val Time Loss: 0.1101 | Val Bce: 0.1565 | F1: 0.569 | Prec: 0.82 | Rec: 0.43
Epoch 09 | Val Loss: 0.2018 | Val Time Loss: 0.1139 | Val Bce: 0.1448 | F1: 0.613 | Prec: 0.80 | Rec: 0.50
Epoch 10 | Val Loss: 0.2017 | Val Time Loss: 0.1119 | Val Bce: 0.1458 | F1: 0.625 | Prec: 0.79 | Rec: 0.51
Epoch 11 | Val Loss: 0.2051 | Val Time Loss: 0.1103 | Val Bce: 0.1500 | F1: 0.628 | Prec: 0.80 | Rec: 0.51
Epoch 12 | Val Loss: 0.2100 | Val Time Loss: 0.1116 | Val Bce: 0.1542 | F1: 0.609 | Prec: 0.79 | Rec: 0.49
Epoch 13 | Val Loss: 0.2102 | Val Time Loss: 0.1080 | Val Bce: 0.1562 | F1: 0.625 | Prec: 0.75 | Rec: 0.53
Epoch 14 | Val Loss: 0.1968 | Val Time Loss: 0.1080 | Val Bce: 0.1428 | F1: 0.629 | Prec: 0.78 | Rec: 0.53
Epoch 15 | Val Loss: 0.2048 | Val Time Loss: 0.1068 | Val Bce: 0.1514 | F1: 0.645 | Prec: 0.76 | Rec: 0.56
Epoch 16 | Val Loss: 0.2102 | Val Time Loss: 0.1073 | Val Bce: 0.1565 | F1: 0.680 | Prec: 0.66 | Rec: 0.70
Epoch 17 | Val Loss: 0.2094 | Val Time Loss: 0.1092 | Val Bce: 0.1549 | F1: 0.619 | Prec: 0.79 | Rec: 0.51
Epoch 18 | Val Loss: 0.2093 | Val Time Loss: 0.1082 | Val Bce: 0.1552 | F1: 0.663 | Prec: 0.71 | Rec: 0.62
Epoch 19 | Val Loss: 0.2015 | Val Time Loss: 0.1076 | Val Bce: 0.1477 | F1: 0.661 | Prec: 0.73 | Rec: 0.61
Epoch 20 | Val Loss: 0.2176 | Val Time Loss: 0.1060 | Val Bce: 0.1646 | F1: 0.672 | Prec: 0.68 | Rec: 0.66
Epoch 21 | Val Loss: 0.2107 | Val Time Loss: 0.1047 | Val Bce: 0.1584 | F1: 0.664 | Prec: 0.69 | Rec: 0.64
Epoch 22 | Val Loss: 0.2041 | Val Time Loss: 0.1050 | Val Bce: 0.1516 | F1: 0.632 | Prec: 0.76 | Rec: 0.54
Epoch 23 | Val Loss: 0.2110 | Val Time Loss: 0.1080 | Val Bce: 0.1570 | F1: 0.627 | Prec: 0.77 | Rec: 0.53
Epoch 24 | Val Loss: 0.2192 | Val Time Loss: 0.1069 | Val Bce: 0.1658 | F1: 0.612 | Prec: 0.77 | Rec: 0.51

Early stopping triggered at epoch 24

Testing on hold-out set...
Calibrated T = 1.4279
Final Test -> F1: 0.657 | Precision: 0.86 | Recall: 0.53
Recommended Threshold (FPR ≤ 5%): 0.5168 → TPR: 0.475, FPR: 0.049
============================================================
THRESHOLD OPTIMIZATION REPORT
============================================================
Area Under ROC Curve (ROC-AUC): 0.7632
Recommended Threshold (Youden's J): 0.4945
Recommended Threshold (Maximize F1):  0.4632 -> Max F1: 0.7132
------------------------------------------------------------

Classification Report using default threshold (0.500):
              precision    recall  f1-score   support

         0.0      0.648     0.907     0.756       365
         1.0      0.858     0.532     0.657       385

    accuracy                          0.715       750
   macro avg      0.753     0.720     0.706       750
weighted avg      0.756     0.715     0.705       750


Classification Report using optimized F1 threshold (0.463):
              precision    recall  f1-score   support

         0.0      0.698     0.690     0.694       365
         1.0      0.710     0.717     0.713       385

    accuracy                          0.704       750
   macro avg      0.704     0.704     0.704       750
weighted avg      0.704     0.704     0.704       750


Classification Report using minimised FPR threshold (0.5168):
              precision    recall  f1-score   support

         0.0      0.632     0.951     0.759       365
         1.0      0.910     0.475     0.625       385

    accuracy                          0.707       750
   macro avg      0.771     0.713     0.692       750
weighted avg      0.775     0.707     0.690       750

============================================================
Best Threshold -> 0.46321046352386475
Historical false-positive alert timesteps: 0 / 780
============================================================
DYNAMIC CALIBRATION REPORT FOR TARGET REGION
============================================================
A. LATENT SDE SYSTEM CONFIG:
   sigma (Noise Intensity)        : 0.58730
   strat_decay (Damping factor)   : 1.34753
   meso_decay (Dissipation rate)  : 1.48546
------------------------------------------------------------
B. OBSERVATION BASELINES & SWINGS:
   temp     -> Baseline Mean:    5.302 | Physical Swing (±1σ): 1.8167
   salt     -> Baseline Mean:   34.803 | Physical Swing (±1σ): 0.2173
   ssh      -> Baseline Mean:   -1.392 | Physical Swing (±1σ): 0.0600
   u_curr   -> Baseline Mean:   -0.049 | Physical Swing (±1σ): 0.0381
   v_curr   -> Baseline Mean:    0.003 | Physical Swing (±1σ): 0.0541
============================================================
Generating synthetic dataset...
Fitting scaler on training subset...
Scaler successfully fitted across training pool data.
Scaler statistics exported to 'scalers/synthetic_channel_scaler_9.pkl'

Starting Training...
Epoch 01 | Val Loss: 0.2177 | Val Time Loss: 0.1252 | Val Bce: 0.1551 | F1: 0.593 | Prec: 0.78 | Rec: 0.48
Epoch 02 | Val Loss: 0.2317 | Val Time Loss: 0.1173 | Val Bce: 0.1731 | F1: 0.548 | Prec: 0.87 | Rec: 0.40
Epoch 03 | Val Loss: 0.2178 | Val Time Loss: 0.1218 | Val Bce: 0.1570 | F1: 0.606 | Prec: 0.76 | Rec: 0.50
Epoch 04 | Val Loss: 0.2336 | Val Time Loss: 0.1184 | Val Bce: 0.1744 | F1: 0.446 | Prec: 0.93 | Rec: 0.29
Epoch 05 | Val Loss: 0.2065 | Val Time Loss: 0.1159 | Val Bce: 0.1486 | F1: 0.574 | Prec: 0.80 | Rec: 0.45
Epoch 06 | Val Loss: 0.2106 | Val Time Loss: 0.1175 | Val Bce: 0.1518 | F1: 0.645 | Prec: 0.68 | Rec: 0.61
Epoch 07 | Val Loss: 0.2192 | Val Time Loss: 0.1194 | Val Bce: 0.1595 | F1: 0.562 | Prec: 0.80 | Rec: 0.43
Epoch 08 | Val Loss: 0.2086 | Val Time Loss: 0.1199 | Val Bce: 0.1487 | F1: 0.622 | Prec: 0.70 | Rec: 0.56
Epoch 09 | Val Loss: 0.2202 | Val Time Loss: 0.1158 | Val Bce: 0.1623 | F1: 0.521 | Prec: 0.89 | Rec: 0.37
Epoch 10 | Val Loss: 0.2035 | Val Time Loss: 0.1108 | Val Bce: 0.1481 | F1: 0.615 | Prec: 0.75 | Rec: 0.52
Epoch 11 | Val Loss: 0.2087 | Val Time Loss: 0.1171 | Val Bce: 0.1502 | F1: 0.636 | Prec: 0.72 | Rec: 0.57
Epoch 12 | Val Loss: 0.2045 | Val Time Loss: 0.1112 | Val Bce: 0.1489 | F1: 0.554 | Prec: 0.81 | Rec: 0.42
Epoch 13 | Val Loss: 0.2050 | Val Time Loss: 0.1141 | Val Bce: 0.1479 | F1: 0.566 | Prec: 0.81 | Rec: 0.43
Epoch 14 | Val Loss: 0.2202 | Val Time Loss: 0.1083 | Val Bce: 0.1660 | F1: 0.656 | Prec: 0.70 | Rec: 0.62
Epoch 15 | Val Loss: 0.2016 | Val Time Loss: 0.1101 | Val Bce: 0.1466 | F1: 0.587 | Prec: 0.79 | Rec: 0.47
Epoch 16 | Val Loss: 0.2087 | Val Time Loss: 0.1079 | Val Bce: 0.1548 | F1: 0.589 | Prec: 0.74 | Rec: 0.49
Epoch 17 | Val Loss: 0.2083 | Val Time Loss: 0.1090 | Val Bce: 0.1538 | F1: 0.637 | Prec: 0.71 | Rec: 0.58
Epoch 18 | Val Loss: 0.2072 | Val Time Loss: 0.1075 | Val Bce: 0.1534 | F1: 0.620 | Prec: 0.75 | Rec: 0.53
Epoch 19 | Val Loss: 0.2075 | Val Time Loss: 0.1076 | Val Bce: 0.1537 | F1: 0.639 | Prec: 0.70 | Rec: 0.59
Epoch 20 | Val Loss: 0.2167 | Val Time Loss: 0.1087 | Val Bce: 0.1623 | F1: 0.583 | Prec: 0.81 | Rec: 0.46
Epoch 21 | Val Loss: 0.2008 | Val Time Loss: 0.1068 | Val Bce: 0.1474 | F1: 0.649 | Prec: 0.70 | Rec: 0.61
Epoch 22 | Val Loss: 0.2065 | Val Time Loss: 0.1086 | Val Bce: 0.1522 | F1: 0.557 | Prec: 0.81 | Rec: 0.42
Epoch 23 | Val Loss: 0.2166 | Val Time Loss: 0.1111 | Val Bce: 0.1611 | F1: 0.609 | Prec: 0.74 | Rec: 0.52
Epoch 24 | Val Loss: 0.2025 | Val Time Loss: 0.1038 | Val Bce: 0.1505 | F1: 0.635 | Prec: 0.71 | Rec: 0.57
Epoch 25 | Val Loss: 0.2297 | Val Time Loss: 0.1075 | Val Bce: 0.1759 | F1: 0.628 | Prec: 0.71 | Rec: 0.56
Epoch 26 | Val Loss: 0.2121 | Val Time Loss: 0.1064 | Val Bce: 0.1589 | F1: 0.632 | Prec: 0.74 | Rec: 0.55
Epoch 27 | Val Loss: 0.2255 | Val Time Loss: 0.1058 | Val Bce: 0.1726 | F1: 0.659 | Prec: 0.69 | Rec: 0.63
Epoch 28 | Val Loss: 0.2119 | Val Time Loss: 0.1059 | Val Bce: 0.1589 | F1: 0.621 | Prec: 0.75 | Rec: 0.53
Epoch 29 | Val Loss: 0.2159 | Val Time Loss: 0.1078 | Val Bce: 0.1620 | F1: 0.625 | Prec: 0.76 | Rec: 0.53
Epoch 30 | Val Loss: 0.2186 | Val Time Loss: 0.1072 | Val Bce: 0.1651 | F1: 0.630 | Prec: 0.77 | Rec: 0.53
Epoch 31 | Val Loss: 0.2171 | Val Time Loss: 0.1066 | Val Bce: 0.1638 | F1: 0.649 | Prec: 0.77 | Rec: 0.56

Early stopping triggered at epoch 31

Testing on hold-out set...
Calibrated T = 1.4366
Final Test -> F1: 0.671 | Precision: 0.76 | Recall: 0.60
Recommended Threshold (FPR ≤ 5%): 0.5423 → TPR: 0.452, FPR: 0.049
============================================================
THRESHOLD OPTIMIZATION REPORT
============================================================
Area Under ROC Curve (ROC-AUC): 0.7502
Recommended Threshold (Youden's J): 0.5227
Recommended Threshold (Maximize F1):  0.4817 -> Max F1: 0.6960
------------------------------------------------------------

Classification Report using default threshold (0.500):
              precision    recall  f1-score   support

         0.0      0.655     0.797     0.719       365
         1.0      0.758     0.603     0.671       385

    accuracy                          0.697       750
   macro avg      0.707     0.700     0.695       750
weighted avg      0.708     0.697     0.695       750


Classification Report using optimized F1 threshold (0.482):
              precision    recall  f1-score   support

         0.0      0.680     0.674     0.677       365
         1.0      0.693     0.699     0.696       385

    accuracy                          0.687       750
   macro avg      0.686     0.686     0.686       750
weighted avg      0.687     0.687     0.687       750


Classification Report using minimised FPR threshold (0.5423):
              precision    recall  f1-score   support

         0.0      0.622     0.951     0.752       365
         1.0      0.906     0.452     0.603       385

    accuracy                          0.695       750
   macro avg      0.764     0.701     0.678       750
weighted avg      0.768     0.695     0.676       750

============================================================
Best Threshold -> 0.48170170187950134
Historical false-positive alert timesteps: 21 / 780
============================================================
DYNAMIC CALIBRATION REPORT FOR TARGET REGION
============================================================
A. LATENT SDE SYSTEM CONFIG:
   sigma (Noise Intensity)        : 0.56996
   strat_decay (Damping factor)   : 0.84203
   meso_decay (Dissipation rate)  : 1.43348
------------------------------------------------------------
B. OBSERVATION BASELINES & SWINGS:
   temp     -> Baseline Mean:    5.340 | Physical Swing (±1σ): 1.8106
   salt     -> Baseline Mean:   34.834 | Physical Swing (±1σ): 0.2176
   ssh      -> Baseline Mean:   -1.418 | Physical Swing (±1σ): 0.0584
   u_curr   -> Baseline Mean:   -0.054 | Physical Swing (±1σ): 0.0358
   v_curr   -> Baseline Mean:   -0.009 | Physical Swing (±1σ): 0.0486
============================================================
Generating synthetic dataset...
Fitting scaler on training subset...
Scaler successfully fitted across training pool data.
Scaler statistics exported to 'scalers/synthetic_channel_scaler_10.pkl'

Starting Training...
Epoch 01 | Val Loss: 0.2493 | Val Time Loss: 0.1215 | Val Bce: 0.1886 | F1: 0.553 | Prec: 0.85 | Rec: 0.41
Epoch 02 | Val Loss: 0.2272 | Val Time Loss: 0.1180 | Val Bce: 0.1682 | F1: 0.612 | Prec: 0.76 | Rec: 0.51
Epoch 03 | Val Loss: 0.2153 | Val Time Loss: 0.1152 | Val Bce: 0.1577 | F1: 0.558 | Prec: 0.86 | Rec: 0.41
Epoch 04 | Val Loss: 0.2125 | Val Time Loss: 0.1123 | Val Bce: 0.1564 | F1: 0.529 | Prec: 0.86 | Rec: 0.38
Epoch 05 | Val Loss: 0.2340 | Val Time Loss: 0.1133 | Val Bce: 0.1773 | F1: 0.492 | Prec: 0.88 | Rec: 0.34
Epoch 06 | Val Loss: 0.2039 | Val Time Loss: 0.1143 | Val Bce: 0.1468 | F1: 0.600 | Prec: 0.77 | Rec: 0.49
Epoch 07 | Val Loss: 0.2182 | Val Time Loss: 0.1186 | Val Bce: 0.1589 | F1: 0.558 | Prec: 0.82 | Rec: 0.42
Epoch 08 | Val Loss: 0.2089 | Val Time Loss: 0.1144 | Val Bce: 0.1517 | F1: 0.545 | Prec: 0.84 | Rec: 0.40
Epoch 09 | Val Loss: 0.2138 | Val Time Loss: 0.1104 | Val Bce: 0.1586 | F1: 0.526 | Prec: 0.89 | Rec: 0.37
Epoch 10 | Val Loss: 0.2022 | Val Time Loss: 0.1114 | Val Bce: 0.1465 | F1: 0.591 | Prec: 0.81 | Rec: 0.47
Epoch 11 | Val Loss: 0.2002 | Val Time Loss: 0.1112 | Val Bce: 0.1446 | F1: 0.567 | Prec: 0.80 | Rec: 0.44
Epoch 12 | Val Loss: 0.1998 | Val Time Loss: 0.1066 | Val Bce: 0.1465 | F1: 0.642 | Prec: 0.73 | Rec: 0.57
Epoch 13 | Val Loss: 0.2031 | Val Time Loss: 0.1046 | Val Bce: 0.1508 | F1: 0.601 | Prec: 0.78 | Rec: 0.49
Epoch 14 | Val Loss: 0.2016 | Val Time Loss: 0.1058 | Val Bce: 0.1487 | F1: 0.658 | Prec: 0.71 | Rec: 0.62
Epoch 15 | Val Loss: 0.2008 | Val Time Loss: 0.1091 | Val Bce: 0.1463 | F1: 0.589 | Prec: 0.77 | Rec: 0.48
Epoch 16 | Val Loss: 0.2024 | Val Time Loss: 0.1071 | Val Bce: 0.1488 | F1: 0.563 | Prec: 0.79 | Rec: 0.44
Epoch 17 | Val Loss: 0.2057 | Val Time Loss: 0.1075 | Val Bce: 0.1519 | F1: 0.623 | Prec: 0.75 | Rec: 0.53
Epoch 18 | Val Loss: 0.2012 | Val Time Loss: 0.1031 | Val Bce: 0.1497 | F1: 0.517 | Prec: 0.88 | Rec: 0.37
Epoch 19 | Val Loss: 0.2034 | Val Time Loss: 0.1080 | Val Bce: 0.1495 | F1: 0.621 | Prec: 0.78 | Rec: 0.52
Epoch 20 | Val Loss: 0.2073 | Val Time Loss: 0.1059 | Val Bce: 0.1544 | F1: 0.617 | Prec: 0.78 | Rec: 0.51
Epoch 21 | Val Loss: 0.2069 | Val Time Loss: 0.1039 | Val Bce: 0.1549 | F1: 0.595 | Prec: 0.78 | Rec: 0.48
Epoch 22 | Val Loss: 0.2055 | Val Time Loss: 0.1055 | Val Bce: 0.1528 | F1: 0.657 | Prec: 0.70 | Rec: 0.62

Early stopping triggered at epoch 22

Testing on hold-out set...
Calibrated T = 1.4309
Final Test -> F1: 0.676 | Precision: 0.79 | Recall: 0.59
Recommended Threshold (FPR ≤ 5%): 0.5551 → TPR: 0.449, FPR: 0.049
============================================================
THRESHOLD OPTIMIZATION REPORT
============================================================
Area Under ROC Curve (ROC-AUC): 0.7758
Recommended Threshold (Youden's J): 0.5264
Recommended Threshold (Maximize F1):  0.4511 -> Max F1: 0.7166
------------------------------------------------------------

Classification Report using default threshold (0.500):
              precision    recall  f1-score   support

         0.0      0.659     0.836     0.737       365
         1.0      0.791     0.590     0.676       385

    accuracy                          0.709       750
   macro avg      0.725     0.713     0.706       750
weighted avg      0.727     0.709     0.705       750


Classification Report using optimized F1 threshold (0.451):
              precision    recall  f1-score   support

         0.0      0.723     0.529     0.611       365
         1.0      0.644     0.808     0.717       385

    accuracy                          0.672       750
   macro avg      0.683     0.668     0.664       750
weighted avg      0.682     0.672     0.665       750


Classification Report using minimised FPR threshold (0.5551):
              precision    recall  f1-score   support

         0.0      0.621     0.951     0.751       365
         1.0      0.906     0.449     0.601       385

    accuracy                          0.693       750
   macro avg      0.763     0.700     0.676       750
weighted avg      0.767     0.693     0.674       750

============================================================
Best Threshold -> 0.4511354863643646
Historical false-positive alert timesteps: 0 / 780
============================================================
DYNAMIC CALIBRATION REPORT FOR TARGET REGION
============================================================
A. LATENT SDE SYSTEM CONFIG:
   sigma (Noise Intensity)        : 0.55734
   strat_decay (Damping factor)   : 0.92369
   meso_decay (Dissipation rate)  : 1.28114
------------------------------------------------------------
B. OBSERVATION BASELINES & SWINGS:
   temp     -> Baseline Mean:    5.493 | Physical Swing (±1σ): 1.8634
   salt     -> Baseline Mean:   34.892 | Physical Swing (±1σ): 0.2302
   ssh      -> Baseline Mean:   -1.401 | Physical Swing (±1σ): 0.0637
   u_curr   -> Baseline Mean:   -0.056 | Physical Swing (±1σ): 0.0370
   v_curr   -> Baseline Mean:   -0.001 | Physical Swing (±1σ): 0.0515
============================================================
Generating synthetic dataset...
Fitting scaler on training subset...
Scaler successfully fitted across training pool data.
Scaler statistics exported to 'scalers/synthetic_channel_scaler_11.pkl'

Starting Training...
Epoch 01 | Val Loss: 0.2438 | Val Time Loss: 0.1213 | Val Bce: 0.1832 | F1: 0.563 | Prec: 0.81 | Rec: 0.43
Epoch 02 | Val Loss: 0.2478 | Val Time Loss: 0.1197 | Val Bce: 0.1879 | F1: 0.527 | Prec: 0.90 | Rec: 0.37
Epoch 03 | Val Loss: 0.2172 | Val Time Loss: 0.1145 | Val Bce: 0.1600 | F1: 0.570 | Prec: 0.80 | Rec: 0.44
Epoch 04 | Val Loss: 0.2201 | Val Time Loss: 0.1191 | Val Bce: 0.1606 | F1: 0.617 | Prec: 0.75 | Rec: 0.53
Epoch 05 | Val Loss: 0.2119 | Val Time Loss: 0.1148 | Val Bce: 0.1545 | F1: 0.578 | Prec: 0.82 | Rec: 0.45
Epoch 06 | Val Loss: 0.2101 | Val Time Loss: 0.1123 | Val Bce: 0.1539 | F1: 0.570 | Prec: 0.86 | Rec: 0.43
Epoch 07 | Val Loss: 0.2094 | Val Time Loss: 0.1193 | Val Bce: 0.1497 | F1: 0.627 | Prec: 0.76 | Rec: 0.53
Epoch 08 | Val Loss: 0.2020 | Val Time Loss: 0.1119 | Val Bce: 0.1461 | F1: 0.605 | Prec: 0.78 | Rec: 0.50
Epoch 09 | Val Loss: 0.2029 | Val Time Loss: 0.1078 | Val Bce: 0.1490 | F1: 0.596 | Prec: 0.81 | Rec: 0.47
Epoch 10 | Val Loss: 0.2120 | Val Time Loss: 0.1087 | Val Bce: 0.1576 | F1: 0.561 | Prec: 0.83 | Rec: 0.42
Epoch 11 | Val Loss: 0.2046 | Val Time Loss: 0.1117 | Val Bce: 0.1487 | F1: 0.639 | Prec: 0.73 | Rec: 0.57
Epoch 12 | Val Loss: 0.2041 | Val Time Loss: 0.1081 | Val Bce: 0.1501 | F1: 0.579 | Prec: 0.81 | Rec: 0.45
Epoch 13 | Val Loss: 0.2185 | Val Time Loss: 0.1064 | Val Bce: 0.1653 | F1: 0.533 | Prec: 0.90 | Rec: 0.38
Epoch 14 | Val Loss: 0.2108 | Val Time Loss: 0.1065 | Val Bce: 0.1576 | F1: 0.562 | Prec: 0.84 | Rec: 0.42
Epoch 15 | Val Loss: 0.2177 | Val Time Loss: 0.1092 | Val Bce: 0.1631 | F1: 0.540 | Prec: 0.88 | Rec: 0.39
Epoch 16 | Val Loss: 0.2208 | Val Time Loss: 0.1102 | Val Bce: 0.1657 | F1: 0.538 | Prec: 0.85 | Rec: 0.39
Epoch 17 | Val Loss: 0.2293 | Val Time Loss: 0.1055 | Val Bce: 0.1765 | F1: 0.550 | Prec: 0.85 | Rec: 0.41
Epoch 18 | Val Loss: 0.2034 | Val Time Loss: 0.1096 | Val Bce: 0.1486 | F1: 0.622 | Prec: 0.78 | Rec: 0.51

Early stopping triggered at epoch 18

Testing on hold-out set...
Calibrated T = 1.4300
Final Test -> F1: 0.645 | Precision: 0.87 | Recall: 0.51
Recommended Threshold (FPR ≤ 5%): 0.5237 → TPR: 0.478, FPR: 0.038
============================================================
THRESHOLD OPTIMIZATION REPORT
============================================================
Area Under ROC Curve (ROC-AUC): 0.7722
Recommended Threshold (Youden's J): 0.5237
Recommended Threshold (Maximize F1):  0.4421 -> Max F1: 0.7125
------------------------------------------------------------

Classification Report using default threshold (0.500):
              precision    recall  f1-score   support

         0.0      0.641     0.921     0.756       365
         1.0      0.872     0.512     0.645       385

    accuracy                          0.711       750
   macro avg      0.756     0.716     0.700       750
weighted avg      0.760     0.711     0.699       750


Classification Report using optimized F1 threshold (0.442):
              precision    recall  f1-score   support

         0.0      0.722     0.490     0.584       365
         1.0      0.629     0.821     0.713       385

    accuracy                          0.660       750
   macro avg      0.676     0.656     0.648       750
weighted avg      0.674     0.660     0.650       750


Classification Report using minimised FPR threshold (0.5237):
              precision    recall  f1-score   support

         0.0      0.636     0.962     0.766       365
         1.0      0.929     0.478     0.631       385

    accuracy                          0.713       750
   macro avg      0.783     0.720     0.698       750
weighted avg      0.786     0.713     0.697       750

============================================================
Best Threshold -> 0.4420824944972992
Historical false-positive alert timesteps: 0 / 780
============================================================
DYNAMIC CALIBRATION REPORT FOR TARGET REGION
============================================================
A. LATENT SDE SYSTEM CONFIG:
   sigma (Noise Intensity)        : 0.60009
   strat_decay (Damping factor)   : 1.04362
   meso_decay (Dissipation rate)  : 1.32808
------------------------------------------------------------
B. OBSERVATION BASELINES & SWINGS:
   temp     -> Baseline Mean:    5.372 | Physical Swing (±1σ): 1.8755
   salt     -> Baseline Mean:   34.874 | Physical Swing (±1σ): 0.2147
   ssh      -> Baseline Mean:   -1.421 | Physical Swing (±1σ): 0.0618
   u_curr   -> Baseline Mean:   -0.048 | Physical Swing (±1σ): 0.0365
   v_curr   -> Baseline Mean:   -0.012 | Physical Swing (±1σ): 0.0500
============================================================
Generating synthetic dataset...
Fitting scaler on training subset...
Scaler successfully fitted across training pool data.
Scaler statistics exported to 'scalers/synthetic_channel_scaler_12.pkl'

Starting Training...
Epoch 01 | Val Loss: 0.2495 | Val Time Loss: 0.1191 | Val Bce: 0.1900 | F1: 0.495 | Prec: 0.88 | Rec: 0.34
Epoch 02 | Val Loss: 0.2156 | Val Time Loss: 0.1193 | Val Bce: 0.1559 | F1: 0.662 | Prec: 0.61 | Rec: 0.72
Epoch 03 | Val Loss: 0.2235 | Val Time Loss: 0.1161 | Val Bce: 0.1655 | F1: 0.576 | Prec: 0.81 | Rec: 0.45
Epoch 04 | Val Loss: 0.2198 | Val Time Loss: 0.1112 | Val Bce: 0.1642 | F1: 0.570 | Prec: 0.86 | Rec: 0.43
Epoch 05 | Val Loss: 0.2036 | Val Time Loss: 0.1128 | Val Bce: 0.1472 | F1: 0.605 | Prec: 0.78 | Rec: 0.50
Epoch 06 | Val Loss: 0.2084 | Val Time Loss: 0.1172 | Val Bce: 0.1498 | F1: 0.529 | Prec: 0.86 | Rec: 0.38
Epoch 07 | Val Loss: 0.2194 | Val Time Loss: 0.1207 | Val Bce: 0.1591 | F1: 0.555 | Prec: 0.80 | Rec: 0.42
Epoch 08 | Val Loss: 0.2018 | Val Time Loss: 0.1098 | Val Bce: 0.1469 | F1: 0.603 | Prec: 0.75 | Rec: 0.50
Epoch 09 | Val Loss: 0.2066 | Val Time Loss: 0.1087 | Val Bce: 0.1522 | F1: 0.597 | Prec: 0.77 | Rec: 0.49
Epoch 10 | Val Loss: 0.2033 | Val Time Loss: 0.1071 | Val Bce: 0.1498 | F1: 0.648 | Prec: 0.72 | Rec: 0.59
Epoch 11 | Val Loss: 0.2060 | Val Time Loss: 0.1093 | Val Bce: 0.1513 | F1: 0.589 | Prec: 0.75 | Rec: 0.48
Epoch 12 | Val Loss: 0.2102 | Val Time Loss: 0.1109 | Val Bce: 0.1547 | F1: 0.585 | Prec: 0.80 | Rec: 0.46
Epoch 13 | Val Loss: 0.2098 | Val Time Loss: 0.1093 | Val Bce: 0.1551 | F1: 0.577 | Prec: 0.80 | Rec: 0.45
Epoch 14 | Val Loss: 0.2131 | Val Time Loss: 0.1114 | Val Bce: 0.1574 | F1: 0.608 | Prec: 0.74 | Rec: 0.52
Epoch 15 | Val Loss: 0.2207 | Val Time Loss: 0.1110 | Val Bce: 0.1652 | F1: 0.549 | Prec: 0.80 | Rec: 0.42
Epoch 16 | Val Loss: 0.2042 | Val Time Loss: 0.1060 | Val Bce: 0.1512 | F1: 0.639 | Prec: 0.74 | Rec: 0.56
Epoch 17 | Val Loss: 0.2113 | Val Time Loss: 0.1061 | Val Bce: 0.1582 | F1: 0.623 | Prec: 0.74 | Rec: 0.54
Epoch 18 | Val Loss: 0.2101 | Val Time Loss: 0.1117 | Val Bce: 0.1542 | F1: 0.604 | Prec: 0.77 | Rec: 0.50

Early stopping triggered at epoch 18

Testing on hold-out set...
Calibrated T = 1.4341
Final Test -> F1: 0.657 | Precision: 0.85 | Recall: 0.54
Recommended Threshold (FPR ≤ 5%): 0.5247 → TPR: 0.475, FPR: 0.049
============================================================
THRESHOLD OPTIMIZATION REPORT
============================================================
Area Under ROC Curve (ROC-AUC): 0.7752
Recommended Threshold (Youden's J): 0.4935
Recommended Threshold (Maximize F1):  0.4564 -> Max F1: 0.7136
------------------------------------------------------------

Classification Report using default threshold (0.500):
              precision    recall  f1-score   support

         0.0      0.648     0.901     0.754       365
         1.0      0.851     0.535     0.657       385

    accuracy                          0.713       750
   macro avg      0.749     0.718     0.705       750
weighted avg      0.752     0.713     0.704       750


Classification Report using optimized F1 threshold (0.456):
              precision    recall  f1-score   support

         0.0      0.702     0.652     0.676       365
         1.0      0.691     0.738     0.714       385

    accuracy                          0.696       750
   macro avg      0.697     0.695     0.695       750
weighted avg      0.696     0.696     0.695       750


Classification Report using minimised FPR threshold (0.5247):
              precision    recall  f1-score   support

         0.0      0.632     0.951     0.759       365
         1.0      0.910     0.475     0.625       385

    accuracy                          0.707       750
   macro avg      0.771     0.713     0.692       750
weighted avg      0.775     0.707     0.690       750

============================================================
Best Threshold -> 0.4563809633255005
Historical false-positive alert timesteps: 0 / 780
============================================================
DYNAMIC CALIBRATION REPORT FOR TARGET REGION
============================================================
A. LATENT SDE SYSTEM CONFIG:
   sigma (Noise Intensity)        : 0.49747
   strat_decay (Damping factor)   : 1.15497
   meso_decay (Dissipation rate)  : 1.45041
------------------------------------------------------------
B. OBSERVATION BASELINES & SWINGS:
   temp     -> Baseline Mean:    5.445 | Physical Swing (±1σ): 1.8918
   salt     -> Baseline Mean:   34.902 | Physical Swing (±1σ): 0.1933
   ssh      -> Baseline Mean:   -1.425 | Physical Swing (±1σ): 0.0677
   u_curr   -> Baseline Mean:   -0.049 | Physical Swing (±1σ): 0.0355
   v_curr   -> Baseline Mean:    0.003 | Physical Swing (±1σ): 0.0507
============================================================
Generating synthetic dataset...
Fitting scaler on training subset...
Scaler successfully fitted across training pool data.
Scaler statistics exported to 'scalers/synthetic_channel_scaler_13.pkl'

Starting Training...
Epoch 01 | Val Loss: 0.2232 | Val Time Loss: 0.1225 | Val Bce: 0.1619 | F1: 0.605 | Prec: 0.77 | Rec: 0.50
Epoch 02 | Val Loss: 0.2182 | Val Time Loss: 0.1219 | Val Bce: 0.1572 | F1: 0.661 | Prec: 0.66 | Rec: 0.66
Epoch 03 | Val Loss: 0.2126 | Val Time Loss: 0.1171 | Val Bce: 0.1541 | F1: 0.582 | Prec: 0.88 | Rec: 0.43
Epoch 04 | Val Loss: 0.2052 | Val Time Loss: 0.1120 | Val Bce: 0.1492 | F1: 0.655 | Prec: 0.72 | Rec: 0.60
Epoch 05 | Val Loss: 0.1957 | Val Time Loss: 0.1075 | Val Bce: 0.1419 | F1: 0.669 | Prec: 0.74 | Rec: 0.61
Epoch 06 | Val Loss: 0.2088 | Val Time Loss: 0.1104 | Val Bce: 0.1536 | F1: 0.553 | Prec: 0.91 | Rec: 0.40
Epoch 07 | Val Loss: 0.2044 | Val Time Loss: 0.1077 | Val Bce: 0.1506 | F1: 0.669 | Prec: 0.72 | Rec: 0.63
Epoch 08 | Val Loss: 0.2073 | Val Time Loss: 0.1084 | Val Bce: 0.1531 | F1: 0.573 | Prec: 0.85 | Rec: 0.43
Epoch 09 | Val Loss: 0.2036 | Val Time Loss: 0.1074 | Val Bce: 0.1499 | F1: 0.578 | Prec: 0.85 | Rec: 0.44
Epoch 10 | Val Loss: 0.1993 | Val Time Loss: 0.1043 | Val Bce: 0.1472 | F1: 0.637 | Prec: 0.79 | Rec: 0.54
Epoch 11 | Val Loss: 0.1925 | Val Time Loss: 0.1038 | Val Bce: 0.1406 | F1: 0.602 | Prec: 0.80 | Rec: 0.48
Epoch 12 | Val Loss: 0.2015 | Val Time Loss: 0.1088 | Val Bce: 0.1471 | F1: 0.591 | Prec: 0.88 | Rec: 0.45
Epoch 13 | Val Loss: 0.2021 | Val Time Loss: 0.1096 | Val Bce: 0.1473 | F1: 0.609 | Prec: 0.81 | Rec: 0.49
Epoch 14 | Val Loss: 0.2009 | Val Time Loss: 0.1062 | Val Bce: 0.1478 | F1: 0.647 | Prec: 0.74 | Rec: 0.57
Epoch 15 | Val Loss: 0.1935 | Val Time Loss: 0.1030 | Val Bce: 0.1420 | F1: 0.614 | Prec: 0.82 | Rec: 0.49
Epoch 16 | Val Loss: 0.2011 | Val Time Loss: 0.1052 | Val Bce: 0.1485 | F1: 0.599 | Prec: 0.84 | Rec: 0.46
Epoch 17 | Val Loss: 0.1936 | Val Time Loss: 0.1043 | Val Bce: 0.1414 | F1: 0.608 | Prec: 0.80 | Rec: 0.49
Epoch 18 | Val Loss: 0.1948 | Val Time Loss: 0.1036 | Val Bce: 0.1430 | F1: 0.633 | Prec: 0.77 | Rec: 0.54
Epoch 19 | Val Loss: 0.2063 | Val Time Loss: 0.1042 | Val Bce: 0.1542 | F1: 0.618 | Prec: 0.82 | Rec: 0.50
Epoch 20 | Val Loss: 0.1977 | Val Time Loss: 0.1035 | Val Bce: 0.1460 | F1: 0.645 | Prec: 0.78 | Rec: 0.55
Epoch 21 | Val Loss: 0.2014 | Val Time Loss: 0.1051 | Val Bce: 0.1488 | F1: 0.630 | Prec: 0.80 | Rec: 0.52

Early stopping triggered at epoch 21

Testing on hold-out set...
Calibrated T = 1.4222
Final Test -> F1: 0.649 | Precision: 0.89 | Recall: 0.51
Recommended Threshold (FPR ≤ 5%): 0.5164 → TPR: 0.468, FPR: 0.047
============================================================
THRESHOLD OPTIMIZATION REPORT
============================================================
Area Under ROC Curve (ROC-AUC): 0.7832
Recommended Threshold (Youden's J): 0.4797
Recommended Threshold (Maximize F1):  0.4363 -> Max F1: 0.7273
------------------------------------------------------------

Classification Report using default threshold (0.500):
              precision    recall  f1-score   support

         0.0      0.644     0.937     0.763       365
         1.0      0.895     0.509     0.649       385

    accuracy                          0.717       750
   macro avg      0.770     0.723     0.706       750
weighted avg      0.773     0.717     0.705       750


Classification Report using optimized F1 threshold (0.436):
              precision    recall  f1-score   support

         0.0      0.726     0.616     0.667       365
         1.0      0.682     0.779     0.727       385

    accuracy                          0.700       750
   macro avg      0.704     0.698     0.697       750
weighted avg      0.703     0.700     0.698       750


Classification Report using minimised FPR threshold (0.5164):
              precision    recall  f1-score   support

         0.0      0.629     0.953     0.758       365
         1.0      0.914     0.468     0.619       385

    accuracy                          0.704       750
   macro avg      0.772     0.710     0.688       750
weighted avg      0.775     0.704     0.687       750

============================================================
Best Threshold -> 0.43626344203948975
Historical false-positive alert timesteps: 0 / 780
============================================================
DYNAMIC CALIBRATION REPORT FOR TARGET REGION
============================================================
A. LATENT SDE SYSTEM CONFIG:
   sigma (Noise Intensity)        : 0.52107
   strat_decay (Damping factor)   : 0.72146
   meso_decay (Dissipation rate)  : 1.57104
------------------------------------------------------------
B. OBSERVATION BASELINES & SWINGS:
   temp     -> Baseline Mean:    5.526 | Physical Swing (±1σ): 1.8451
   salt     -> Baseline Mean:   34.894 | Physical Swing (±1σ): 0.1953
   ssh      -> Baseline Mean:   -1.401 | Physical Swing (±1σ): 0.0635
   u_curr   -> Baseline Mean:   -0.057 | Physical Swing (±1σ): 0.0371
   v_curr   -> Baseline Mean:   -0.008 | Physical Swing (±1σ): 0.0497
============================================================
Generating synthetic dataset...
Fitting scaler on training subset...
Scaler successfully fitted across training pool data.
Scaler statistics exported to 'scalers/synthetic_channel_scaler_14.pkl'

Starting Training...
Epoch 01 | Val Loss: 0.2233 | Val Time Loss: 0.1155 | Val Bce: 0.1655 | F1: 0.608 | Prec: 0.78 | Rec: 0.50
Epoch 02 | Val Loss: 0.2213 | Val Time Loss: 0.1160 | Val Bce: 0.1633 | F1: 0.615 | Prec: 0.83 | Rec: 0.49
Epoch 03 | Val Loss: 0.1971 | Val Time Loss: 0.1093 | Val Bce: 0.1425 | F1: 0.672 | Prec: 0.75 | Rec: 0.61
Epoch 04 | Val Loss: 0.2015 | Val Time Loss: 0.1099 | Val Bce: 0.1465 | F1: 0.625 | Prec: 0.79 | Rec: 0.52
Epoch 05 | Val Loss: 0.2047 | Val Time Loss: 0.1082 | Val Bce: 0.1506 | F1: 0.575 | Prec: 0.83 | Rec: 0.44
Epoch 06 | Val Loss: 0.2008 | Val Time Loss: 0.1098 | Val Bce: 0.1459 | F1: 0.641 | Prec: 0.79 | Rec: 0.54
Epoch 07 | Val Loss: 0.2282 | Val Time Loss: 0.1151 | Val Bce: 0.1706 | F1: 0.486 | Prec: 0.96 | Rec: 0.33
Epoch 08 | Val Loss: 0.2000 | Val Time Loss: 0.1093 | Val Bce: 0.1453 | F1: 0.658 | Prec: 0.77 | Rec: 0.58
Epoch 09 | Val Loss: 0.1957 | Val Time Loss: 0.1051 | Val Bce: 0.1431 | F1: 0.612 | Prec: 0.80 | Rec: 0.49
Epoch 10 | Val Loss: 0.1966 | Val Time Loss: 0.1062 | Val Bce: 0.1435 | F1: 0.616 | Prec: 0.80 | Rec: 0.50
Epoch 11 | Val Loss: 0.1970 | Val Time Loss: 0.1092 | Val Bce: 0.1424 | F1: 0.640 | Prec: 0.75 | Rec: 0.56
Epoch 12 | Val Loss: 0.1960 | Val Time Loss: 0.1066 | Val Bce: 0.1427 | F1: 0.617 | Prec: 0.82 | Rec: 0.50
Epoch 13 | Val Loss: 0.2070 | Val Time Loss: 0.1062 | Val Bce: 0.1539 | F1: 0.637 | Prec: 0.77 | Rec: 0.54
Epoch 14 | Val Loss: 0.2028 | Val Time Loss: 0.1056 | Val Bce: 0.1500 | F1: 0.654 | Prec: 0.74 | Rec: 0.59
Epoch 15 | Val Loss: 0.2032 | Val Time Loss: 0.1057 | Val Bce: 0.1504 | F1: 0.658 | Prec: 0.75 | Rec: 0.58
Epoch 16 | Val Loss: 0.2086 | Val Time Loss: 0.1047 | Val Bce: 0.1562 | F1: 0.616 | Prec: 0.81 | Rec: 0.50
Epoch 17 | Val Loss: 0.2006 | Val Time Loss: 0.1055 | Val Bce: 0.1479 | F1: 0.639 | Prec: 0.78 | Rec: 0.54
Epoch 18 | Val Loss: 0.2045 | Val Time Loss: 0.1066 | Val Bce: 0.1512 | F1: 0.648 | Prec: 0.77 | Rec: 0.56
Epoch 19 | Val Loss: 0.1987 | Val Time Loss: 0.1052 | Val Bce: 0.1461 | F1: 0.615 | Prec: 0.83 | Rec: 0.49

Early stopping triggered at epoch 19

Testing on hold-out set...
Calibrated T = 1.4283
Final Test -> F1: 0.643 | Precision: 0.90 | Recall: 0.50
Recommended Threshold (FPR ≤ 5%): 0.5132 → TPR: 0.473, FPR: 0.047
============================================================
THRESHOLD OPTIMIZATION REPORT
============================================================
Area Under ROC Curve (ROC-AUC): 0.7763
Recommended Threshold (Youden's J): 0.4808
Recommended Threshold (Maximize F1):  0.4564 -> Max F1: 0.7132
------------------------------------------------------------

Classification Report using default threshold (0.500):
              precision    recall  f1-score   support

         0.0      0.641     0.940     0.762       365
         1.0      0.898     0.501     0.643       385

    accuracy                          0.715       750
   macro avg      0.769     0.721     0.703       750
weighted avg      0.773     0.715     0.701       750


Classification Report using optimized F1 threshold (0.456):
              precision    recall  f1-score   support

         0.0      0.698     0.690     0.694       365
         1.0      0.710     0.717     0.713       385

    accuracy                          0.704       750
   macro avg      0.704     0.704     0.704       750
weighted avg      0.704     0.704     0.704       750


Classification Report using minimised FPR threshold (0.5132):
              precision    recall  f1-score   support

         0.0      0.632     0.953     0.760       365
         1.0      0.915     0.473     0.623       385

    accuracy                          0.707       750
   macro avg      0.773     0.713     0.692       750
weighted avg      0.777     0.707     0.690       750

============================================================
Best Threshold -> 0.4564199447631836
Historical false-positive alert timesteps: 0 / 780
============================================================
DYNAMIC CALIBRATION REPORT FOR TARGET REGION
============================================================
A. LATENT SDE SYSTEM CONFIG:
   sigma (Noise Intensity)        : 0.58784
   strat_decay (Damping factor)   : 0.70776
   meso_decay (Dissipation rate)  : 1.43730
------------------------------------------------------------
B. OBSERVATION BASELINES & SWINGS:
   temp     -> Baseline Mean:    5.478 | Physical Swing (±1σ): 1.7967
   salt     -> Baseline Mean:   34.898 | Physical Swing (±1σ): 0.2192
   ssh      -> Baseline Mean:   -1.391 | Physical Swing (±1σ): 0.0622
   u_curr   -> Baseline Mean:   -0.045 | Physical Swing (±1σ): 0.0358
   v_curr   -> Baseline Mean:   -0.009 | Physical Swing (±1σ): 0.0480
============================================================
Generating synthetic dataset...
Fitting scaler on training subset...
Scaler successfully fitted across training pool data.
Scaler statistics exported to 'scalers/synthetic_channel_scaler_15.pkl'

Starting Training...
Epoch 01 | Val Loss: 0.2229 | Val Time Loss: 0.1199 | Val Bce: 0.1630 | F1: 0.618 | Prec: 0.77 | Rec: 0.52
Epoch 02 | Val Loss: 0.2136 | Val Time Loss: 0.1171 | Val Bce: 0.1550 | F1: 0.659 | Prec: 0.65 | Rec: 0.67
Epoch 03 | Val Loss: 0.2151 | Val Time Loss: 0.1101 | Val Bce: 0.1600 | F1: 0.594 | Prec: 0.80 | Rec: 0.47
Epoch 04 | Val Loss: 0.2101 | Val Time Loss: 0.1201 | Val Bce: 0.1501 | F1: 0.674 | Prec: 0.67 | Rec: 0.68
Epoch 05 | Val Loss: 0.2193 | Val Time Loss: 0.1152 | Val Bce: 0.1617 | F1: 0.526 | Prec: 0.88 | Rec: 0.38
Epoch 06 | Val Loss: 0.2037 | Val Time Loss: 0.1106 | Val Bce: 0.1484 | F1: 0.628 | Prec: 0.76 | Rec: 0.53
Epoch 07 | Val Loss: 0.2176 | Val Time Loss: 0.1247 | Val Bce: 0.1552 | F1: 0.560 | Prec: 0.82 | Rec: 0.43
Epoch 08 | Val Loss: 0.1981 | Val Time Loss: 0.1050 | Val Bce: 0.1457 | F1: 0.627 | Prec: 0.75 | Rec: 0.54
Epoch 09 | Val Loss: 0.2001 | Val Time Loss: 0.1098 | Val Bce: 0.1453 | F1: 0.612 | Prec: 0.80 | Rec: 0.50
Epoch 10 | Val Loss: 0.2067 | Val Time Loss: 0.1145 | Val Bce: 0.1494 | F1: 0.552 | Prec: 0.83 | Rec: 0.41
Epoch 11 | Val Loss: 0.2021 | Val Time Loss: 0.1095 | Val Bce: 0.1474 | F1: 0.607 | Prec: 0.79 | Rec: 0.49
Epoch 12 | Val Loss: 0.2028 | Val Time Loss: 0.1106 | Val Bce: 0.1475 | F1: 0.571 | Prec: 0.80 | Rec: 0.45
Epoch 13 | Val Loss: 0.1996 | Val Time Loss: 0.1072 | Val Bce: 0.1460 | F1: 0.572 | Prec: 0.80 | Rec: 0.45
Epoch 14 | Val Loss: 0.2032 | Val Time Loss: 0.1091 | Val Bce: 0.1486 | F1: 0.596 | Prec: 0.81 | Rec: 0.47
Epoch 15 | Val Loss: 0.2078 | Val Time Loss: 0.1099 | Val Bce: 0.1528 | F1: 0.544 | Prec: 0.84 | Rec: 0.40
Epoch 16 | Val Loss: 0.1962 | Val Time Loss: 0.1049 | Val Bce: 0.1437 | F1: 0.628 | Prec: 0.79 | Rec: 0.52
Epoch 17 | Val Loss: 0.2013 | Val Time Loss: 0.1062 | Val Bce: 0.1482 | F1: 0.618 | Prec: 0.77 | Rec: 0.52
Epoch 18 | Val Loss: 0.2104 | Val Time Loss: 0.1056 | Val Bce: 0.1576 | F1: 0.631 | Prec: 0.75 | Rec: 0.55
Epoch 19 | Val Loss: 0.2027 | Val Time Loss: 0.1074 | Val Bce: 0.1490 | F1: 0.651 | Prec: 0.72 | Rec: 0.60
Epoch 20 | Val Loss: 0.2095 | Val Time Loss: 0.1111 | Val Bce: 0.1539 | F1: 0.654 | Prec: 0.71 | Rec: 0.61
Epoch 21 | Val Loss: 0.2074 | Val Time Loss: 0.1087 | Val Bce: 0.1530 | F1: 0.637 | Prec: 0.77 | Rec: 0.54
Epoch 22 | Val Loss: 0.2062 | Val Time Loss: 0.1058 | Val Bce: 0.1533 | F1: 0.645 | Prec: 0.77 | Rec: 0.56
Epoch 23 | Val Loss: 0.2000 | Val Time Loss: 0.1076 | Val Bce: 0.1461 | F1: 0.644 | Prec: 0.74 | Rec: 0.57
Epoch 24 | Val Loss: 0.2083 | Val Time Loss: 0.1065 | Val Bce: 0.1550 | F1: 0.619 | Prec: 0.76 | Rec: 0.52
Epoch 25 | Val Loss: 0.2031 | Val Time Loss: 0.1054 | Val Bce: 0.1504 | F1: 0.638 | Prec: 0.75 | Rec: 0.56
Epoch 26 | Val Loss: 0.2053 | Val Time Loss: 0.1066 | Val Bce: 0.1520 | F1: 0.635 | Prec: 0.75 | Rec: 0.55

Early stopping triggered at epoch 26

Testing on hold-out set...
Calibrated T = 1.4356
Final Test -> F1: 0.641 | Precision: 0.84 | Recall: 0.52
Recommended Threshold (FPR ≤ 5%): 0.5196 → TPR: 0.457, FPR: 0.047
============================================================
THRESHOLD OPTIMIZATION REPORT
============================================================
Area Under ROC Curve (ROC-AUC): 0.7621
Recommended Threshold (Youden's J): 0.4972
Recommended Threshold (Maximize F1):  0.4698 -> Max F1: 0.7075
------------------------------------------------------------

Classification Report using default threshold (0.500):
              precision    recall  f1-score   support

         0.0      0.638     0.899     0.746       365
         1.0      0.843     0.517     0.641       385

    accuracy                          0.703       750
   macro avg      0.741     0.708     0.694       750
weighted avg      0.743     0.703     0.692       750


Classification Report using optimized F1 threshold (0.470):
              precision    recall  f1-score   support

         0.0      0.693     0.668     0.681       365
         1.0      0.696     0.719     0.708       385

    accuracy                          0.695       750
   macro avg      0.695     0.694     0.694       750
weighted avg      0.695     0.695     0.694       750


Classification Report using minimised FPR threshold (0.5196):
              precision    recall  f1-score   support

         0.0      0.625     0.953     0.755       365
         1.0      0.912     0.457     0.609       385

    accuracy                          0.699       750
   macro avg      0.768     0.705     0.682       750
weighted avg      0.772     0.699     0.680       750

============================================================
Best Threshold -> 0.4697985351085663
Historical false-positive alert timesteps: 0 / 780
============================================================
DYNAMIC CALIBRATION REPORT FOR TARGET REGION
============================================================
A. LATENT SDE SYSTEM CONFIG:
   sigma (Noise Intensity)        : 0.56959
   strat_decay (Damping factor)   : 0.90666
   meso_decay (Dissipation rate)  : 1.30165
------------------------------------------------------------
B. OBSERVATION BASELINES & SWINGS:
   temp     -> Baseline Mean:    5.458 | Physical Swing (±1σ): 1.8717
   salt     -> Baseline Mean:   34.811 | Physical Swing (±1σ): 0.2352
   ssh      -> Baseline Mean:   -1.397 | Physical Swing (±1σ): 0.0587
   u_curr   -> Baseline Mean:   -0.044 | Physical Swing (±1σ): 0.0376
   v_curr   -> Baseline Mean:   -0.002 | Physical Swing (±1σ): 0.0481
============================================================
Generating synthetic dataset...
Fitting scaler on training subset...
Scaler successfully fitted across training pool data.
Scaler statistics exported to 'scalers/synthetic_channel_scaler_16.pkl'

Starting Training...
Epoch 01 | Val Loss: 0.2195 | Val Time Loss: 0.1215 | Val Bce: 0.1588 | F1: 0.629 | Prec: 0.68 | Rec: 0.58
Epoch 02 | Val Loss: 0.2320 | Val Time Loss: 0.1236 | Val Bce: 0.1702 | F1: 0.555 | Prec: 0.87 | Rec: 0.41
Epoch 03 | Val Loss: 0.2105 | Val Time Loss: 0.1159 | Val Bce: 0.1526 | F1: 0.615 | Prec: 0.76 | Rec: 0.51
Epoch 04 | Val Loss: 0.2058 | Val Time Loss: 0.1144 | Val Bce: 0.1486 | F1: 0.593 | Prec: 0.81 | Rec: 0.47
Epoch 05 | Val Loss: 0.2030 | Val Time Loss: 0.1118 | Val Bce: 0.1471 | F1: 0.652 | Prec: 0.71 | Rec: 0.60
Epoch 06 | Val Loss: 0.2125 | Val Time Loss: 0.1085 | Val Bce: 0.1583 | F1: 0.552 | Prec: 0.86 | Rec: 0.41
Epoch 07 | Val Loss: 0.2032 | Val Time Loss: 0.1086 | Val Bce: 0.1489 | F1: 0.619 | Prec: 0.76 | Rec: 0.52
Epoch 08 | Val Loss: 0.2028 | Val Time Loss: 0.1118 | Val Bce: 0.1469 | F1: 0.596 | Prec: 0.79 | Rec: 0.48
Epoch 09 | Val Loss: 0.2123 | Val Time Loss: 0.1244 | Val Bce: 0.1502 | F1: 0.602 | Prec: 0.76 | Rec: 0.50
Epoch 10 | Val Loss: 0.2013 | Val Time Loss: 0.1109 | Val Bce: 0.1458 | F1: 0.668 | Prec: 0.73 | Rec: 0.62
Epoch 11 | Val Loss: 0.2109 | Val Time Loss: 0.1096 | Val Bce: 0.1561 | F1: 0.564 | Prec: 0.83 | Rec: 0.43
Epoch 12 | Val Loss: 0.2073 | Val Time Loss: 0.1087 | Val Bce: 0.1529 | F1: 0.636 | Prec: 0.75 | Rec: 0.55
Epoch 13 | Val Loss: 0.1991 | Val Time Loss: 0.1096 | Val Bce: 0.1443 | F1: 0.577 | Prec: 0.79 | Rec: 0.45
Epoch 14 | Val Loss: 0.2067 | Val Time Loss: 0.1105 | Val Bce: 0.1514 | F1: 0.634 | Prec: 0.74 | Rec: 0.55
Epoch 15 | Val Loss: 0.1991 | Val Time Loss: 0.1035 | Val Bce: 0.1474 | F1: 0.666 | Prec: 0.69 | Rec: 0.65
Epoch 16 | Val Loss: 0.2283 | Val Time Loss: 0.1123 | Val Bce: 0.1722 | F1: 0.552 | Prec: 0.86 | Rec: 0.41
Epoch 17 | Val Loss: 0.2030 | Val Time Loss: 0.1089 | Val Bce: 0.1486 | F1: 0.619 | Prec: 0.76 | Rec: 0.52
Epoch 18 | Val Loss: 0.2120 | Val Time Loss: 0.1086 | Val Bce: 0.1577 | F1: 0.578 | Prec: 0.83 | Rec: 0.44
Epoch 19 | Val Loss: 0.2008 | Val Time Loss: 0.1083 | Val Bce: 0.1466 | F1: 0.631 | Prec: 0.74 | Rec: 0.55
Epoch 20 | Val Loss: 0.2148 | Val Time Loss: 0.1163 | Val Bce: 0.1567 | F1: 0.597 | Prec: 0.78 | Rec: 0.48
Epoch 21 | Val Loss: 0.2036 | Val Time Loss: 0.1082 | Val Bce: 0.1495 | F1: 0.645 | Prec: 0.73 | Rec: 0.58
Epoch 22 | Val Loss: 0.2175 | Val Time Loss: 0.1119 | Val Bce: 0.1615 | F1: 0.631 | Prec: 0.71 | Rec: 0.57
Epoch 23 | Val Loss: 0.2137 | Val Time Loss: 0.1103 | Val Bce: 0.1586 | F1: 0.616 | Prec: 0.72 | Rec: 0.54

Early stopping triggered at epoch 23

Testing on hold-out set...
Calibrated T = 1.4328
Final Test -> F1: 0.629 | Precision: 0.87 | Recall: 0.49
Recommended Threshold (FPR ≤ 5%): 0.5159 → TPR: 0.447, FPR: 0.047
============================================================
THRESHOLD OPTIMIZATION REPORT
============================================================
Area Under ROC Curve (ROC-AUC): 0.7679
Recommended Threshold (Youden's J): 0.4872
Recommended Threshold (Maximize F1):  0.4574 -> Max F1: 0.7093
------------------------------------------------------------

Classification Report using default threshold (0.500):
              precision    recall  f1-score   support

         0.0      0.633     0.921     0.750       365
         1.0      0.868     0.494     0.629       385

    accuracy                          0.701       750
   macro avg      0.750     0.707     0.690       750
weighted avg      0.753     0.701     0.688       750


Classification Report using optimized F1 threshold (0.457):
              precision    recall  f1-score   support

         0.0      0.697     0.644     0.670       365
         1.0      0.685     0.735     0.709       385

    accuracy                          0.691       750
   macro avg      0.691     0.689     0.689       750
weighted avg      0.691     0.691     0.690       750


Classification Report using minimised FPR threshold (0.5159):
              precision    recall  f1-score   support

         0.0      0.620     0.953     0.752       365
         1.0      0.910     0.447     0.599       385

    accuracy                          0.693       750
   macro avg      0.765     0.700     0.675       750
weighted avg      0.769     0.693     0.673       750

============================================================
Best Threshold -> 0.4574161469936371
Historical false-positive alert timesteps: 66 / 780
============================================================
DYNAMIC CALIBRATION REPORT FOR TARGET REGION
============================================================
A. LATENT SDE SYSTEM CONFIG:
   sigma (Noise Intensity)        : 0.58531
   strat_decay (Damping factor)   : 1.05531
   meso_decay (Dissipation rate)  : 1.38407
------------------------------------------------------------
B. OBSERVATION BASELINES & SWINGS:
   temp     -> Baseline Mean:    5.166 | Physical Swing (±1σ): 1.8793
   salt     -> Baseline Mean:   34.827 | Physical Swing (±1σ): 0.2262
   ssh      -> Baseline Mean:   -1.403 | Physical Swing (±1σ): 0.0548
   u_curr   -> Baseline Mean:   -0.043 | Physical Swing (±1σ): 0.0365
   v_curr   -> Baseline Mean:   -0.017 | Physical Swing (±1σ): 0.0530
============================================================
Generating synthetic dataset...
Fitting scaler on training subset...
Scaler successfully fitted across training pool data.
Scaler statistics exported to 'scalers/synthetic_channel_scaler_17.pkl'

Starting Training...
Epoch 01 | Val Loss: 0.2235 | Val Time Loss: 0.1224 | Val Bce: 0.1623 | F1: 0.606 | Prec: 0.72 | Rec: 0.52
Epoch 02 | Val Loss: 0.2170 | Val Time Loss: 0.1195 | Val Bce: 0.1572 | F1: 0.609 | Prec: 0.76 | Rec: 0.51
Epoch 03 | Val Loss: 0.2121 | Val Time Loss: 0.1181 | Val Bce: 0.1531 | F1: 0.590 | Prec: 0.77 | Rec: 0.48
Epoch 04 | Val Loss: 0.2094 | Val Time Loss: 0.1111 | Val Bce: 0.1538 | F1: 0.615 | Prec: 0.73 | Rec: 0.53
Epoch 05 | Val Loss: 0.2097 | Val Time Loss: 0.1139 | Val Bce: 0.1527 | F1: 0.669 | Prec: 0.70 | Rec: 0.64
Epoch 06 | Val Loss: 0.2063 | Val Time Loss: 0.1152 | Val Bce: 0.1487 | F1: 0.685 | Prec: 0.73 | Rec: 0.65
Epoch 07 | Val Loss: 0.2142 | Val Time Loss: 0.1155 | Val Bce: 0.1564 | F1: 0.667 | Prec: 0.66 | Rec: 0.67
Epoch 08 | Val Loss: 0.2133 | Val Time Loss: 0.1158 | Val Bce: 0.1554 | F1: 0.561 | Prec: 0.79 | Rec: 0.43
Epoch 09 | Val Loss: 0.2180 | Val Time Loss: 0.1117 | Val Bce: 0.1621 | F1: 0.634 | Prec: 0.73 | Rec: 0.56
Epoch 10 | Val Loss: 0.2102 | Val Time Loss: 0.1118 | Val Bce: 0.1543 | F1: 0.683 | Prec: 0.68 | Rec: 0.69
Epoch 11 | Val Loss: 0.2103 | Val Time Loss: 0.1117 | Val Bce: 0.1545 | F1: 0.679 | Prec: 0.67 | Rec: 0.69
Epoch 12 | Val Loss: 0.2023 | Val Time Loss: 0.1102 | Val Bce: 0.1472 | F1: 0.658 | Prec: 0.75 | Rec: 0.59
Epoch 13 | Val Loss: 0.1997 | Val Time Loss: 0.1059 | Val Bce: 0.1468 | F1: 0.646 | Prec: 0.74 | Rec: 0.57
Epoch 14 | Val Loss: 0.2124 | Val Time Loss: 0.1084 | Val Bce: 0.1582 | F1: 0.613 | Prec: 0.75 | Rec: 0.52
Epoch 15 | Val Loss: 0.2083 | Val Time Loss: 0.1073 | Val Bce: 0.1547 | F1: 0.635 | Prec: 0.75 | Rec: 0.55
Epoch 16 | Val Loss: 0.2083 | Val Time Loss: 0.1043 | Val Bce: 0.1562 | F1: 0.613 | Prec: 0.75 | Rec: 0.52
Epoch 17 | Val Loss: 0.1959 | Val Time Loss: 0.1037 | Val Bce: 0.1440 | F1: 0.629 | Prec: 0.75 | Rec: 0.54
Epoch 18 | Val Loss: 0.2145 | Val Time Loss: 0.1050 | Val Bce: 0.1620 | F1: 0.665 | Prec: 0.68 | Rec: 0.65
Epoch 19 | Val Loss: 0.2212 | Val Time Loss: 0.1064 | Val Bce: 0.1680 | F1: 0.663 | Prec: 0.69 | Rec: 0.64
Epoch 20 | Val Loss: 0.2157 | Val Time Loss: 0.1071 | Val Bce: 0.1622 | F1: 0.648 | Prec: 0.68 | Rec: 0.62
Epoch 21 | Val Loss: 0.2146 | Val Time Loss: 0.1046 | Val Bce: 0.1623 | F1: 0.626 | Prec: 0.71 | Rec: 0.56
Epoch 22 | Val Loss: 0.2299 | Val Time Loss: 0.1076 | Val Bce: 0.1761 | F1: 0.650 | Prec: 0.70 | Rec: 0.61
Epoch 23 | Val Loss: 0.2186 | Val Time Loss: 0.1087 | Val Bce: 0.1643 | F1: 0.649 | Prec: 0.71 | Rec: 0.60
Epoch 24 | Val Loss: 0.2197 | Val Time Loss: 0.1084 | Val Bce: 0.1655 | F1: 0.650 | Prec: 0.68 | Rec: 0.62
Epoch 25 | Val Loss: 0.2247 | Val Time Loss: 0.1046 | Val Bce: 0.1725 | F1: 0.672 | Prec: 0.66 | Rec: 0.69
Epoch 26 | Val Loss: 0.2213 | Val Time Loss: 0.1107 | Val Bce: 0.1660 | F1: 0.676 | Prec: 0.67 | Rec: 0.68
Epoch 27 | Val Loss: 0.2200 | Val Time Loss: 0.1038 | Val Bce: 0.1681 | F1: 0.605 | Prec: 0.72 | Rec: 0.52

Early stopping triggered at epoch 27

Testing on hold-out set...
Calibrated T = 1.4356
Final Test -> F1: 0.657 | Precision: 0.82 | Recall: 0.55
Recommended Threshold (FPR ≤ 5%): 0.5254 → TPR: 0.455, FPR: 0.049
============================================================
THRESHOLD OPTIMIZATION REPORT
============================================================
Area Under ROC Curve (ROC-AUC): 0.7603
Recommended Threshold (Youden's J): 0.5013
Recommended Threshold (Maximize F1):  0.4720 -> Max F1: 0.7070
------------------------------------------------------------

Classification Report using default threshold (0.500):
              precision    recall  f1-score   support

         0.0      0.647     0.868     0.742       365
         1.0      0.815     0.551     0.657       385

    accuracy                          0.705       750
   macro avg      0.731     0.710     0.699       750
weighted avg      0.733     0.705     0.698       750


Classification Report using optimized F1 threshold (0.472):
              precision    recall  f1-score   support

         0.0      0.696     0.622     0.657       365
         1.0      0.675     0.743     0.707       385

    accuracy                          0.684       750
   macro avg      0.685     0.682     0.682       750
weighted avg      0.685     0.684     0.683       750


Classification Report using minimised FPR threshold (0.5254):
              precision    recall  f1-score   support

         0.0      0.623     0.951     0.753       365
         1.0      0.907     0.455     0.606       385

    accuracy                          0.696       750
   macro avg      0.765     0.703     0.679       750
weighted avg      0.769     0.696     0.677       750

============================================================
Best Threshold -> 0.471994012594223
Historical false-positive alert timesteps: 162 / 780
============================================================
DYNAMIC CALIBRATION REPORT FOR TARGET REGION
============================================================
A. LATENT SDE SYSTEM CONFIG:
   sigma (Noise Intensity)        : 0.53409
   strat_decay (Damping factor)   : 0.77758
   meso_decay (Dissipation rate)  : 1.44774
------------------------------------------------------------
B. OBSERVATION BASELINES & SWINGS:
   temp     -> Baseline Mean:    5.213 | Physical Swing (±1σ): 1.8086
   salt     -> Baseline Mean:   34.791 | Physical Swing (±1σ): 0.2042
   ssh      -> Baseline Mean:   -1.390 | Physical Swing (±1σ): 0.0571
   u_curr   -> Baseline Mean:   -0.047 | Physical Swing (±1σ): 0.0373
   v_curr   -> Baseline Mean:   -0.012 | Physical Swing (±1σ): 0.0504
============================================================
Generating synthetic dataset...
Fitting scaler on training subset...
Scaler successfully fitted across training pool data.
Scaler statistics exported to 'scalers/synthetic_channel_scaler_18.pkl'

Starting Training...
Epoch 01 | Val Loss: 0.2070 | Val Time Loss: 0.1190 | Val Bce: 0.1475 | F1: 0.617 | Prec: 0.78 | Rec: 0.51
Epoch 02 | Val Loss: 0.2048 | Val Time Loss: 0.1194 | Val Bce: 0.1451 | F1: 0.631 | Prec: 0.79 | Rec: 0.53
Epoch 03 | Val Loss: 0.2041 | Val Time Loss: 0.1098 | Val Bce: 0.1492 | F1: 0.667 | Prec: 0.71 | Rec: 0.63
Epoch 04 | Val Loss: 0.2087 | Val Time Loss: 0.1154 | Val Bce: 0.1510 | F1: 0.589 | Prec: 0.82 | Rec: 0.46
Epoch 05 | Val Loss: 0.2114 | Val Time Loss: 0.1183 | Val Bce: 0.1523 | F1: 0.656 | Prec: 0.72 | Rec: 0.61
Epoch 06 | Val Loss: 0.1964 | Val Time Loss: 0.1070 | Val Bce: 0.1429 | F1: 0.665 | Prec: 0.73 | Rec: 0.61
Epoch 07 | Val Loss: 0.1984 | Val Time Loss: 0.1122 | Val Bce: 0.1423 | F1: 0.647 | Prec: 0.77 | Rec: 0.56
Epoch 08 | Val Loss: 0.2017 | Val Time Loss: 0.1133 | Val Bce: 0.1451 | F1: 0.625 | Prec: 0.82 | Rec: 0.51
Epoch 09 | Val Loss: 0.2032 | Val Time Loss: 0.1116 | Val Bce: 0.1474 | F1: 0.673 | Prec: 0.70 | Rec: 0.65
Epoch 10 | Val Loss: 0.1944 | Val Time Loss: 0.1080 | Val Bce: 0.1403 | F1: 0.660 | Prec: 0.78 | Rec: 0.57
Epoch 11 | Val Loss: 0.2090 | Val Time Loss: 0.1079 | Val Bce: 0.1551 | F1: 0.672 | Prec: 0.70 | Rec: 0.65
Epoch 12 | Val Loss: 0.2056 | Val Time Loss: 0.1098 | Val Bce: 0.1507 | F1: 0.554 | Prec: 0.86 | Rec: 0.41
Epoch 13 | Val Loss: 0.1974 | Val Time Loss: 0.1069 | Val Bce: 0.1440 | F1: 0.640 | Prec: 0.77 | Rec: 0.55
Epoch 14 | Val Loss: 0.1999 | Val Time Loss: 0.1066 | Val Bce: 0.1466 | F1: 0.688 | Prec: 0.71 | Rec: 0.67
Epoch 15 | Val Loss: 0.1985 | Val Time Loss: 0.1047 | Val Bce: 0.1462 | F1: 0.660 | Prec: 0.76 | Rec: 0.58
Epoch 16 | Val Loss: 0.2214 | Val Time Loss: 0.1098 | Val Bce: 0.1664 | F1: 0.634 | Prec: 0.79 | Rec: 0.53
Epoch 17 | Val Loss: 0.1977 | Val Time Loss: 0.1055 | Val Bce: 0.1449 | F1: 0.643 | Prec: 0.77 | Rec: 0.55
Epoch 18 | Val Loss: 0.2066 | Val Time Loss: 0.1114 | Val Bce: 0.1509 | F1: 0.630 | Prec: 0.79 | Rec: 0.53
Epoch 19 | Val Loss: 0.2170 | Val Time Loss: 0.1084 | Val Bce: 0.1628 | F1: 0.654 | Prec: 0.76 | Rec: 0.57
Epoch 20 | Val Loss: 0.2181 | Val Time Loss: 0.1053 | Val Bce: 0.1654 | F1: 0.676 | Prec: 0.68 | Rec: 0.68

Early stopping triggered at epoch 20

Testing on hold-out set...
Calibrated T = 1.4237
Final Test -> F1: 0.680 | Precision: 0.84 | Recall: 0.57
Recommended Threshold (FPR ≤ 5%): 0.5293 → TPR: 0.486, FPR: 0.049
============================================================
THRESHOLD OPTIMIZATION REPORT
============================================================
Area Under ROC Curve (ROC-AUC): 0.7786
Recommended Threshold (Youden's J): 0.5011
Recommended Threshold (Maximize F1):  0.4604 -> Max F1: 0.7218
------------------------------------------------------------

Classification Report using default threshold (0.500):
              precision    recall  f1-score   support

         0.0      0.662     0.885     0.757       365
         1.0      0.840     0.571     0.680       385

    accuracy                          0.724       750
   macro avg      0.751     0.728     0.719       750
weighted avg      0.753     0.724     0.718       750


Classification Report using optimized F1 threshold (0.460):
              precision    recall  f1-score   support

         0.0      0.721     0.595     0.652       365
         1.0      0.670     0.782     0.722       385

    accuracy                          0.691       750
   macro avg      0.696     0.688     0.687       750
weighted avg      0.695     0.691     0.688       750


Classification Report using minimised FPR threshold (0.5293):
              precision    recall  f1-score   support

         0.0      0.637     0.951     0.763       365
         1.0      0.912     0.486     0.634       385

    accuracy                          0.712       750
   macro avg      0.774     0.718     0.698       750
weighted avg      0.778     0.712     0.697       750

============================================================
Best Threshold -> 0.4604201316833496
Historical false-positive alert timesteps: 82 / 780
============================================================
DYNAMIC CALIBRATION REPORT FOR TARGET REGION
============================================================
A. LATENT SDE SYSTEM CONFIG:
   sigma (Noise Intensity)        : 0.53405
   strat_decay (Damping factor)   : 1.05758
   meso_decay (Dissipation rate)  : 1.32068
------------------------------------------------------------
B. OBSERVATION BASELINES & SWINGS:
   temp     -> Baseline Mean:    5.140 | Physical Swing (±1σ): 1.7918
   salt     -> Baseline Mean:   34.819 | Physical Swing (±1σ): 0.2102
   ssh      -> Baseline Mean:   -1.408 | Physical Swing (±1σ): 0.0630
   u_curr   -> Baseline Mean:   -0.040 | Physical Swing (±1σ): 0.0364
   v_curr   -> Baseline Mean:   -0.004 | Physical Swing (±1σ): 0.0473
============================================================
Generating synthetic dataset...
Fitting scaler on training subset...
Scaler successfully fitted across training pool data.
Scaler statistics exported to 'scalers/synthetic_channel_scaler_19.pkl'

Starting Training...
Epoch 01 | Val Loss: 0.2150 | Val Time Loss: 0.1238 | Val Bce: 0.1531 | F1: 0.619 | Prec: 0.75 | Rec: 0.53
Epoch 02 | Val Loss: 0.2178 | Val Time Loss: 0.1178 | Val Bce: 0.1589 | F1: 0.639 | Prec: 0.71 | Rec: 0.58
Epoch 03 | Val Loss: 0.2104 | Val Time Loss: 0.1147 | Val Bce: 0.1530 | F1: 0.561 | Prec: 0.86 | Rec: 0.42
Epoch 04 | Val Loss: 0.2401 | Val Time Loss: 0.1255 | Val Bce: 0.1773 | F1: 0.667 | Prec: 0.66 | Rec: 0.67
Epoch 05 | Val Loss: 0.2091 | Val Time Loss: 0.1187 | Val Bce: 0.1498 | F1: 0.608 | Prec: 0.77 | Rec: 0.50
Epoch 06 | Val Loss: 0.2089 | Val Time Loss: 0.1137 | Val Bce: 0.1520 | F1: 0.661 | Prec: 0.72 | Rec: 0.61
Epoch 07 | Val Loss: 0.2106 | Val Time Loss: 0.1159 | Val Bce: 0.1527 | F1: 0.563 | Prec: 0.83 | Rec: 0.43
Epoch 08 | Val Loss: 0.1981 | Val Time Loss: 0.1131 | Val Bce: 0.1416 | F1: 0.606 | Prec: 0.77 | Rec: 0.50
Epoch 09 | Val Loss: 0.2048 | Val Time Loss: 0.1107 | Val Bce: 0.1495 | F1: 0.560 | Prec: 0.82 | Rec: 0.42
Epoch 10 | Val Loss: 0.2036 | Val Time Loss: 0.1114 | Val Bce: 0.1479 | F1: 0.597 | Prec: 0.77 | Rec: 0.49
Epoch 11 | Val Loss: 0.1964 | Val Time Loss: 0.1082 | Val Bce: 0.1424 | F1: 0.584 | Prec: 0.84 | Rec: 0.45
Epoch 12 | Val Loss: 0.1996 | Val Time Loss: 0.1053 | Val Bce: 0.1469 | F1: 0.526 | Prec: 0.90 | Rec: 0.37
Epoch 13 | Val Loss: 0.1979 | Val Time Loss: 0.1051 | Val Bce: 0.1453 | F1: 0.619 | Prec: 0.76 | Rec: 0.52
Epoch 14 | Val Loss: 0.2023 | Val Time Loss: 0.1064 | Val Bce: 0.1490 | F1: 0.567 | Prec: 0.85 | Rec: 0.42
Epoch 15 | Val Loss: 0.1959 | Val Time Loss: 0.1070 | Val Bce: 0.1424 | F1: 0.641 | Prec: 0.74 | Rec: 0.57
Epoch 16 | Val Loss: 0.2073 | Val Time Loss: 0.1082 | Val Bce: 0.1532 | F1: 0.654 | Prec: 0.75 | Rec: 0.58
Epoch 17 | Val Loss: 0.1973 | Val Time Loss: 0.1065 | Val Bce: 0.1440 | F1: 0.617 | Prec: 0.76 | Rec: 0.52
Epoch 18 | Val Loss: 0.1987 | Val Time Loss: 0.1082 | Val Bce: 0.1446 | F1: 0.632 | Prec: 0.73 | Rec: 0.55
Epoch 19 | Val Loss: 0.1995 | Val Time Loss: 0.1051 | Val Bce: 0.1469 | F1: 0.619 | Prec: 0.75 | Rec: 0.53
Epoch 20 | Val Loss: 0.2071 | Val Time Loss: 0.1105 | Val Bce: 0.1519 | F1: 0.636 | Prec: 0.75 | Rec: 0.55
Epoch 21 | Val Loss: 0.2057 | Val Time Loss: 0.1080 | Val Bce: 0.1517 | F1: 0.606 | Prec: 0.79 | Rec: 0.49
Epoch 22 | Val Loss: 0.2017 | Val Time Loss: 0.1063 | Val Bce: 0.1485 | F1: 0.626 | Prec: 0.76 | Rec: 0.53
Epoch 23 | Val Loss: 0.2007 | Val Time Loss: 0.1056 | Val Bce: 0.1479 | F1: 0.595 | Prec: 0.76 | Rec: 0.49
Epoch 24 | Val Loss: 0.2059 | Val Time Loss: 0.1060 | Val Bce: 0.1529 | F1: 0.674 | Prec: 0.71 | Rec: 0.64
Epoch 25 | Val Loss: 0.2085 | Val Time Loss: 0.1069 | Val Bce: 0.1550 | F1: 0.666 | Prec: 0.72 | Rec: 0.62

Early stopping triggered at epoch 25

Testing on hold-out set...
Calibrated T = 1.4270
Final Test -> F1: 0.689 | Precision: 0.83 | Recall: 0.59
Recommended Threshold (FPR ≤ 5%): 0.5294 → TPR: 0.483, FPR: 0.049
============================================================
THRESHOLD OPTIMIZATION REPORT
============================================================
Area Under ROC Curve (ROC-AUC): 0.7827
Recommended Threshold (Youden's J): 0.5057
Recommended Threshold (Maximize F1):  0.4768 -> Max F1: 0.7147
------------------------------------------------------------

Classification Report using default threshold (0.500):
              precision    recall  f1-score   support

         0.0      0.668     0.877     0.758       365
         1.0      0.834     0.587     0.689       385

    accuracy                          0.728       750
   macro avg      0.751     0.732     0.724       750
weighted avg      0.753     0.728     0.723       750


Classification Report using optimized F1 threshold (0.477):
              precision    recall  f1-score   support

         0.0      0.698     0.710     0.704       365
         1.0      0.720     0.709     0.715       385

    accuracy                          0.709       750
   macro avg      0.709     0.709     0.709       750
weighted avg      0.710     0.709     0.709       750


Classification Report using minimised FPR threshold (0.5294):
              precision    recall  f1-score   support

         0.0      0.636     0.951     0.762       365
         1.0      0.912     0.483     0.632       385

    accuracy                          0.711       750
   macro avg      0.774     0.717     0.697       750
weighted avg      0.777     0.711     0.695       750

============================================================
Best Threshold -> 0.4767581820487976
Historical false-positive alert timesteps: 67 / 780
============================================================
DYNAMIC CALIBRATION REPORT FOR TARGET REGION
============================================================
A. LATENT SDE SYSTEM CONFIG:
   sigma (Noise Intensity)        : 0.49336
   strat_decay (Damping factor)   : 0.78626
   meso_decay (Dissipation rate)  : 1.43673
------------------------------------------------------------
B. OBSERVATION BASELINES & SWINGS:
   temp     -> Baseline Mean:    5.085 | Physical Swing (±1σ): 1.8892
   salt     -> Baseline Mean:   34.745 | Physical Swing (±1σ): 0.2051
   ssh      -> Baseline Mean:   -1.411 | Physical Swing (±1σ): 0.0645
   u_curr   -> Baseline Mean:   -0.051 | Physical Swing (±1σ): 0.0338
   v_curr   -> Baseline Mean:   -0.017 | Physical Swing (±1σ): 0.0473
============================================================
Generating synthetic dataset...
Fitting scaler on training subset...
Scaler successfully fitted across training pool data.
Scaler statistics exported to 'scalers/synthetic_channel_scaler_20.pkl'

Starting Training...
Epoch 01 | Val Loss: 0.2412 | Val Time Loss: 0.1150 | Val Bce: 0.1837 | F1: 0.547 | Prec: 0.85 | Rec: 0.40
Epoch 02 | Val Loss: 0.2372 | Val Time Loss: 0.1169 | Val Bce: 0.1788 | F1: 0.509 | Prec: 0.92 | Rec: 0.35
Epoch 03 | Val Loss: 0.2072 | Val Time Loss: 0.1089 | Val Bce: 0.1528 | F1: 0.600 | Prec: 0.82 | Rec: 0.47
Epoch 04 | Val Loss: 0.2236 | Val Time Loss: 0.1184 | Val Bce: 0.1644 | F1: 0.548 | Prec: 0.90 | Rec: 0.39
Epoch 05 | Val Loss: 0.1999 | Val Time Loss: 0.1105 | Val Bce: 0.1446 | F1: 0.629 | Prec: 0.79 | Rec: 0.52
Epoch 06 | Val Loss: 0.2013 | Val Time Loss: 0.1079 | Val Bce: 0.1473 | F1: 0.572 | Prec: 0.86 | Rec: 0.43
Epoch 07 | Val Loss: 0.1977 | Val Time Loss: 0.1074 | Val Bce: 0.1440 | F1: 0.633 | Prec: 0.80 | Rec: 0.52
Epoch 08 | Val Loss: 0.1977 | Val Time Loss: 0.1057 | Val Bce: 0.1449 | F1: 0.640 | Prec: 0.81 | Rec: 0.53
Epoch 09 | Val Loss: 0.1952 | Val Time Loss: 0.1093 | Val Bce: 0.1405 | F1: 0.651 | Prec: 0.77 | Rec: 0.57
Epoch 10 | Val Loss: 0.1958 | Val Time Loss: 0.1069 | Val Bce: 0.1423 | F1: 0.624 | Prec: 0.80 | Rec: 0.51
Epoch 11 | Val Loss: 0.2036 | Val Time Loss: 0.1096 | Val Bce: 0.1488 | F1: 0.595 | Prec: 0.88 | Rec: 0.45
Epoch 12 | Val Loss: 0.1977 | Val Time Loss: 0.1064 | Val Bce: 0.1445 | F1: 0.625 | Prec: 0.81 | Rec: 0.51
Epoch 13 | Val Loss: 0.1943 | Val Time Loss: 0.1014 | Val Bce: 0.1436 | F1: 0.669 | Prec: 0.76 | Rec: 0.60
Epoch 14 | Val Loss: 0.1952 | Val Time Loss: 0.1017 | Val Bce: 0.1443 | F1: 0.640 | Prec: 0.79 | Rec: 0.54
Epoch 15 | Val Loss: 0.2003 | Val Time Loss: 0.1048 | Val Bce: 0.1479 | F1: 0.666 | Prec: 0.75 | Rec: 0.60
Epoch 16 | Val Loss: 0.1985 | Val Time Loss: 0.1114 | Val Bce: 0.1427 | F1: 0.620 | Prec: 0.83 | Rec: 0.50
Epoch 17 | Val Loss: 0.1935 | Val Time Loss: 0.1034 | Val Bce: 0.1418 | F1: 0.644 | Prec: 0.80 | Rec: 0.54
Epoch 18 | Val Loss: 0.1965 | Val Time Loss: 0.1039 | Val Bce: 0.1446 | F1: 0.635 | Prec: 0.80 | Rec: 0.53
Epoch 19 | Val Loss: 0.2000 | Val Time Loss: 0.1035 | Val Bce: 0.1483 | F1: 0.593 | Prec: 0.86 | Rec: 0.45
Epoch 20 | Val Loss: 0.2000 | Val Time Loss: 0.1078 | Val Bce: 0.1462 | F1: 0.605 | Prec: 0.84 | Rec: 0.47
Epoch 21 | Val Loss: 0.2070 | Val Time Loss: 0.1059 | Val Bce: 0.1541 | F1: 0.588 | Prec: 0.89 | Rec: 0.44
Epoch 22 | Val Loss: 0.2033 | Val Time Loss: 0.1044 | Val Bce: 0.1511 | F1: 0.628 | Prec: 0.80 | Rec: 0.51
Epoch 23 | Val Loss: 0.2134 | Val Time Loss: 0.1072 | Val Bce: 0.1598 | F1: 0.587 | Prec: 0.88 | Rec: 0.44
Epoch 24 | Val Loss: 0.2015 | Val Time Loss: 0.1037 | Val Bce: 0.1496 | F1: 0.611 | Prec: 0.85 | Rec: 0.48
Epoch 25 | Val Loss: 0.2009 | Val Time Loss: 0.1019 | Val Bce: 0.1499 | F1: 0.634 | Prec: 0.81 | Rec: 0.52
Epoch 26 | Val Loss: 0.2096 | Val Time Loss: 0.1041 | Val Bce: 0.1576 | F1: 0.619 | Prec: 0.82 | Rec: 0.50
Epoch 27 | Val Loss: 0.1983 | Val Time Loss: 0.1013 | Val Bce: 0.1476 | F1: 0.648 | Prec: 0.78 | Rec: 0.55

Early stopping triggered at epoch 27

Testing on hold-out set...
Calibrated T = 1.4215
Final Test -> F1: 0.653 | Precision: 0.87 | Recall: 0.52
Recommended Threshold (FPR ≤ 5%): 0.5240 → TPR: 0.486, FPR: 0.049
============================================================
THRESHOLD OPTIMIZATION REPORT
============================================================
Area Under ROC Curve (ROC-AUC): 0.7662
Recommended Threshold (Youden's J): 0.4929
Recommended Threshold (Maximize F1):  0.4431 -> Max F1: 0.7035
------------------------------------------------------------

Classification Report using default threshold (0.500):
              precision    recall  f1-score   support

         0.0      0.645     0.918     0.758       365
         1.0      0.870     0.522     0.653       385

    accuracy                          0.715       750
   macro avg      0.758     0.720     0.705       750
weighted avg      0.761     0.715     0.704       750


Classification Report using optimized F1 threshold (0.443):
              precision    recall  f1-score   support

         0.0      0.698     0.545     0.612       365
         1.0      0.643     0.777     0.704       385

    accuracy                          0.664       750
   macro avg      0.671     0.661     0.658       750
weighted avg      0.670     0.664     0.659       750


Classification Report using minimised FPR threshold (0.5240):
              precision    recall  f1-score   support

         0.0      0.637     0.951     0.763       365
         1.0      0.912     0.486     0.634       385

    accuracy                          0.712       750
   macro avg      0.774     0.718     0.698       750
weighted avg      0.778     0.712     0.697       750

============================================================
Best Threshold -> 0.4431467354297638
Historical false-positive alert timesteps: 0 / 780
============================================================
DYNAMIC CALIBRATION REPORT FOR TARGET REGION
============================================================
A. LATENT SDE SYSTEM CONFIG:
   sigma (Noise Intensity)        : 0.52643
   strat_decay (Damping factor)   : 1.04691
   meso_decay (Dissipation rate)  : 1.38349
------------------------------------------------------------
B. OBSERVATION BASELINES & SWINGS:
   temp     -> Baseline Mean:    5.560 | Physical Swing (±1σ): 1.8374
   salt     -> Baseline Mean:   34.880 | Physical Swing (±1σ): 0.1953
   ssh      -> Baseline Mean:   -1.373 | Physical Swing (±1σ): 0.0643
   u_curr   -> Baseline Mean:   -0.051 | Physical Swing (±1σ): 0.0375
   v_curr   -> Baseline Mean:   -0.009 | Physical Swing (±1σ): 0.0490
============================================================
Generating synthetic dataset...
Fitting scaler on training subset...
Scaler successfully fitted across training pool data.
Scaler statistics exported to 'scalers/synthetic_channel_scaler_21.pkl'

Starting Training...
Epoch 01 | Val Loss: 0.2099 | Val Time Loss: 0.1178 | Val Bce: 0.1510 | F1: 0.617 | Prec: 0.79 | Rec: 0.51
Epoch 02 | Val Loss: 0.2155 | Val Time Loss: 0.1186 | Val Bce: 0.1562 | F1: 0.623 | Prec: 0.77 | Rec: 0.53
Epoch 03 | Val Loss: 0.2216 | Val Time Loss: 0.1175 | Val Bce: 0.1629 | F1: 0.578 | Prec: 0.86 | Rec: 0.43
Epoch 04 | Val Loss: 0.2186 | Val Time Loss: 0.1165 | Val Bce: 0.1603 | F1: 0.530 | Prec: 0.88 | Rec: 0.38
Epoch 05 | Val Loss: 0.2037 | Val Time Loss: 0.1125 | Val Bce: 0.1475 | F1: 0.637 | Prec: 0.74 | Rec: 0.56
Epoch 06 | Val Loss: 0.2022 | Val Time Loss: 0.1146 | Val Bce: 0.1449 | F1: 0.608 | Prec: 0.78 | Rec: 0.50
Epoch 07 | Val Loss: 0.2107 | Val Time Loss: 0.1122 | Val Bce: 0.1546 | F1: 0.595 | Prec: 0.81 | Rec: 0.47
Epoch 08 | Val Loss: 0.2051 | Val Time Loss: 0.1104 | Val Bce: 0.1499 | F1: 0.635 | Prec: 0.74 | Rec: 0.56
Epoch 09 | Val Loss: 0.2009 | Val Time Loss: 0.1119 | Val Bce: 0.1450 | F1: 0.674 | Prec: 0.67 | Rec: 0.68
Epoch 10 | Val Loss: 0.2042 | Val Time Loss: 0.1116 | Val Bce: 0.1484 | F1: 0.620 | Prec: 0.77 | Rec: 0.52
Epoch 11 | Val Loss: 0.1981 | Val Time Loss: 0.1086 | Val Bce: 0.1438 | F1: 0.634 | Prec: 0.73 | Rec: 0.56
Epoch 12 | Val Loss: 0.1988 | Val Time Loss: 0.1090 | Val Bce: 0.1443 | F1: 0.626 | Prec: 0.77 | Rec: 0.53
Epoch 13 | Val Loss: 0.2070 | Val Time Loss: 0.1132 | Val Bce: 0.1504 | F1: 0.623 | Prec: 0.80 | Rec: 0.51
Epoch 14 | Val Loss: 0.2030 | Val Time Loss: 0.1074 | Val Bce: 0.1493 | F1: 0.657 | Prec: 0.72 | Rec: 0.60
Epoch 15 | Val Loss: 0.2091 | Val Time Loss: 0.1081 | Val Bce: 0.1551 | F1: 0.674 | Prec: 0.71 | Rec: 0.65
Epoch 16 | Val Loss: 0.2044 | Val Time Loss: 0.1060 | Val Bce: 0.1513 | F1: 0.641 | Prec: 0.75 | Rec: 0.56
Epoch 17 | Val Loss: 0.2318 | Val Time Loss: 0.1081 | Val Bce: 0.1777 | F1: 0.578 | Prec: 0.85 | Rec: 0.44
Epoch 18 | Val Loss: 0.1968 | Val Time Loss: 0.1055 | Val Bce: 0.1440 | F1: 0.650 | Prec: 0.73 | Rec: 0.58
Epoch 19 | Val Loss: 0.2035 | Val Time Loss: 0.1063 | Val Bce: 0.1503 | F1: 0.614 | Prec: 0.75 | Rec: 0.52
Epoch 20 | Val Loss: 0.2002 | Val Time Loss: 0.1051 | Val Bce: 0.1476 | F1: 0.600 | Prec: 0.77 | Rec: 0.49
Epoch 21 | Val Loss: 0.2181 | Val Time Loss: 0.1079 | Val Bce: 0.1641 | F1: 0.602 | Prec: 0.74 | Rec: 0.51
Epoch 22 | Val Loss: 0.2031 | Val Time Loss: 0.1042 | Val Bce: 0.1510 | F1: 0.596 | Prec: 0.77 | Rec: 0.49
Epoch 23 | Val Loss: 0.2084 | Val Time Loss: 0.1061 | Val Bce: 0.1554 | F1: 0.610 | Prec: 0.77 | Rec: 0.50
Epoch 24 | Val Loss: 0.2108 | Val Time Loss: 0.1049 | Val Bce: 0.1584 | F1: 0.610 | Prec: 0.77 | Rec: 0.51
Epoch 25 | Val Loss: 0.2089 | Val Time Loss: 0.1064 | Val Bce: 0.1556 | F1: 0.615 | Prec: 0.76 | Rec: 0.52
Epoch 26 | Val Loss: 0.2085 | Val Time Loss: 0.1052 | Val Bce: 0.1559 | F1: 0.628 | Prec: 0.74 | Rec: 0.54
Epoch 27 | Val Loss: 0.2235 | Val Time Loss: 0.1051 | Val Bce: 0.1710 | F1: 0.606 | Prec: 0.78 | Rec: 0.50
Epoch 28 | Val Loss: 0.2107 | Val Time Loss: 0.1060 | Val Bce: 0.1576 | F1: 0.604 | Prec: 0.80 | Rec: 0.49

Early stopping triggered at epoch 28

Testing on hold-out set...
Calibrated T = 1.4304
Final Test -> F1: 0.670 | Precision: 0.81 | Recall: 0.57
Recommended Threshold (FPR ≤ 5%): 0.5386 → TPR: 0.486, FPR: 0.049
============================================================
THRESHOLD OPTIMIZATION REPORT
============================================================
Area Under ROC Curve (ROC-AUC): 0.7816
Recommended Threshold (Youden's J): 0.5164
Recommended Threshold (Maximize F1):  0.4591 -> Max F1: 0.7199
------------------------------------------------------------

Classification Report using default threshold (0.500):
              precision    recall  f1-score   support

         0.0      0.655     0.858     0.743       365
         1.0      0.809     0.571     0.670       385

    accuracy                          0.711       750
   macro avg      0.732     0.714     0.706       750
weighted avg      0.734     0.711     0.705       750


Classification Report using optimized F1 threshold (0.459):
              precision    recall  f1-score   support

         0.0      0.727     0.540     0.619       365
         1.0      0.649     0.808     0.720       385

    accuracy                          0.677       750
   macro avg      0.688     0.674     0.670       750
weighted avg      0.687     0.677     0.671       750


Classification Report using minimised FPR threshold (0.5386):
              precision    recall  f1-score   support

         0.0      0.637     0.951     0.763       365
         1.0      0.912     0.486     0.634       385

    accuracy                          0.712       750
   macro avg      0.774     0.718     0.698       750
weighted avg      0.778     0.712     0.697       750

============================================================
Best Threshold -> 0.45909854769706726
Historical false-positive alert timesteps: 121 / 780
============================================================
DYNAMIC CALIBRATION REPORT FOR TARGET REGION
============================================================
A. LATENT SDE SYSTEM CONFIG:
   sigma (Noise Intensity)        : 0.51189
   strat_decay (Damping factor)   : 0.87521
   meso_decay (Dissipation rate)  : 1.40128
------------------------------------------------------------
B. OBSERVATION BASELINES & SWINGS:
   temp     -> Baseline Mean:    5.585 | Physical Swing (±1σ): 1.8146
   salt     -> Baseline Mean:   34.887 | Physical Swing (±1σ): 0.2183
   ssh      -> Baseline Mean:   -1.346 | Physical Swing (±1σ): 0.0698
   u_curr   -> Baseline Mean:   -0.045 | Physical Swing (±1σ): 0.0389
   v_curr   -> Baseline Mean:   -0.010 | Physical Swing (±1σ): 0.0472
============================================================
Generating synthetic dataset...
Fitting scaler on training subset...
Scaler successfully fitted across training pool data.
Scaler statistics exported to 'scalers/synthetic_channel_scaler_22.pkl'

Starting Training...
Epoch 01 | Val Loss: 0.2153 | Val Time Loss: 0.1184 | Val Bce: 0.1561 | F1: 0.635 | Prec: 0.75 | Rec: 0.55
Epoch 02 | Val Loss: 0.2020 | Val Time Loss: 0.1160 | Val Bce: 0.1440 | F1: 0.628 | Prec: 0.76 | Rec: 0.54
Epoch 03 | Val Loss: 0.2099 | Val Time Loss: 0.1156 | Val Bce: 0.1521 | F1: 0.571 | Prec: 0.84 | Rec: 0.43
Epoch 04 | Val Loss: 0.2453 | Val Time Loss: 0.1149 | Val Bce: 0.1879 | F1: 0.442 | Prec: 0.98 | Rec: 0.29
Epoch 05 | Val Loss: 0.2046 | Val Time Loss: 0.1123 | Val Bce: 0.1484 | F1: 0.557 | Prec: 0.87 | Rec: 0.41
Epoch 06 | Val Loss: 0.2040 | Val Time Loss: 0.1113 | Val Bce: 0.1483 | F1: 0.557 | Prec: 0.90 | Rec: 0.40
Epoch 07 | Val Loss: 0.1975 | Val Time Loss: 0.1125 | Val Bce: 0.1413 | F1: 0.621 | Prec: 0.81 | Rec: 0.50
Epoch 08 | Val Loss: 0.2022 | Val Time Loss: 0.1103 | Val Bce: 0.1471 | F1: 0.541 | Prec: 0.88 | Rec: 0.39
Epoch 09 | Val Loss: 0.2020 | Val Time Loss: 0.1065 | Val Bce: 0.1487 | F1: 0.526 | Prec: 0.90 | Rec: 0.37
Epoch 10 | Val Loss: 0.1943 | Val Time Loss: 0.1050 | Val Bce: 0.1417 | F1: 0.628 | Prec: 0.80 | Rec: 0.52
Epoch 11 | Val Loss: 0.1961 | Val Time Loss: 0.1084 | Val Bce: 0.1419 | F1: 0.603 | Prec: 0.82 | Rec: 0.48
Epoch 12 | Val Loss: 0.1954 | Val Time Loss: 0.1086 | Val Bce: 0.1411 | F1: 0.631 | Prec: 0.78 | Rec: 0.53
Epoch 13 | Val Loss: 0.2021 | Val Time Loss: 0.1081 | Val Bce: 0.1480 | F1: 0.551 | Prec: 0.89 | Rec: 0.40
Epoch 14 | Val Loss: 0.1968 | Val Time Loss: 0.1083 | Val Bce: 0.1426 | F1: 0.650 | Prec: 0.76 | Rec: 0.57
Epoch 15 | Val Loss: 0.1931 | Val Time Loss: 0.1068 | Val Bce: 0.1397 | F1: 0.641 | Prec: 0.77 | Rec: 0.55
Epoch 16 | Val Loss: 0.1992 | Val Time Loss: 0.1089 | Val Bce: 0.1448 | F1: 0.556 | Prec: 0.88 | Rec: 0.41
Epoch 17 | Val Loss: 0.1944 | Val Time Loss: 0.1037 | Val Bce: 0.1426 | F1: 0.652 | Prec: 0.75 | Rec: 0.57
Epoch 18 | Val Loss: 0.1980 | Val Time Loss: 0.1060 | Val Bce: 0.1450 | F1: 0.630 | Prec: 0.80 | Rec: 0.52
Epoch 19 | Val Loss: 0.1944 | Val Time Loss: 0.1035 | Val Bce: 0.1426 | F1: 0.628 | Prec: 0.78 | Rec: 0.53
Epoch 20 | Val Loss: 0.1940 | Val Time Loss: 0.1053 | Val Bce: 0.1413 | F1: 0.651 | Prec: 0.78 | Rec: 0.56
Epoch 21 | Val Loss: 0.1907 | Val Time Loss: 0.1037 | Val Bce: 0.1388 | F1: 0.649 | Prec: 0.78 | Rec: 0.56
Epoch 22 | Val Loss: 0.1958 | Val Time Loss: 0.1037 | Val Bce: 0.1439 | F1: 0.659 | Prec: 0.73 | Rec: 0.60
Epoch 23 | Val Loss: 0.1962 | Val Time Loss: 0.1075 | Val Bce: 0.1424 | F1: 0.622 | Prec: 0.83 | Rec: 0.50
Epoch 24 | Val Loss: 0.1952 | Val Time Loss: 0.1025 | Val Bce: 0.1439 | F1: 0.651 | Prec: 0.77 | Rec: 0.57
Epoch 25 | Val Loss: 0.1978 | Val Time Loss: 0.1085 | Val Bce: 0.1435 | F1: 0.636 | Prec: 0.79 | Rec: 0.53
Epoch 26 | Val Loss: 0.1976 | Val Time Loss: 0.1035 | Val Bce: 0.1459 | F1: 0.631 | Prec: 0.82 | Rec: 0.51
Epoch 27 | Val Loss: 0.2015 | Val Time Loss: 0.1061 | Val Bce: 0.1485 | F1: 0.635 | Prec: 0.78 | Rec: 0.53
Epoch 28 | Val Loss: 0.1976 | Val Time Loss: 0.1046 | Val Bce: 0.1453 | F1: 0.642 | Prec: 0.74 | Rec: 0.57
Epoch 29 | Val Loss: 0.2019 | Val Time Loss: 0.1030 | Val Bce: 0.1504 | F1: 0.670 | Prec: 0.69 | Rec: 0.65
Epoch 30 | Val Loss: 0.2020 | Val Time Loss: 0.1038 | Val Bce: 0.1501 | F1: 0.649 | Prec: 0.72 | Rec: 0.59
Epoch 31 | Val Loss: 0.2058 | Val Time Loss: 0.1043 | Val Bce: 0.1537 | F1: 0.643 | Prec: 0.73 | Rec: 0.57

Early stopping triggered at epoch 31

Testing on hold-out set...
Calibrated T = 1.4265
Final Test -> F1: 0.664 | Precision: 0.84 | Recall: 0.55
Recommended Threshold (FPR ≤ 5%): 0.5214 → TPR: 0.473, FPR: 0.049
============================================================
THRESHOLD OPTIMIZATION REPORT
============================================================
Area Under ROC Curve (ROC-AUC): 0.7520
Recommended Threshold (Youden's J): 0.4970
Recommended Threshold (Maximize F1):  0.4556 -> Max F1: 0.6913
------------------------------------------------------------

Classification Report using default threshold (0.500):
              precision    recall  f1-score   support

         0.0      0.651     0.890     0.752       365
         1.0      0.841     0.548     0.664       385

    accuracy                          0.715       750
   macro avg      0.746     0.719     0.708       750
weighted avg      0.748     0.715     0.707       750


Classification Report using optimized F1 threshold (0.456):
              precision    recall  f1-score   support

         0.0      0.688     0.405     0.510       365
         1.0      0.594     0.826     0.691       385

    accuracy                          0.621       750
   macro avg      0.641     0.616     0.601       750
weighted avg      0.640     0.621     0.603       750


Classification Report using minimised FPR threshold (0.5214):
              precision    recall  f1-score   support

         0.0      0.631     0.951     0.758       365
         1.0      0.910     0.473     0.622       385

    accuracy                          0.705       750
   macro avg      0.770     0.712     0.690       750
weighted avg      0.774     0.705     0.689       750

============================================================
Best Threshold -> 0.455570250749588
Historical false-positive alert timesteps: 0 / 780
============================================================
DYNAMIC CALIBRATION REPORT FOR TARGET REGION
============================================================
A. LATENT SDE SYSTEM CONFIG:
   sigma (Noise Intensity)        : 0.52719
   strat_decay (Damping factor)   : 1.01345
   meso_decay (Dissipation rate)  : 1.59351
------------------------------------------------------------
B. OBSERVATION BASELINES & SWINGS:
   temp     -> Baseline Mean:    5.463 | Physical Swing (±1σ): 1.9013
   salt     -> Baseline Mean:   34.850 | Physical Swing (±1σ): 0.1908
   ssh      -> Baseline Mean:   -1.345 | Physical Swing (±1σ): 0.0678
   u_curr   -> Baseline Mean:   -0.046 | Physical Swing (±1σ): 0.0392
   v_curr   -> Baseline Mean:   -0.005 | Physical Swing (±1σ): 0.0472
============================================================
Generating synthetic dataset...
Fitting scaler on training subset...
Scaler successfully fitted across training pool data.
Scaler statistics exported to 'scalers/synthetic_channel_scaler_23.pkl'

Starting Training...
Epoch 01 | Val Loss: 0.2377 | Val Time Loss: 0.1189 | Val Bce: 0.1782 | F1: 0.559 | Prec: 0.88 | Rec: 0.41
Epoch 02 | Val Loss: 0.2079 | Val Time Loss: 0.1152 | Val Bce: 0.1503 | F1: 0.649 | Prec: 0.74 | Rec: 0.58
Epoch 03 | Val Loss: 0.2101 | Val Time Loss: 0.1159 | Val Bce: 0.1521 | F1: 0.616 | Prec: 0.81 | Rec: 0.50
Epoch 04 | Val Loss: 0.2189 | Val Time Loss: 0.1125 | Val Bce: 0.1626 | F1: 0.568 | Prec: 0.88 | Rec: 0.42
Epoch 05 | Val Loss: 0.2005 | Val Time Loss: 0.1106 | Val Bce: 0.1452 | F1: 0.622 | Prec: 0.81 | Rec: 0.50
Epoch 06 | Val Loss: 0.2033 | Val Time Loss: 0.1092 | Val Bce: 0.1487 | F1: 0.612 | Prec: 0.83 | Rec: 0.49
Epoch 07 | Val Loss: 0.2012 | Val Time Loss: 0.1127 | Val Bce: 0.1449 | F1: 0.650 | Prec: 0.77 | Rec: 0.56
Epoch 08 | Val Loss: 0.2020 | Val Time Loss: 0.1155 | Val Bce: 0.1442 | F1: 0.575 | Prec: 0.82 | Rec: 0.44
Epoch 09 | Val Loss: 0.2028 | Val Time Loss: 0.1098 | Val Bce: 0.1479 | F1: 0.667 | Prec: 0.62 | Rec: 0.72
Epoch 10 | Val Loss: 0.2052 | Val Time Loss: 0.1088 | Val Bce: 0.1508 | F1: 0.609 | Prec: 0.82 | Rec: 0.49
Epoch 11 | Val Loss: 0.2022 | Val Time Loss: 0.1081 | Val Bce: 0.1482 | F1: 0.644 | Prec: 0.76 | Rec: 0.56
Epoch 12 | Val Loss: 0.2043 | Val Time Loss: 0.1067 | Val Bce: 0.1509 | F1: 0.665 | Prec: 0.72 | Rec: 0.62
Epoch 13 | Val Loss: 0.2064 | Val Time Loss: 0.1091 | Val Bce: 0.1519 | F1: 0.616 | Prec: 0.79 | Rec: 0.51
Epoch 14 | Val Loss: 0.2070 | Val Time Loss: 0.1082 | Val Bce: 0.1529 | F1: 0.551 | Prec: 0.89 | Rec: 0.40
Epoch 15 | Val Loss: 0.2192 | Val Time Loss: 0.1071 | Val Bce: 0.1657 | F1: 0.657 | Prec: 0.73 | Rec: 0.60

Early stopping triggered at epoch 15

Testing on hold-out set...
Calibrated T = 1.4235
Final Test -> F1: 0.656 | Precision: 0.85 | Recall: 0.53
Recommended Threshold (FPR ≤ 5%): 0.5244 → TPR: 0.470, FPR: 0.047
============================================================
THRESHOLD OPTIMIZATION REPORT
============================================================
Area Under ROC Curve (ROC-AUC): 0.7761
Recommended Threshold (Youden's J): 0.4847
Recommended Threshold (Maximize F1):  0.4295 -> Max F1: 0.7144
------------------------------------------------------------

Classification Report using default threshold (0.500):
              precision    recall  f1-score   support

         0.0      0.647     0.904     0.754       365
         1.0      0.854     0.532     0.656       385

    accuracy                          0.713       750
   macro avg      0.751     0.718     0.705       750
weighted avg      0.753     0.713     0.704       750


Classification Report using optimized F1 threshold (0.429):
              precision    recall  f1-score   support

         0.0      0.723     0.507     0.596       365
         1.0      0.636     0.816     0.714       385

    accuracy                          0.665       750
   macro avg      0.679     0.661     0.655       750
weighted avg      0.678     0.665     0.657       750


Classification Report using minimised FPR threshold (0.5244):
              precision    recall  f1-score   support

         0.0      0.630     0.953     0.759       365
         1.0      0.914     0.470     0.621       385

    accuracy                          0.705       750
   macro avg      0.772     0.712     0.690       750
weighted avg      0.776     0.705     0.688       750

============================================================
Best Threshold -> 0.429475873708725
Historical false-positive alert timesteps: 0 / 780
============================================================
DYNAMIC CALIBRATION REPORT FOR TARGET REGION
============================================================
A. LATENT SDE SYSTEM CONFIG:
   sigma (Noise Intensity)        : 0.50134
   strat_decay (Damping factor)   : 0.88209
   meso_decay (Dissipation rate)  : 1.35082
------------------------------------------------------------
B. OBSERVATION BASELINES & SWINGS:
   temp     -> Baseline Mean:    5.728 | Physical Swing (±1σ): 1.8080
   salt     -> Baseline Mean:   34.865 | Physical Swing (±1σ): 0.1880
   ssh      -> Baseline Mean:   -1.349 | Physical Swing (±1σ): 0.0619
   u_curr   -> Baseline Mean:   -0.053 | Physical Swing (±1σ): 0.0365
   v_curr   -> Baseline Mean:   -0.003 | Physical Swing (±1σ): 0.0487
============================================================
Generating synthetic dataset...
Fitting scaler on training subset...
Scaler successfully fitted across training pool data.
Scaler statistics exported to 'scalers/synthetic_channel_scaler_24.pkl'

Starting Training...
Epoch 01 | Val Loss: 0.2300 | Val Time Loss: 0.1216 | Val Bce: 0.1692 | F1: 0.529 | Prec: 0.91 | Rec: 0.37
Epoch 02 | Val Loss: 0.2069 | Val Time Loss: 0.1233 | Val Bce: 0.1452 | F1: 0.629 | Prec: 0.78 | Rec: 0.53
Epoch 03 | Val Loss: 0.2203 | Val Time Loss: 0.1184 | Val Bce: 0.1611 | F1: 0.580 | Prec: 0.82 | Rec: 0.45
Epoch 04 | Val Loss: 0.2025 | Val Time Loss: 0.1154 | Val Bce: 0.1448 | F1: 0.624 | Prec: 0.77 | Rec: 0.52
Epoch 05 | Val Loss: 0.2029 | Val Time Loss: 0.1162 | Val Bce: 0.1448 | F1: 0.600 | Prec: 0.84 | Rec: 0.47
Epoch 06 | Val Loss: 0.2016 | Val Time Loss: 0.1148 | Val Bce: 0.1442 | F1: 0.624 | Prec: 0.77 | Rec: 0.52
Epoch 07 | Val Loss: 0.2012 | Val Time Loss: 0.1159 | Val Bce: 0.1433 | F1: 0.621 | Prec: 0.81 | Rec: 0.50
Epoch 08 | Val Loss: 0.2006 | Val Time Loss: 0.1143 | Val Bce: 0.1434 | F1: 0.667 | Prec: 0.72 | Rec: 0.62
Epoch 09 | Val Loss: 0.2042 | Val Time Loss: 0.1145 | Val Bce: 0.1470 | F1: 0.643 | Prec: 0.79 | Rec: 0.54
Epoch 10 | Val Loss: 0.2031 | Val Time Loss: 0.1140 | Val Bce: 0.1461 | F1: 0.660 | Prec: 0.75 | Rec: 0.59
Epoch 11 | Val Loss: 0.1958 | Val Time Loss: 0.1095 | Val Bce: 0.1411 | F1: 0.603 | Prec: 0.80 | Rec: 0.48
Epoch 12 | Val Loss: 0.1961 | Val Time Loss: 0.1083 | Val Bce: 0.1419 | F1: 0.669 | Prec: 0.76 | Rec: 0.60
Epoch 13 | Val Loss: 0.1957 | Val Time Loss: 0.1065 | Val Bce: 0.1424 | F1: 0.644 | Prec: 0.78 | Rec: 0.55
Epoch 14 | Val Loss: 0.1956 | Val Time Loss: 0.1078 | Val Bce: 0.1417 | F1: 0.643 | Prec: 0.78 | Rec: 0.54
Epoch 15 | Val Loss: 0.2032 | Val Time Loss: 0.1076 | Val Bce: 0.1494 | F1: 0.630 | Prec: 0.76 | Rec: 0.54
Epoch 16 | Val Loss: 0.1946 | Val Time Loss: 0.1056 | Val Bce: 0.1418 | F1: 0.658 | Prec: 0.79 | Rec: 0.57
Epoch 17 | Val Loss: 0.1985 | Val Time Loss: 0.1065 | Val Bce: 0.1453 | F1: 0.625 | Prec: 0.85 | Rec: 0.50
Epoch 18 | Val Loss: 0.1994 | Val Time Loss: 0.1071 | Val Bce: 0.1459 | F1: 0.667 | Prec: 0.75 | Rec: 0.60
Epoch 19 | Val Loss: 0.2033 | Val Time Loss: 0.1077 | Val Bce: 0.1494 | F1: 0.678 | Prec: 0.70 | Rec: 0.65
Epoch 20 | Val Loss: 0.1961 | Val Time Loss: 0.1048 | Val Bce: 0.1437 | F1: 0.662 | Prec: 0.74 | Rec: 0.60
Epoch 21 | Val Loss: 0.2036 | Val Time Loss: 0.1033 | Val Bce: 0.1520 | F1: 0.658 | Prec: 0.75 | Rec: 0.58
Epoch 22 | Val Loss: 0.1992 | Val Time Loss: 0.1039 | Val Bce: 0.1472 | F1: 0.668 | Prec: 0.74 | Rec: 0.61
Epoch 23 | Val Loss: 0.2110 | Val Time Loss: 0.1054 | Val Bce: 0.1583 | F1: 0.674 | Prec: 0.64 | Rec: 0.71
Epoch 24 | Val Loss: 0.2041 | Val Time Loss: 0.1052 | Val Bce: 0.1515 | F1: 0.666 | Prec: 0.74 | Rec: 0.61
Epoch 25 | Val Loss: 0.1969 | Val Time Loss: 0.1041 | Val Bce: 0.1449 | F1: 0.652 | Prec: 0.71 | Rec: 0.60
Epoch 26 | Val Loss: 0.2021 | Val Time Loss: 0.1025 | Val Bce: 0.1508 | F1: 0.659 | Prec: 0.78 | Rec: 0.57

Early stopping triggered at epoch 26

Testing on hold-out set...
Calibrated T = 1.4212
Final Test -> F1: 0.679 | Precision: 0.86 | Recall: 0.56
Recommended Threshold (FPR ≤ 5%): 0.5250 → TPR: 0.499, FPR: 0.049
============================================================
THRESHOLD OPTIMIZATION REPORT
============================================================
Area Under ROC Curve (ROC-AUC): 0.7888
Recommended Threshold (Youden's J): 0.4855
Recommended Threshold (Maximize F1):  0.4445 -> Max F1: 0.7226
------------------------------------------------------------

Classification Report using default threshold (0.500):
              precision    recall  f1-score   support

         0.0      0.661     0.904     0.764       365
         1.0      0.861     0.561     0.679       385

    accuracy                          0.728       750
   macro avg      0.761     0.733     0.722       750
weighted avg      0.764     0.728     0.720       750


Classification Report using optimized F1 threshold (0.445):
              precision    recall  f1-score   support

         0.0      0.726     0.573     0.640       365
         1.0      0.662     0.795     0.723       385

    accuracy                          0.687       750
   macro avg      0.694     0.684     0.681       750
weighted avg      0.693     0.687     0.682       750


Classification Report using minimised FPR threshold (0.5250):
              precision    recall  f1-score   support

         0.0      0.643     0.951     0.767       365
         1.0      0.914     0.499     0.645       385

    accuracy                          0.719       750
   macro avg      0.778     0.725     0.706       750
weighted avg      0.782     0.719     0.704       750

============================================================
Best Threshold -> 0.44451406598091125
Historical false-positive alert timesteps: 0 / 780
============================================================
DYNAMIC CALIBRATION REPORT FOR TARGET REGION
============================================================
A. LATENT SDE SYSTEM CONFIG:
   sigma (Noise Intensity)        : 0.50466
   strat_decay (Damping factor)   : 0.86293
   meso_decay (Dissipation rate)  : 1.46646
------------------------------------------------------------
B. OBSERVATION BASELINES & SWINGS:
   temp     -> Baseline Mean:    5.472 | Physical Swing (±1σ): 1.8302
   salt     -> Baseline Mean:   34.883 | Physical Swing (±1σ): 0.1911
   ssh      -> Baseline Mean:   -1.369 | Physical Swing (±1σ): 0.0590
   u_curr   -> Baseline Mean:   -0.052 | Physical Swing (±1σ): 0.0369
   v_curr   -> Baseline Mean:    0.002 | Physical Swing (±1σ): 0.0462
============================================================
Generating synthetic dataset...
Fitting scaler on training subset...
Scaler successfully fitted across training pool data.
Scaler statistics exported to 'scalers/synthetic_channel_scaler_25.pkl'

Starting Training...
Epoch 01 | Val Loss: 0.2265 | Val Time Loss: 0.1196 | Val Bce: 0.1668 | F1: 0.598 | Prec: 0.78 | Rec: 0.49
Epoch 02 | Val Loss: 0.2285 | Val Time Loss: 0.1178 | Val Bce: 0.1696 | F1: 0.493 | Prec: 0.91 | Rec: 0.34
Epoch 03 | Val Loss: 0.2076 | Val Time Loss: 0.1157 | Val Bce: 0.1497 | F1: 0.611 | Prec: 0.80 | Rec: 0.49
Epoch 04 | Val Loss: 0.2243 | Val Time Loss: 0.1149 | Val Bce: 0.1669 | F1: 0.560 | Prec: 0.87 | Rec: 0.41
Epoch 05 | Val Loss: 0.2398 | Val Time Loss: 0.1115 | Val Bce: 0.1841 | F1: 0.477 | Prec: 0.94 | Rec: 0.32
Epoch 06 | Val Loss: 0.2048 | Val Time Loss: 0.1144 | Val Bce: 0.1476 | F1: 0.590 | Prec: 0.85 | Rec: 0.45
Epoch 07 | Val Loss: 0.2059 | Val Time Loss: 0.1138 | Val Bce: 0.1490 | F1: 0.642 | Prec: 0.76 | Rec: 0.56
Epoch 08 | Val Loss: 0.2045 | Val Time Loss: 0.1132 | Val Bce: 0.1479 | F1: 0.600 | Prec: 0.81 | Rec: 0.48
Epoch 09 | Val Loss: 0.2023 | Val Time Loss: 0.1117 | Val Bce: 0.1464 | F1: 0.593 | Prec: 0.85 | Rec: 0.46
Epoch 10 | Val Loss: 0.2059 | Val Time Loss: 0.1109 | Val Bce: 0.1504 | F1: 0.515 | Prec: 0.91 | Rec: 0.36
Epoch 11 | Val Loss: 0.2105 | Val Time Loss: 0.1099 | Val Bce: 0.1556 | F1: 0.590 | Prec: 0.83 | Rec: 0.46
Epoch 12 | Val Loss: 0.2068 | Val Time Loss: 0.1105 | Val Bce: 0.1515 | F1: 0.628 | Prec: 0.77 | Rec: 0.53
Epoch 13 | Val Loss: 0.2091 | Val Time Loss: 0.1105 | Val Bce: 0.1539 | F1: 0.549 | Prec: 0.86 | Rec: 0.40
Epoch 14 | Val Loss: 0.1972 | Val Time Loss: 0.1073 | Val Bce: 0.1435 | F1: 0.646 | Prec: 0.75 | Rec: 0.57
Epoch 15 | Val Loss: 0.2008 | Val Time Loss: 0.1086 | Val Bce: 0.1465 | F1: 0.621 | Prec: 0.78 | Rec: 0.52
Epoch 16 | Val Loss: 0.2010 | Val Time Loss: 0.1071 | Val Bce: 0.1474 | F1: 0.628 | Prec: 0.77 | Rec: 0.53
Epoch 17 | Val Loss: 0.1979 | Val Time Loss: 0.1067 | Val Bce: 0.1446 | F1: 0.631 | Prec: 0.77 | Rec: 0.53
Epoch 18 | Val Loss: 0.2155 | Val Time Loss: 0.1069 | Val Bce: 0.1621 | F1: 0.571 | Prec: 0.85 | Rec: 0.43
Epoch 19 | Val Loss: 0.2015 | Val Time Loss: 0.1074 | Val Bce: 0.1478 | F1: 0.656 | Prec: 0.73 | Rec: 0.59
Epoch 20 | Val Loss: 0.2043 | Val Time Loss: 0.1048 | Val Bce: 0.1518 | F1: 0.591 | Prec: 0.82 | Rec: 0.46
Epoch 21 | Val Loss: 0.2011 | Val Time Loss: 0.1049 | Val Bce: 0.1487 | F1: 0.624 | Prec: 0.76 | Rec: 0.53
Epoch 22 | Val Loss: 0.2175 | Val Time Loss: 0.1065 | Val Bce: 0.1642 | F1: 0.615 | Prec: 0.79 | Rec: 0.50
Epoch 23 | Val Loss: 0.2006 | Val Time Loss: 0.1052 | Val Bce: 0.1480 | F1: 0.594 | Prec: 0.82 | Rec: 0.47
Epoch 24 | Val Loss: 0.2008 | Val Time Loss: 0.1047 | Val Bce: 0.1485 | F1: 0.635 | Prec: 0.75 | Rec: 0.55

Early stopping triggered at epoch 24

Testing on hold-out set...
Calibrated T = 1.4311
Final Test -> F1: 0.688 | Precision: 0.84 | Recall: 0.58
Recommended Threshold (FPR ≤ 5%): 0.5466 → TPR: 0.468, FPR: 0.047
============================================================
THRESHOLD OPTIMIZATION REPORT
============================================================
Area Under ROC Curve (ROC-AUC): 0.7747
Recommended Threshold (Youden's J): 0.5003
Recommended Threshold (Maximize F1):  0.4676 -> Max F1: 0.7182
------------------------------------------------------------

Classification Report using default threshold (0.500):
              precision    recall  f1-score   support

         0.0      0.667     0.885     0.761       365
         1.0      0.842     0.582     0.688       385

    accuracy                          0.729       750
   macro avg      0.755     0.733     0.725       750
weighted avg      0.757     0.729     0.724       750


Classification Report using optimized F1 threshold (0.468):
              precision    recall  f1-score   support

         0.0      0.709     0.647     0.676       365
         1.0      0.691     0.748     0.718       385

    accuracy                          0.699       750
   macro avg      0.700     0.697     0.697       750
weighted avg      0.699     0.699     0.698       750


Classification Report using minimised FPR threshold (0.5466):
              precision    recall  f1-score   support

         0.0      0.629     0.953     0.758       365
         1.0      0.914     0.468     0.619       385

    accuracy                          0.704       750
   macro avg      0.772     0.710     0.688       750
weighted avg      0.775     0.704     0.687       750

============================================================
Best Threshold -> 0.4675748944282532
Historical false-positive alert timesteps: 64 / 780
============================================================
DYNAMIC CALIBRATION REPORT FOR TARGET REGION
============================================================
A. LATENT SDE SYSTEM CONFIG:
   sigma (Noise Intensity)        : 0.51777
   strat_decay (Damping factor)   : 0.74380
   meso_decay (Dissipation rate)  : 1.36726
------------------------------------------------------------
B. OBSERVATION BASELINES & SWINGS:
   temp     -> Baseline Mean:    5.585 | Physical Swing (±1σ): 1.8297
   salt     -> Baseline Mean:   34.895 | Physical Swing (±1σ): 0.2305
   ssh      -> Baseline Mean:   -1.328 | Physical Swing (±1σ): 0.0738
   u_curr   -> Baseline Mean:   -0.053 | Physical Swing (±1σ): 0.0385
   v_curr   -> Baseline Mean:   -0.009 | Physical Swing (±1σ): 0.0475
============================================================
Generating synthetic dataset...
Fitting scaler on training subset...
Scaler successfully fitted across training pool data.
Scaler statistics exported to 'scalers/synthetic_channel_scaler_26.pkl'

Starting Training...
Epoch 01 | Val Loss: 0.2636 | Val Time Loss: 0.1205 | Val Bce: 0.2033 | F1: 0.460 | Prec: 0.94 | Rec: 0.30
Epoch 02 | Val Loss: 0.2125 | Val Time Loss: 0.1138 | Val Bce: 0.1556 | F1: 0.596 | Prec: 0.84 | Rec: 0.46
Epoch 03 | Val Loss: 0.2167 | Val Time Loss: 0.1111 | Val Bce: 0.1612 | F1: 0.560 | Prec: 0.88 | Rec: 0.41
Epoch 04 | Val Loss: 0.2154 | Val Time Loss: 0.1166 | Val Bce: 0.1571 | F1: 0.500 | Prec: 0.93 | Rec: 0.34
Epoch 05 | Val Loss: 0.2043 | Val Time Loss: 0.1140 | Val Bce: 0.1473 | F1: 0.571 | Prec: 0.86 | Rec: 0.43
Epoch 06 | Val Loss: 0.2042 | Val Time Loss: 0.1158 | Val Bce: 0.1463 | F1: 0.674 | Prec: 0.66 | Rec: 0.68
Epoch 07 | Val Loss: 0.1982 | Val Time Loss: 0.1095 | Val Bce: 0.1434 | F1: 0.617 | Prec: 0.75 | Rec: 0.53
Epoch 08 | Val Loss: 0.2031 | Val Time Loss: 0.1100 | Val Bce: 0.1481 | F1: 0.567 | Prec: 0.83 | Rec: 0.43
Epoch 09 | Val Loss: 0.2002 | Val Time Loss: 0.1090 | Val Bce: 0.1456 | F1: 0.672 | Prec: 0.70 | Rec: 0.65
Epoch 10 | Val Loss: 0.2045 | Val Time Loss: 0.1069 | Val Bce: 0.1511 | F1: 0.551 | Prec: 0.90 | Rec: 0.40
Epoch 11 | Val Loss: 0.1954 | Val Time Loss: 0.1063 | Val Bce: 0.1422 | F1: 0.678 | Prec: 0.69 | Rec: 0.66
Epoch 12 | Val Loss: 0.1961 | Val Time Loss: 0.1076 | Val Bce: 0.1423 | F1: 0.603 | Prec: 0.83 | Rec: 0.47
Epoch 13 | Val Loss: 0.2018 | Val Time Loss: 0.1100 | Val Bce: 0.1468 | F1: 0.583 | Prec: 0.86 | Rec: 0.44
Epoch 14 | Val Loss: 0.2090 | Val Time Loss: 0.1082 | Val Bce: 0.1549 | F1: 0.598 | Prec: 0.83 | Rec: 0.47
Epoch 15 | Val Loss: 0.2031 | Val Time Loss: 0.1142 | Val Bce: 0.1460 | F1: 0.618 | Prec: 0.80 | Rec: 0.50
Epoch 16 | Val Loss: 0.2048 | Val Time Loss: 0.1103 | Val Bce: 0.1497 | F1: 0.675 | Prec: 0.74 | Rec: 0.62
Epoch 17 | Val Loss: 0.2021 | Val Time Loss: 0.1099 | Val Bce: 0.1472 | F1: 0.609 | Prec: 0.79 | Rec: 0.49
Epoch 18 | Val Loss: 0.1985 | Val Time Loss: 0.1081 | Val Bce: 0.1444 | F1: 0.611 | Prec: 0.79 | Rec: 0.50
Epoch 19 | Val Loss: 0.2001 | Val Time Loss: 0.1054 | Val Bce: 0.1474 | F1: 0.638 | Prec: 0.75 | Rec: 0.55
Epoch 20 | Val Loss: 0.2085 | Val Time Loss: 0.1173 | Val Bce: 0.1499 | F1: 0.651 | Prec: 0.75 | Rec: 0.57
Epoch 21 | Val Loss: 0.1951 | Val Time Loss: 0.1076 | Val Bce: 0.1413 | F1: 0.615 | Prec: 0.81 | Rec: 0.49
Epoch 22 | Val Loss: 0.1966 | Val Time Loss: 0.1067 | Val Bce: 0.1432 | F1: 0.640 | Prec: 0.76 | Rec: 0.55
Epoch 23 | Val Loss: 0.1975 | Val Time Loss: 0.1054 | Val Bce: 0.1448 | F1: 0.630 | Prec: 0.79 | Rec: 0.53
Epoch 24 | Val Loss: 0.2004 | Val Time Loss: 0.1072 | Val Bce: 0.1469 | F1: 0.555 | Prec: 0.89 | Rec: 0.40
Epoch 25 | Val Loss: 0.1967 | Val Time Loss: 0.1059 | Val Bce: 0.1438 | F1: 0.625 | Prec: 0.78 | Rec: 0.52
Epoch 26 | Val Loss: 0.1956 | Val Time Loss: 0.1046 | Val Bce: 0.1433 | F1: 0.658 | Prec: 0.74 | Rec: 0.59
Epoch 27 | Val Loss: 0.1953 | Val Time Loss: 0.1037 | Val Bce: 0.1434 | F1: 0.636 | Prec: 0.79 | Rec: 0.53
Epoch 28 | Val Loss: 0.2039 | Val Time Loss: 0.1055 | Val Bce: 0.1511 | F1: 0.648 | Prec: 0.77 | Rec: 0.56
Epoch 29 | Val Loss: 0.1969 | Val Time Loss: 0.1048 | Val Bce: 0.1446 | F1: 0.627 | Prec: 0.80 | Rec: 0.52
Epoch 30 | Val Loss: 0.1970 | Val Time Loss: 0.1050 | Val Bce: 0.1445 | F1: 0.656 | Prec: 0.74 | Rec: 0.59
Epoch 31 | Val Loss: 0.2027 | Val Time Loss: 0.1026 | Val Bce: 0.1514 | F1: 0.653 | Prec: 0.72 | Rec: 0.59

Early stopping triggered at epoch 31

Testing on hold-out set...
Calibrated T = 1.4254
Final Test -> F1: 0.624 | Precision: 0.88 | Recall: 0.48
Recommended Threshold (FPR ≤ 5%): 0.5143 → TPR: 0.455, FPR: 0.047
============================================================
THRESHOLD OPTIMIZATION REPORT
============================================================
Area Under ROC Curve (ROC-AUC): 0.7521
Recommended Threshold (Youden's J): 0.4977
Recommended Threshold (Maximize F1):  0.4267 -> Max F1: 0.6920
------------------------------------------------------------

Classification Report using default threshold (0.500):
              precision    recall  f1-score   support

         0.0      0.631     0.932     0.752       365
         1.0      0.882     0.483     0.624       385

    accuracy                          0.701       750
   macro avg      0.756     0.707     0.688       750
weighted avg      0.760     0.701     0.686       750


Classification Report using optimized F1 threshold (0.427):
              precision    recall  f1-score   support

         0.0      0.702     0.310     0.430       365
         1.0      0.572     0.875     0.692       385

    accuracy                          0.600       750
   macro avg      0.637     0.592     0.561       750
weighted avg      0.635     0.600     0.564       750


Classification Report using minimised FPR threshold (0.5143):
              precision    recall  f1-score   support

         0.0      0.624     0.953     0.754       365
         1.0      0.911     0.455     0.607       385

    accuracy                          0.697       750
   macro avg      0.768     0.704     0.680       750
weighted avg      0.771     0.697     0.678       750

============================================================
Best Threshold -> 0.4266747534275055
Historical false-positive alert timesteps: 0 / 780
============================================================
DYNAMIC CALIBRATION REPORT FOR TARGET REGION
============================================================
A. LATENT SDE SYSTEM CONFIG:
   sigma (Noise Intensity)        : 0.55718
   strat_decay (Damping factor)   : 0.91064
   meso_decay (Dissipation rate)  : 1.36037
------------------------------------------------------------
B. OBSERVATION BASELINES & SWINGS:
   temp     -> Baseline Mean:    5.452 | Physical Swing (±1σ): 1.9122
   salt     -> Baseline Mean:   34.881 | Physical Swing (±1σ): 0.1961
   ssh      -> Baseline Mean:   -1.372 | Physical Swing (±1σ): 0.0650
   u_curr   -> Baseline Mean:   -0.055 | Physical Swing (±1σ): 0.0346
   v_curr   -> Baseline Mean:   -0.016 | Physical Swing (±1σ): 0.0488
============================================================
Generating synthetic dataset...
Fitting scaler on training subset...
Scaler successfully fitted across training pool data.
Scaler statistics exported to 'scalers/synthetic_channel_scaler_27.pkl'

Starting Training...
Epoch 01 | Val Loss: 0.2676 | Val Time Loss: 0.1218 | Val Bce: 0.2067 | F1: 0.492 | Prec: 0.92 | Rec: 0.34
Epoch 02 | Val Loss: 0.2347 | Val Time Loss: 0.1152 | Val Bce: 0.1771 | F1: 0.590 | Prec: 0.87 | Rec: 0.45
Epoch 03 | Val Loss: 0.2210 | Val Time Loss: 0.1185 | Val Bce: 0.1618 | F1: 0.644 | Prec: 0.72 | Rec: 0.58
Epoch 04 | Val Loss: 0.2373 | Val Time Loss: 0.1162 | Val Bce: 0.1792 | F1: 0.476 | Prec: 0.91 | Rec: 0.32
Epoch 05 | Val Loss: 0.2324 | Val Time Loss: 0.1137 | Val Bce: 0.1755 | F1: 0.550 | Prec: 0.89 | Rec: 0.40
Epoch 06 | Val Loss: 0.2364 | Val Time Loss: 0.1120 | Val Bce: 0.1804 | F1: 0.471 | Prec: 0.92 | Rec: 0.32
Epoch 07 | Val Loss: 0.2096 | Val Time Loss: 0.1116 | Val Bce: 0.1538 | F1: 0.574 | Prec: 0.84 | Rec: 0.44
Epoch 08 | Val Loss: 0.2033 | Val Time Loss: 0.1107 | Val Bce: 0.1480 | F1: 0.593 | Prec: 0.81 | Rec: 0.47
Epoch 09 | Val Loss: 0.2018 | Val Time Loss: 0.1107 | Val Bce: 0.1465 | F1: 0.642 | Prec: 0.76 | Rec: 0.56
Epoch 10 | Val Loss: 0.2087 | Val Time Loss: 0.1104 | Val Bce: 0.1535 | F1: 0.598 | Prec: 0.79 | Rec: 0.48
Epoch 11 | Val Loss: 0.2118 | Val Time Loss: 0.1073 | Val Bce: 0.1581 | F1: 0.612 | Prec: 0.79 | Rec: 0.50
Epoch 12 | Val Loss: 0.2123 | Val Time Loss: 0.1085 | Val Bce: 0.1581 | F1: 0.513 | Prec: 0.89 | Rec: 0.36
Epoch 13 | Val Loss: 0.2015 | Val Time Loss: 0.1067 | Val Bce: 0.1481 | F1: 0.593 | Prec: 0.81 | Rec: 0.47
Epoch 14 | Val Loss: 0.2147 | Val Time Loss: 0.1091 | Val Bce: 0.1601 | F1: 0.587 | Prec: 0.78 | Rec: 0.47
Epoch 15 | Val Loss: 0.2231 | Val Time Loss: 0.1076 | Val Bce: 0.1694 | F1: 0.558 | Prec: 0.83 | Rec: 0.42
Epoch 16 | Val Loss: 0.2028 | Val Time Loss: 0.1062 | Val Bce: 0.1497 | F1: 0.585 | Prec: 0.79 | Rec: 0.46
Epoch 17 | Val Loss: 0.2312 | Val Time Loss: 0.1136 | Val Bce: 0.1744 | F1: 0.651 | Prec: 0.71 | Rec: 0.60
Epoch 18 | Val Loss: 0.2215 | Val Time Loss: 0.1097 | Val Bce: 0.1667 | F1: 0.573 | Prec: 0.83 | Rec: 0.44
Epoch 19 | Val Loss: 0.2034 | Val Time Loss: 0.1051 | Val Bce: 0.1508 | F1: 0.592 | Prec: 0.77 | Rec: 0.48
Epoch 20 | Val Loss: 0.2201 | Val Time Loss: 0.1095 | Val Bce: 0.1653 | F1: 0.641 | Prec: 0.72 | Rec: 0.58
Epoch 21 | Val Loss: 0.2121 | Val Time Loss: 0.1081 | Val Bce: 0.1580 | F1: 0.659 | Prec: 0.67 | Rec: 0.65
Epoch 22 | Val Loss: 0.2247 | Val Time Loss: 0.1103 | Val Bce: 0.1695 | F1: 0.571 | Prec: 0.84 | Rec: 0.43
Epoch 23 | Val Loss: 0.2072 | Val Time Loss: 0.1035 | Val Bce: 0.1555 | F1: 0.605 | Prec: 0.77 | Rec: 0.50

Early stopping triggered at epoch 23

Testing on hold-out set...
Calibrated T = 1.4316
Final Test -> F1: 0.630 | Precision: 0.89 | Recall: 0.49
Recommended Threshold (FPR ≤ 5%): 0.5146 → TPR: 0.473, FPR: 0.049
============================================================
THRESHOLD OPTIMIZATION REPORT
============================================================
Area Under ROC Curve (ROC-AUC): 0.7740
Recommended Threshold (Youden's J): 0.4639
Recommended Threshold (Maximize F1):  0.4301 -> Max F1: 0.7182
------------------------------------------------------------

Classification Report using default threshold (0.500):
              precision    recall  f1-score   support

         0.0      0.634     0.940     0.757       365
         1.0      0.895     0.486     0.630       385

    accuracy                          0.707       750
   macro avg      0.764     0.713     0.693       750
weighted avg      0.768     0.707     0.692       750


Classification Report using optimized F1 threshold (0.430):
              precision    recall  f1-score   support

         0.0      0.725     0.534     0.615       365
         1.0      0.647     0.808     0.718       385

    accuracy                          0.675       750
   macro avg      0.686     0.671     0.667       750
weighted avg      0.685     0.675     0.668       750


Classification Report using minimised FPR threshold (0.5146):
              precision    recall  f1-score   support

         0.0      0.631     0.951     0.758       365
         1.0      0.910     0.473     0.622       385

    accuracy                          0.705       750
   macro avg      0.770     0.712     0.690       750
weighted avg      0.774     0.705     0.689       750

============================================================
Best Threshold -> 0.4300500154495239
Historical false-positive alert timesteps: 0 / 780
============================================================
DYNAMIC CALIBRATION REPORT FOR TARGET REGION
============================================================
A. LATENT SDE SYSTEM CONFIG:
   sigma (Noise Intensity)        : 0.57913
   strat_decay (Damping factor)   : 0.83635
   meso_decay (Dissipation rate)  : 1.33063
------------------------------------------------------------
B. OBSERVATION BASELINES & SWINGS:
   temp     -> Baseline Mean:    5.448 | Physical Swing (±1σ): 2.0067
   salt     -> Baseline Mean:   34.862 | Physical Swing (±1σ): 0.1916
   ssh      -> Baseline Mean:   -1.346 | Physical Swing (±1σ): 0.0626
   u_curr   -> Baseline Mean:   -0.051 | Physical Swing (±1σ): 0.0369
   v_curr   -> Baseline Mean:   -0.004 | Physical Swing (±1σ): 0.0467
============================================================
Generating synthetic dataset...
Fitting scaler on training subset...
Scaler successfully fitted across training pool data.
Scaler statistics exported to 'scalers/synthetic_channel_scaler_28.pkl'

Starting Training...
Epoch 01 | Val Loss: 0.2330 | Val Time Loss: 0.1258 | Val Bce: 0.1701 | F1: 0.594 | Prec: 0.76 | Rec: 0.49
Epoch 02 | Val Loss: 0.2153 | Val Time Loss: 0.1165 | Val Bce: 0.1570 | F1: 0.606 | Prec: 0.74 | Rec: 0.51
Epoch 03 | Val Loss: 0.2176 | Val Time Loss: 0.1175 | Val Bce: 0.1589 | F1: 0.558 | Prec: 0.85 | Rec: 0.42
Epoch 04 | Val Loss: 0.2065 | Val Time Loss: 0.1123 | Val Bce: 0.1503 | F1: 0.571 | Prec: 0.82 | Rec: 0.44
Epoch 05 | Val Loss: 0.2096 | Val Time Loss: 0.1138 | Val Bce: 0.1527 | F1: 0.558 | Prec: 0.82 | Rec: 0.42
Epoch 06 | Val Loss: 0.2227 | Val Time Loss: 0.1110 | Val Bce: 0.1672 | F1: 0.481 | Prec: 0.90 | Rec: 0.33
Epoch 07 | Val Loss: 0.2093 | Val Time Loss: 0.1134 | Val Bce: 0.1525 | F1: 0.569 | Prec: 0.78 | Rec: 0.45
Epoch 08 | Val Loss: 0.2067 | Val Time Loss: 0.1173 | Val Bce: 0.1480 | F1: 0.659 | Prec: 0.72 | Rec: 0.61
Epoch 09 | Val Loss: 0.2087 | Val Time Loss: 0.1120 | Val Bce: 0.1527 | F1: 0.501 | Prec: 0.87 | Rec: 0.35
Epoch 10 | Val Loss: 0.2002 | Val Time Loss: 0.1088 | Val Bce: 0.1458 | F1: 0.652 | Prec: 0.71 | Rec: 0.60
Epoch 11 | Val Loss: 0.2045 | Val Time Loss: 0.1118 | Val Bce: 0.1486 | F1: 0.648 | Prec: 0.70 | Rec: 0.60
Epoch 12 | Val Loss: 0.2050 | Val Time Loss: 0.1119 | Val Bce: 0.1491 | F1: 0.615 | Prec: 0.78 | Rec: 0.51
Epoch 13 | Val Loss: 0.2068 | Val Time Loss: 0.1132 | Val Bce: 0.1502 | F1: 0.609 | Prec: 0.78 | Rec: 0.50
Epoch 14 | Val Loss: 0.2070 | Val Time Loss: 0.1121 | Val Bce: 0.1509 | F1: 0.627 | Prec: 0.77 | Rec: 0.53
Epoch 15 | Val Loss: 0.2092 | Val Time Loss: 0.1092 | Val Bce: 0.1546 | F1: 0.660 | Prec: 0.75 | Rec: 0.59
Epoch 16 | Val Loss: 0.2020 | Val Time Loss: 0.1095 | Val Bce: 0.1473 | F1: 0.614 | Prec: 0.77 | Rec: 0.51
Epoch 17 | Val Loss: 0.2025 | Val Time Loss: 0.1038 | Val Bce: 0.1506 | F1: 0.626 | Prec: 0.76 | Rec: 0.53
Epoch 18 | Val Loss: 0.2091 | Val Time Loss: 0.1046 | Val Bce: 0.1568 | F1: 0.673 | Prec: 0.68 | Rec: 0.67
Epoch 19 | Val Loss: 0.2065 | Val Time Loss: 0.1047 | Val Bce: 0.1541 | F1: 0.579 | Prec: 0.80 | Rec: 0.45
Epoch 20 | Val Loss: 0.2069 | Val Time Loss: 0.1063 | Val Bce: 0.1538 | F1: 0.573 | Prec: 0.80 | Rec: 0.45

Early stopping triggered at epoch 20

Testing on hold-out set...
Calibrated T = 1.4326
Final Test -> F1: 0.682 | Precision: 0.79 | Recall: 0.60
Recommended Threshold (FPR ≤ 5%): 0.5449 → TPR: 0.478, FPR: 0.047
============================================================
THRESHOLD OPTIMIZATION REPORT
============================================================
Area Under ROC Curve (ROC-AUC): 0.7748
Recommended Threshold (Youden's J): 0.5123
Recommended Threshold (Maximize F1):  0.4508 -> Max F1: 0.7143
------------------------------------------------------------

Classification Report using default threshold (0.500):
              precision    recall  f1-score   support

         0.0      0.664     0.833     0.739       365
         1.0      0.791     0.600     0.682       385

    accuracy                          0.713       750
   macro avg      0.727     0.716     0.711       750
weighted avg      0.729     0.713     0.710       750


Classification Report using optimized F1 threshold (0.451):
              precision    recall  f1-score   support

         0.0      0.746     0.403     0.523       365
         1.0      0.606     0.870     0.714       385

    accuracy                          0.643       750
   macro avg      0.676     0.636     0.619       750
weighted avg      0.674     0.643     0.621       750


Classification Report using minimised FPR threshold (0.5449):
              precision    recall  f1-score   support

         0.0      0.634     0.953     0.761       365
         1.0      0.915     0.478     0.628       385

    accuracy                          0.709       750
   macro avg      0.775     0.716     0.695       750
weighted avg      0.778     0.709     0.693       750

============================================================
Best Threshold -> 0.45075616240501404
Historical false-positive alert timesteps: 0 / 780
============================================================
DYNAMIC CALIBRATION REPORT FOR TARGET REGION
============================================================
A. LATENT SDE SYSTEM CONFIG:
   sigma (Noise Intensity)        : 0.50382
   strat_decay (Damping factor)   : 0.96209
   meso_decay (Dissipation rate)  : 1.42490
------------------------------------------------------------
B. OBSERVATION BASELINES & SWINGS:
   temp     -> Baseline Mean:    5.489 | Physical Swing (±1σ): 1.8607
   salt     -> Baseline Mean:   34.899 | Physical Swing (±1σ): 0.1899
   ssh      -> Baseline Mean:   -1.348 | Physical Swing (±1σ): 0.0713
   u_curr   -> Baseline Mean:   -0.053 | Physical Swing (±1σ): 0.0390
   v_curr   -> Baseline Mean:   -0.010 | Physical Swing (±1σ): 0.0473
============================================================
Generating synthetic dataset...
Fitting scaler on training subset...
Scaler successfully fitted across training pool data.
Scaler statistics exported to 'scalers/synthetic_channel_scaler_29.pkl'

Starting Training...
Epoch 01 | Val Loss: 0.2306 | Val Time Loss: 0.1176 | Val Bce: 0.1718 | F1: 0.567 | Prec: 0.85 | Rec: 0.42
Epoch 02 | Val Loss: 0.2122 | Val Time Loss: 0.1148 | Val Bce: 0.1548 | F1: 0.614 | Prec: 0.81 | Rec: 0.50
Epoch 03 | Val Loss: 0.2200 | Val Time Loss: 0.1137 | Val Bce: 0.1632 | F1: 0.556 | Prec: 0.90 | Rec: 0.40
Epoch 04 | Val Loss: 0.2015 | Val Time Loss: 0.1117 | Val Bce: 0.1457 | F1: 0.605 | Prec: 0.84 | Rec: 0.47
Epoch 05 | Val Loss: 0.1970 | Val Time Loss: 0.1098 | Val Bce: 0.1421 | F1: 0.603 | Prec: 0.82 | Rec: 0.48
Epoch 06 | Val Loss: 0.1990 | Val Time Loss: 0.1107 | Val Bce: 0.1436 | F1: 0.651 | Prec: 0.77 | Rec: 0.57
Epoch 07 | Val Loss: 0.1930 | Val Time Loss: 0.1046 | Val Bce: 0.1407 | F1: 0.611 | Prec: 0.82 | Rec: 0.49
Epoch 08 | Val Loss: 0.1954 | Val Time Loss: 0.1093 | Val Bce: 0.1408 | F1: 0.635 | Prec: 0.82 | Rec: 0.52
Epoch 09 | Val Loss: 0.2001 | Val Time Loss: 0.1101 | Val Bce: 0.1450 | F1: 0.624 | Prec: 0.82 | Rec: 0.50
Epoch 10 | Val Loss: 0.1995 | Val Time Loss: 0.1099 | Val Bce: 0.1445 | F1: 0.601 | Prec: 0.83 | Rec: 0.47
Epoch 11 | Val Loss: 0.2117 | Val Time Loss: 0.1090 | Val Bce: 0.1572 | F1: 0.663 | Prec: 0.71 | Rec: 0.62
Epoch 12 | Val Loss: 0.2026 | Val Time Loss: 0.1119 | Val Bce: 0.1466 | F1: 0.589 | Prec: 0.83 | Rec: 0.46
Epoch 13 | Val Loss: 0.1968 | Val Time Loss: 0.1078 | Val Bce: 0.1429 | F1: 0.618 | Prec: 0.82 | Rec: 0.50
Epoch 14 | Val Loss: 0.1977 | Val Time Loss: 0.1089 | Val Bce: 0.1433 | F1: 0.663 | Prec: 0.74 | Rec: 0.60
Epoch 15 | Val Loss: 0.2024 | Val Time Loss: 0.1074 | Val Bce: 0.1487 | F1: 0.653 | Prec: 0.72 | Rec: 0.60
Epoch 16 | Val Loss: 0.1971 | Val Time Loss: 0.1070 | Val Bce: 0.1436 | F1: 0.645 | Prec: 0.75 | Rec: 0.57
Epoch 17 | Val Loss: 0.2011 | Val Time Loss: 0.1112 | Val Bce: 0.1455 | F1: 0.629 | Prec: 0.75 | Rec: 0.54

Early stopping triggered at epoch 17

Testing on hold-out set...
Calibrated T = 1.4284
Final Test -> F1: 0.646 | Precision: 0.90 | Recall: 0.50
Recommended Threshold (FPR ≤ 5%): 0.5061 → TPR: 0.483, FPR: 0.047
============================================================
THRESHOLD OPTIMIZATION REPORT
============================================================
Area Under ROC Curve (ROC-AUC): 0.7945
Recommended Threshold (Youden's J): 0.4845
Recommended Threshold (Maximize F1):  0.4565 -> Max F1: 0.7339
------------------------------------------------------------

Classification Report using default threshold (0.500):
              precision    recall  f1-score   support

         0.0      0.642     0.940     0.763       365
         1.0      0.898     0.504     0.646       385

    accuracy                          0.716       750
   macro avg      0.770     0.722     0.704       750
weighted avg      0.774     0.716     0.703       750


Classification Report using optimized F1 threshold (0.457):
              precision    recall  f1-score   support

         0.0      0.725     0.679     0.702       365
         1.0      0.713     0.756     0.734       385

    accuracy                          0.719       750
   macro avg      0.719     0.718     0.718       750
weighted avg      0.719     0.719     0.718       750


Classification Report using minimised FPR threshold (0.5061):
              precision    recall  f1-score   support

         0.0      0.636     0.953     0.763       365
         1.0      0.916     0.483     0.633       385

    accuracy                          0.712       750
   macro avg      0.776     0.718     0.698       750
weighted avg      0.780     0.712     0.696       750

============================================================
Best Threshold -> 0.4565099775791168
Historical false-positive alert timesteps: 0 / 780
============================================================
DYNAMIC CALIBRATION REPORT FOR TARGET REGION
============================================================
A. LATENT SDE SYSTEM CONFIG:
   sigma (Noise Intensity)        : 0.51773
   strat_decay (Damping factor)   : 1.06906
   meso_decay (Dissipation rate)  : 1.37660
------------------------------------------------------------
B. OBSERVATION BASELINES & SWINGS:
   temp     -> Baseline Mean:    5.562 | Physical Swing (±1σ): 1.7604
   salt     -> Baseline Mean:   34.849 | Physical Swing (±1σ): 0.2149
   ssh      -> Baseline Mean:   -1.311 | Physical Swing (±1σ): 0.0565
   u_curr   -> Baseline Mean:   -0.055 | Physical Swing (±1σ): 0.0375
   v_curr   -> Baseline Mean:   -0.012 | Physical Swing (±1σ): 0.0487
============================================================
Generating synthetic dataset...
Fitting scaler on training subset...
Scaler successfully fitted across training pool data.
Scaler statistics exported to 'scalers/synthetic_channel_scaler_30.pkl'

Starting Training...
Epoch 01 | Val Loss: 0.2440 | Val Time Loss: 0.1192 | Val Bce: 0.1844 | F1: 0.521 | Prec: 0.91 | Rec: 0.37
Epoch 02 | Val Loss: 0.2121 | Val Time Loss: 0.1202 | Val Bce: 0.1520 | F1: 0.560 | Prec: 0.84 | Rec: 0.42
Epoch 03 | Val Loss: 0.2139 | Val Time Loss: 0.1189 | Val Bce: 0.1545 | F1: 0.543 | Prec: 0.89 | Rec: 0.39
Epoch 04 | Val Loss: 0.2108 | Val Time Loss: 0.1149 | Val Bce: 0.1534 | F1: 0.602 | Prec: 0.81 | Rec: 0.48
Epoch 05 | Val Loss: 0.2012 | Val Time Loss: 0.1120 | Val Bce: 0.1452 | F1: 0.585 | Prec: 0.83 | Rec: 0.45
Epoch 06 | Val Loss: 0.2068 | Val Time Loss: 0.1105 | Val Bce: 0.1516 | F1: 0.624 | Prec: 0.77 | Rec: 0.52
Epoch 07 | Val Loss: 0.1986 | Val Time Loss: 0.1116 | Val Bce: 0.1428 | F1: 0.619 | Prec: 0.79 | Rec: 0.51
Epoch 08 | Val Loss: 0.2104 | Val Time Loss: 0.1125 | Val Bce: 0.1542 | F1: 0.657 | Prec: 0.67 | Rec: 0.64
Epoch 09 | Val Loss: 0.2043 | Val Time Loss: 0.1120 | Val Bce: 0.1483 | F1: 0.659 | Prec: 0.69 | Rec: 0.63
Epoch 10 | Val Loss: 0.2012 | Val Time Loss: 0.1153 | Val Bce: 0.1435 | F1: 0.604 | Prec: 0.82 | Rec: 0.48
Epoch 11 | Val Loss: 0.2038 | Val Time Loss: 0.1101 | Val Bce: 0.1487 | F1: 0.591 | Prec: 0.84 | Rec: 0.46
Epoch 12 | Val Loss: 0.1999 | Val Time Loss: 0.1110 | Val Bce: 0.1444 | F1: 0.639 | Prec: 0.77 | Rec: 0.55
Epoch 13 | Val Loss: 0.1987 | Val Time Loss: 0.1110 | Val Bce: 0.1432 | F1: 0.646 | Prec: 0.76 | Rec: 0.56
Epoch 14 | Val Loss: 0.2029 | Val Time Loss: 0.1109 | Val Bce: 0.1474 | F1: 0.611 | Prec: 0.81 | Rec: 0.49
Epoch 15 | Val Loss: 0.2072 | Val Time Loss: 0.1072 | Val Bce: 0.1536 | F1: 0.648 | Prec: 0.75 | Rec: 0.57
Epoch 16 | Val Loss: 0.1945 | Val Time Loss: 0.1061 | Val Bce: 0.1414 | F1: 0.609 | Prec: 0.79 | Rec: 0.49
Epoch 17 | Val Loss: 0.2061 | Val Time Loss: 0.1101 | Val Bce: 0.1510 | F1: 0.659 | Prec: 0.75 | Rec: 0.59
Epoch 18 | Val Loss: 0.1983 | Val Time Loss: 0.1075 | Val Bce: 0.1446 | F1: 0.599 | Prec: 0.81 | Rec: 0.47
Epoch 19 | Val Loss: 0.1983 | Val Time Loss: 0.1052 | Val Bce: 0.1457 | F1: 0.669 | Prec: 0.70 | Rec: 0.64
Epoch 20 | Val Loss: 0.2003 | Val Time Loss: 0.1084 | Val Bce: 0.1460 | F1: 0.664 | Prec: 0.73 | Rec: 0.61
Epoch 21 | Val Loss: 0.1997 | Val Time Loss: 0.1063 | Val Bce: 0.1466 | F1: 0.675 | Prec: 0.68 | Rec: 0.67
Epoch 22 | Val Loss: 0.2006 | Val Time Loss: 0.1096 | Val Bce: 0.1458 | F1: 0.660 | Prec: 0.73 | Rec: 0.60
Epoch 23 | Val Loss: 0.2082 | Val Time Loss: 0.1088 | Val Bce: 0.1538 | F1: 0.652 | Prec: 0.74 | Rec: 0.58
Epoch 24 | Val Loss: 0.2036 | Val Time Loss: 0.1066 | Val Bce: 0.1503 | F1: 0.672 | Prec: 0.71 | Rec: 0.64
Epoch 25 | Val Loss: 0.2036 | Val Time Loss: 0.1044 | Val Bce: 0.1515 | F1: 0.644 | Prec: 0.78 | Rec: 0.55
Epoch 26 | Val Loss: 0.2082 | Val Time Loss: 0.1062 | Val Bce: 0.1551 | F1: 0.664 | Prec: 0.70 | Rec: 0.63

Early stopping triggered at epoch 26

Testing on hold-out set...
Calibrated T = 1.4265
Final Test -> F1: 0.637 | Precision: 0.87 | Recall: 0.50
Recommended Threshold (FPR ≤ 5%): 0.5093 → TPR: 0.473, FPR: 0.049
============================================================
THRESHOLD OPTIMIZATION REPORT
============================================================
Area Under ROC Curve (ROC-AUC): 0.7691
Recommended Threshold (Youden's J): 0.4886
Recommended Threshold (Maximize F1):  0.4575 -> Max F1: 0.7088
------------------------------------------------------------

Classification Report using default threshold (0.500):
              precision    recall  f1-score   support

         0.0      0.637     0.923     0.754       365
         1.0      0.873     0.501     0.637       385

    accuracy                          0.707       750
   macro avg      0.755     0.712     0.695       750
weighted avg      0.758     0.707     0.694       750


Classification Report using optimized F1 threshold (0.457):
              precision    recall  f1-score   support

         0.0      0.694     0.682     0.688       365
         1.0      0.703     0.714     0.709       385

    accuracy                          0.699       750
   macro avg      0.698     0.698     0.698       750
weighted avg      0.699     0.699     0.699       750


Classification Report using minimised FPR threshold (0.5093):
              precision    recall  f1-score   support

         0.0      0.631     0.951     0.758       365
         1.0      0.910     0.473     0.622       385

    accuracy                          0.705       750
   macro avg      0.770     0.712     0.690       750
weighted avg      0.774     0.705     0.689       750

============================================================
Best Threshold -> 0.45746222138404846
Historical false-positive alert timesteps: 0 / 780
============================================================
DYNAMIC CALIBRATION REPORT FOR TARGET REGION
============================================================
A. LATENT SDE SYSTEM CONFIG:
   sigma (Noise Intensity)        : 0.53418
   strat_decay (Damping factor)   : 0.80064
   meso_decay (Dissipation rate)  : 1.45852
------------------------------------------------------------
B. OBSERVATION BASELINES & SWINGS:
   temp     -> Baseline Mean:    5.791 | Physical Swing (±1σ): 1.8176
   salt     -> Baseline Mean:   34.928 | Physical Swing (±1σ): 0.1929
   ssh      -> Baseline Mean:   -1.370 | Physical Swing (±1σ): 0.0646
   u_curr   -> Baseline Mean:   -0.062 | Physical Swing (±1σ): 0.0368
   v_curr   -> Baseline Mean:    0.001 | Physical Swing (±1σ): 0.0477
============================================================
Generating synthetic dataset...
Fitting scaler on training subset...
Scaler successfully fitted across training pool data.
Scaler statistics exported to 'scalers/synthetic_channel_scaler_31.pkl'

Starting Training...
Epoch 01 | Val Loss: 0.2314 | Val Time Loss: 0.1232 | Val Bce: 0.1698 | F1: 0.574 | Prec: 0.84 | Rec: 0.44
Epoch 02 | Val Loss: 0.2381 | Val Time Loss: 0.1181 | Val Bce: 0.1790 | F1: 0.572 | Prec: 0.86 | Rec: 0.43
Epoch 03 | Val Loss: 0.2116 | Val Time Loss: 0.1136 | Val Bce: 0.1548 | F1: 0.614 | Prec: 0.79 | Rec: 0.50
Epoch 04 | Val Loss: 0.2158 | Val Time Loss: 0.1145 | Val Bce: 0.1585 | F1: 0.652 | Prec: 0.73 | Rec: 0.59
Epoch 05 | Val Loss: 0.2155 | Val Time Loss: 0.1165 | Val Bce: 0.1572 | F1: 0.537 | Prec: 0.88 | Rec: 0.39
Epoch 06 | Val Loss: 0.2128 | Val Time Loss: 0.1151 | Val Bce: 0.1553 | F1: 0.673 | Prec: 0.67 | Rec: 0.68
Epoch 07 | Val Loss: 0.2104 | Val Time Loss: 0.1146 | Val Bce: 0.1530 | F1: 0.663 | Prec: 0.68 | Rec: 0.65
Epoch 08 | Val Loss: 0.2019 | Val Time Loss: 0.1131 | Val Bce: 0.1453 | F1: 0.618 | Prec: 0.77 | Rec: 0.51
Epoch 09 | Val Loss: 0.2060 | Val Time Loss: 0.1137 | Val Bce: 0.1492 | F1: 0.641 | Prec: 0.75 | Rec: 0.56
Epoch 10 | Val Loss: 0.2049 | Val Time Loss: 0.1123 | Val Bce: 0.1487 | F1: 0.631 | Prec: 0.75 | Rec: 0.54
Epoch 11 | Val Loss: 0.2090 | Val Time Loss: 0.1122 | Val Bce: 0.1529 | F1: 0.673 | Prec: 0.67 | Rec: 0.68
Epoch 12 | Val Loss: 0.2119 | Val Time Loss: 0.1092 | Val Bce: 0.1573 | F1: 0.659 | Prec: 0.70 | Rec: 0.63
Epoch 13 | Val Loss: 0.1997 | Val Time Loss: 0.1075 | Val Bce: 0.1459 | F1: 0.603 | Prec: 0.76 | Rec: 0.50
Epoch 14 | Val Loss: 0.2103 | Val Time Loss: 0.1093 | Val Bce: 0.1557 | F1: 0.643 | Prec: 0.72 | Rec: 0.58
Epoch 15 | Val Loss: 0.2033 | Val Time Loss: 0.1085 | Val Bce: 0.1490 | F1: 0.669 | Prec: 0.70 | Rec: 0.64
Epoch 16 | Val Loss: 0.2146 | Val Time Loss: 0.1103 | Val Bce: 0.1595 | F1: 0.687 | Prec: 0.68 | Rec: 0.70
Epoch 17 | Val Loss: 0.2021 | Val Time Loss: 0.1092 | Val Bce: 0.1475 | F1: 0.655 | Prec: 0.72 | Rec: 0.60
Epoch 18 | Val Loss: 0.1996 | Val Time Loss: 0.1104 | Val Bce: 0.1444 | F1: 0.639 | Prec: 0.75 | Rec: 0.56
Epoch 19 | Val Loss: 0.2000 | Val Time Loss: 0.1057 | Val Bce: 0.1472 | F1: 0.624 | Prec: 0.74 | Rec: 0.54
Epoch 20 | Val Loss: 0.2076 | Val Time Loss: 0.1058 | Val Bce: 0.1547 | F1: 0.657 | Prec: 0.71 | Rec: 0.61
Epoch 21 | Val Loss: 0.2015 | Val Time Loss: 0.1067 | Val Bce: 0.1482 | F1: 0.637 | Prec: 0.72 | Rec: 0.57
Epoch 22 | Val Loss: 0.2112 | Val Time Loss: 0.1074 | Val Bce: 0.1575 | F1: 0.676 | Prec: 0.70 | Rec: 0.66
Epoch 23 | Val Loss: 0.2055 | Val Time Loss: 0.1057 | Val Bce: 0.1526 | F1: 0.668 | Prec: 0.70 | Rec: 0.64
Epoch 24 | Val Loss: 0.2059 | Val Time Loss: 0.1041 | Val Bce: 0.1539 | F1: 0.677 | Prec: 0.70 | Rec: 0.66
Epoch 25 | Val Loss: 0.2116 | Val Time Loss: 0.1036 | Val Bce: 0.1598 | F1: 0.664 | Prec: 0.70 | Rec: 0.63
Epoch 26 | Val Loss: 0.2093 | Val Time Loss: 0.1045 | Val Bce: 0.1571 | F1: 0.675 | Prec: 0.67 | Rec: 0.68
Epoch 27 | Val Loss: 0.2139 | Val Time Loss: 0.1034 | Val Bce: 0.1622 | F1: 0.682 | Prec: 0.64 | Rec: 0.74
Epoch 28 | Val Loss: 0.2175 | Val Time Loss: 0.1024 | Val Bce: 0.1663 | F1: 0.683 | Prec: 0.65 | Rec: 0.73

Early stopping triggered at epoch 28

Testing on hold-out set...
Calibrated T = 1.4317
Final Test -> F1: 0.669 | Precision: 0.82 | Recall: 0.56
Recommended Threshold (FPR ≤ 5%): 0.5412 → TPR: 0.486, FPR: 0.047
============================================================
THRESHOLD OPTIMIZATION REPORT
============================================================
Area Under ROC Curve (ROC-AUC): 0.7766
Recommended Threshold (Youden's J): 0.5150
Recommended Threshold (Maximize F1):  0.4605 -> Max F1: 0.7229
------------------------------------------------------------

Classification Report using default threshold (0.500):
              precision    recall  f1-score   support

         0.0      0.654     0.871     0.747       365
         1.0      0.822     0.564     0.669       385

    accuracy                          0.713       750
   macro avg      0.738     0.717     0.708       750
weighted avg      0.740     0.713     0.707       750


Classification Report using optimized F1 threshold (0.461):
              precision    recall  f1-score   support

         0.0      0.724     0.584     0.646       365
         1.0      0.667     0.790     0.723       385

    accuracy                          0.689       750
   macro avg      0.696     0.687     0.685       750
weighted avg      0.695     0.689     0.686       750


Classification Report using minimised FPR threshold (0.5412):
              precision    recall  f1-score   support

         0.0      0.637     0.953     0.764       365
         1.0      0.917     0.486     0.635       385

    accuracy                          0.713       750
   macro avg      0.777     0.720     0.699       750
weighted avg      0.781     0.713     0.698       750

============================================================
Best Threshold -> 0.4605024755001068
Historical false-positive alert timesteps: 0 / 780
============================================================
DYNAMIC CALIBRATION REPORT FOR TARGET REGION
============================================================
A. LATENT SDE SYSTEM CONFIG:
   sigma (Noise Intensity)        : 0.54011
   strat_decay (Damping factor)   : 0.74709
   meso_decay (Dissipation rate)  : 1.34177
------------------------------------------------------------
B. OBSERVATION BASELINES & SWINGS:
   temp     -> Baseline Mean:    5.869 | Physical Swing (±1σ): 1.8857
   salt     -> Baseline Mean:   34.920 | Physical Swing (±1σ): 0.1930
   ssh      -> Baseline Mean:   -1.350 | Physical Swing (±1σ): 0.0576
   u_curr   -> Baseline Mean:   -0.058 | Physical Swing (±1σ): 0.0359
   v_curr   -> Baseline Mean:    0.000 | Physical Swing (±1σ): 0.0491
============================================================
Generating synthetic dataset...
Fitting scaler on training subset...
Scaler successfully fitted across training pool data.
Scaler statistics exported to 'scalers/synthetic_channel_scaler_32.pkl'

Starting Training...
Epoch 01 | Val Loss: 0.2165 | Val Time Loss: 0.1257 | Val Bce: 0.1536 | F1: 0.608 | Prec: 0.77 | Rec: 0.50
Epoch 02 | Val Loss: 0.2148 | Val Time Loss: 0.1184 | Val Bce: 0.1556 | F1: 0.596 | Prec: 0.81 | Rec: 0.47
Epoch 03 | Val Loss: 0.2071 | Val Time Loss: 0.1168 | Val Bce: 0.1487 | F1: 0.651 | Prec: 0.72 | Rec: 0.59
Epoch 04 | Val Loss: 0.2136 | Val Time Loss: 0.1152 | Val Bce: 0.1560 | F1: 0.591 | Prec: 0.81 | Rec: 0.46
Epoch 05 | Val Loss: 0.1997 | Val Time Loss: 0.1112 | Val Bce: 0.1441 | F1: 0.665 | Prec: 0.73 | Rec: 0.61
Epoch 06 | Val Loss: 0.2027 | Val Time Loss: 0.1140 | Val Bce: 0.1457 | F1: 0.619 | Prec: 0.75 | Rec: 0.53
Epoch 07 | Val Loss: 0.2151 | Val Time Loss: 0.1131 | Val Bce: 0.1586 | F1: 0.655 | Prec: 0.72 | Rec: 0.60
Epoch 08 | Val Loss: 0.2126 | Val Time Loss: 0.1146 | Val Bce: 0.1553 | F1: 0.558 | Prec: 0.87 | Rec: 0.41
Epoch 09 | Val Loss: 0.2036 | Val Time Loss: 0.1141 | Val Bce: 0.1465 | F1: 0.595 | Prec: 0.79 | Rec: 0.48
Epoch 10 | Val Loss: 0.2001 | Val Time Loss: 0.1089 | Val Bce: 0.1456 | F1: 0.606 | Prec: 0.78 | Rec: 0.50
Epoch 11 | Val Loss: 0.2051 | Val Time Loss: 0.1121 | Val Bce: 0.1491 | F1: 0.656 | Prec: 0.71 | Rec: 0.61
Epoch 12 | Val Loss: 0.2140 | Val Time Loss: 0.1174 | Val Bce: 0.1554 | F1: 0.602 | Prec: 0.78 | Rec: 0.49
Epoch 13 | Val Loss: 0.2007 | Val Time Loss: 0.1096 | Val Bce: 0.1459 | F1: 0.651 | Prec: 0.74 | Rec: 0.58
Epoch 14 | Val Loss: 0.2111 | Val Time Loss: 0.1115 | Val Bce: 0.1553 | F1: 0.638 | Prec: 0.74 | Rec: 0.56
Epoch 15 | Val Loss: 0.2048 | Val Time Loss: 0.1076 | Val Bce: 0.1510 | F1: 0.679 | Prec: 0.67 | Rec: 0.69

Early stopping triggered at epoch 15

Testing on hold-out set...
Calibrated T = 1.4290
Final Test -> F1: 0.686 | Precision: 0.80 | Recall: 0.60
Recommended Threshold (FPR ≤ 5%): 0.5525 → TPR: 0.462, FPR: 0.047
============================================================
THRESHOLD OPTIMIZATION REPORT
============================================================
Area Under ROC Curve (ROC-AUC): 0.7853
Recommended Threshold (Youden's J): 0.5039
Recommended Threshold (Maximize F1):  0.4702 -> Max F1: 0.7306
------------------------------------------------------------

Classification Report using default threshold (0.500):
              precision    recall  f1-score   support

         0.0      0.667     0.838     0.743       365
         1.0      0.797     0.603     0.686       385

    accuracy                          0.717       750
   macro avg      0.732     0.720     0.715       750
weighted avg      0.734     0.717     0.714       750


Classification Report using optimized F1 threshold (0.470):
              precision    recall  f1-score   support

         0.0      0.727     0.641     0.681       365
         1.0      0.694     0.771     0.731       385

    accuracy                          0.708       750
   macro avg      0.710     0.706     0.706       750
weighted avg      0.710     0.708     0.707       750


Classification Report using minimised FPR threshold (0.5525):
              precision    recall  f1-score   support

         0.0      0.627     0.953     0.757       365
         1.0      0.913     0.462     0.614       385

    accuracy                          0.701       750
   macro avg      0.770     0.708     0.685       750
weighted avg      0.774     0.701     0.683       750

============================================================
Best Threshold -> 0.4702461361885071
Historical false-positive alert timesteps: 0 / 780
============================================================
DYNAMIC CALIBRATION REPORT FOR TARGET REGION
============================================================
A. LATENT SDE SYSTEM CONFIG:
   sigma (Noise Intensity)        : 0.47414
   strat_decay (Damping factor)   : 0.83771
   meso_decay (Dissipation rate)  : 1.33642
------------------------------------------------------------
B. OBSERVATION BASELINES & SWINGS:
   temp     -> Baseline Mean:    5.768 | Physical Swing (±1σ): 1.8142
   salt     -> Baseline Mean:   34.930 | Physical Swing (±1σ): 0.1999
   ssh      -> Baseline Mean:   -1.377 | Physical Swing (±1σ): 0.0551
   u_curr   -> Baseline Mean:   -0.042 | Physical Swing (±1σ): 0.0362
   v_curr   -> Baseline Mean:   -0.002 | Physical Swing (±1σ): 0.0456
============================================================
Generating synthetic dataset...
Fitting scaler on training subset...
Scaler successfully fitted across training pool data.
Scaler statistics exported to 'scalers/synthetic_channel_scaler_33.pkl'

Starting Training...
Epoch 01 | Val Loss: 0.2121 | Val Time Loss: 0.1220 | Val Bce: 0.1511 | F1: 0.677 | Prec: 0.65 | Rec: 0.70
Epoch 02 | Val Loss: 0.2072 | Val Time Loss: 0.1216 | Val Bce: 0.1464 | F1: 0.638 | Prec: 0.76 | Rec: 0.55
Epoch 03 | Val Loss: 0.2041 | Val Time Loss: 0.1180 | Val Bce: 0.1451 | F1: 0.620 | Prec: 0.80 | Rec: 0.51
Epoch 04 | Val Loss: 0.2202 | Val Time Loss: 0.1184 | Val Bce: 0.1610 | F1: 0.571 | Prec: 0.89 | Rec: 0.42
Epoch 05 | Val Loss: 0.1956 | Val Time Loss: 0.1134 | Val Bce: 0.1389 | F1: 0.643 | Prec: 0.80 | Rec: 0.54
Epoch 06 | Val Loss: 0.1979 | Val Time Loss: 0.1130 | Val Bce: 0.1414 | F1: 0.645 | Prec: 0.77 | Rec: 0.56
Epoch 07 | Val Loss: 0.1950 | Val Time Loss: 0.1106 | Val Bce: 0.1397 | F1: 0.626 | Prec: 0.84 | Rec: 0.50
Epoch 08 | Val Loss: 0.1953 | Val Time Loss: 0.1155 | Val Bce: 0.1376 | F1: 0.646 | Prec: 0.80 | Rec: 0.54
Epoch 09 | Val Loss: 0.1934 | Val Time Loss: 0.1065 | Val Bce: 0.1401 | F1: 0.646 | Prec: 0.81 | Rec: 0.54
Epoch 10 | Val Loss: 0.1955 | Val Time Loss: 0.1081 | Val Bce: 0.1415 | F1: 0.666 | Prec: 0.74 | Rec: 0.60
Epoch 11 | Val Loss: 0.1943 | Val Time Loss: 0.1141 | Val Bce: 0.1373 | F1: 0.654 | Prec: 0.81 | Rec: 0.55
Epoch 12 | Val Loss: 0.1891 | Val Time Loss: 0.1012 | Val Bce: 0.1385 | F1: 0.639 | Prec: 0.81 | Rec: 0.53
Epoch 13 | Val Loss: 0.1906 | Val Time Loss: 0.1078 | Val Bce: 0.1367 | F1: 0.672 | Prec: 0.76 | Rec: 0.60
Epoch 14 | Val Loss: 0.1998 | Val Time Loss: 0.1068 | Val Bce: 0.1463 | F1: 0.677 | Prec: 0.73 | Rec: 0.63
Epoch 15 | Val Loss: 0.1914 | Val Time Loss: 0.1031 | Val Bce: 0.1399 | F1: 0.676 | Prec: 0.78 | Rec: 0.60
Epoch 16 | Val Loss: 0.2002 | Val Time Loss: 0.1054 | Val Bce: 0.1475 | F1: 0.691 | Prec: 0.72 | Rec: 0.66
Epoch 17 | Val Loss: 0.1938 | Val Time Loss: 0.1021 | Val Bce: 0.1427 | F1: 0.699 | Prec: 0.74 | Rec: 0.66
Epoch 18 | Val Loss: 0.1927 | Val Time Loss: 0.1072 | Val Bce: 0.1391 | F1: 0.666 | Prec: 0.74 | Rec: 0.61
Epoch 19 | Val Loss: 0.2051 | Val Time Loss: 0.1037 | Val Bce: 0.1533 | F1: 0.684 | Prec: 0.73 | Rec: 0.64
Epoch 20 | Val Loss: 0.1931 | Val Time Loss: 0.1074 | Val Bce: 0.1394 | F1: 0.691 | Prec: 0.72 | Rec: 0.67
Epoch 21 | Val Loss: 0.1940 | Val Time Loss: 0.1059 | Val Bce: 0.1411 | F1: 0.642 | Prec: 0.79 | Rec: 0.54
Epoch 22 | Val Loss: 0.2099 | Val Time Loss: 0.1053 | Val Bce: 0.1572 | F1: 0.709 | Prec: 0.67 | Rec: 0.75

Early stopping triggered at epoch 22

Testing on hold-out set...
Calibrated T = 1.4149
Final Test -> F1: 0.676 | Precision: 0.89 | Recall: 0.55
Recommended Threshold (FPR ≤ 5%): 0.5206 → TPR: 0.491, FPR: 0.049
============================================================
THRESHOLD OPTIMIZATION REPORT
============================================================
Area Under ROC Curve (ROC-AUC): 0.7995
Recommended Threshold (Youden's J): 0.4888
Recommended Threshold (Maximize F1):  0.4424 -> Max F1: 0.7323
------------------------------------------------------------

Classification Report using default threshold (0.500):
              precision    recall  f1-score   support

         0.0      0.660     0.929     0.771       365
         1.0      0.890     0.545     0.676       385

    accuracy                          0.732       750
   macro avg      0.775     0.737     0.724       750
weighted avg      0.778     0.732     0.723       750


Classification Report using optimized F1 threshold (0.442):
              precision    recall  f1-score   support

         0.0      0.726     0.660     0.692       365
         1.0      0.703     0.764     0.732       385

    accuracy                          0.713       750
   macro avg      0.715     0.712     0.712       750
weighted avg      0.714     0.713     0.712       750


Classification Report using minimised FPR threshold (0.5206):
              precision    recall  f1-score   support

         0.0      0.639     0.951     0.764       365
         1.0      0.913     0.491     0.639       385

    accuracy                          0.715       750
   macro avg      0.776     0.721     0.701       750
weighted avg      0.780     0.715     0.700       750

============================================================
Best Threshold -> 0.442438542842865
Historical false-positive alert timesteps: 160 / 780
============================================================
DYNAMIC CALIBRATION REPORT FOR TARGET REGION
============================================================
A. LATENT SDE SYSTEM CONFIG:
   sigma (Noise Intensity)        : 0.57519
   strat_decay (Damping factor)   : 0.71064
   meso_decay (Dissipation rate)  : 1.19340
------------------------------------------------------------
B. OBSERVATION BASELINES & SWINGS:
   temp     -> Baseline Mean:    5.846 | Physical Swing (±1σ): 1.8599
   salt     -> Baseline Mean:   34.944 | Physical Swing (±1σ): 0.2127
   ssh      -> Baseline Mean:   -1.360 | Physical Swing (±1σ): 0.0617
   u_curr   -> Baseline Mean:   -0.051 | Physical Swing (±1σ): 0.0349
   v_curr   -> Baseline Mean:   -0.001 | Physical Swing (±1σ): 0.0505
============================================================
Generating synthetic dataset...
Fitting scaler on training subset...
Scaler successfully fitted across training pool data.
Scaler statistics exported to 'scalers/synthetic_channel_scaler_34.pkl'

Starting Training...
Epoch 01 | Val Loss: 0.2356 | Val Time Loss: 0.1211 | Val Bce: 0.1751 | F1: 0.573 | Prec: 0.84 | Rec: 0.43
Epoch 02 | Val Loss: 0.2111 | Val Time Loss: 0.1173 | Val Bce: 0.1524 | F1: 0.586 | Prec: 0.79 | Rec: 0.47
Epoch 03 | Val Loss: 0.2071 | Val Time Loss: 0.1144 | Val Bce: 0.1499 | F1: 0.559 | Prec: 0.83 | Rec: 0.42
Epoch 04 | Val Loss: 0.2092 | Val Time Loss: 0.1137 | Val Bce: 0.1524 | F1: 0.593 | Prec: 0.79 | Rec: 0.47
Epoch 05 | Val Loss: 0.2088 | Val Time Loss: 0.1123 | Val Bce: 0.1526 | F1: 0.585 | Prec: 0.79 | Rec: 0.46
Epoch 06 | Val Loss: 0.2054 | Val Time Loss: 0.1137 | Val Bce: 0.1486 | F1: 0.589 | Prec: 0.78 | Rec: 0.47
Epoch 07 | Val Loss: 0.2042 | Val Time Loss: 0.1108 | Val Bce: 0.1488 | F1: 0.529 | Prec: 0.85 | Rec: 0.38
Epoch 08 | Val Loss: 0.2030 | Val Time Loss: 0.1105 | Val Bce: 0.1478 | F1: 0.611 | Prec: 0.75 | Rec: 0.52
Epoch 09 | Val Loss: 0.2008 | Val Time Loss: 0.1108 | Val Bce: 0.1454 | F1: 0.608 | Prec: 0.75 | Rec: 0.51
Epoch 10 | Val Loss: 0.2119 | Val Time Loss: 0.1066 | Val Bce: 0.1586 | F1: 0.541 | Prec: 0.88 | Rec: 0.39
Epoch 11 | Val Loss: 0.2100 | Val Time Loss: 0.1111 | Val Bce: 0.1544 | F1: 0.522 | Prec: 0.87 | Rec: 0.37
Epoch 12 | Val Loss: 0.2048 | Val Time Loss: 0.1094 | Val Bce: 0.1500 | F1: 0.575 | Prec: 0.83 | Rec: 0.44
Epoch 13 | Val Loss: 0.1989 | Val Time Loss: 0.1098 | Val Bce: 0.1439 | F1: 0.614 | Prec: 0.79 | Rec: 0.50
Epoch 14 | Val Loss: 0.2024 | Val Time Loss: 0.1085 | Val Bce: 0.1482 | F1: 0.634 | Prec: 0.72 | Rec: 0.57
Epoch 15 | Val Loss: 0.1990 | Val Time Loss: 0.1042 | Val Bce: 0.1469 | F1: 0.604 | Prec: 0.79 | Rec: 0.49
Epoch 16 | Val Loss: 0.2061 | Val Time Loss: 0.1055 | Val Bce: 0.1533 | F1: 0.658 | Prec: 0.67 | Rec: 0.64
Epoch 17 | Val Loss: 0.2094 | Val Time Loss: 0.1186 | Val Bce: 0.1501 | F1: 0.590 | Prec: 0.82 | Rec: 0.46
Epoch 18 | Val Loss: 0.2000 | Val Time Loss: 0.1050 | Val Bce: 0.1475 | F1: 0.594 | Prec: 0.82 | Rec: 0.46
Epoch 19 | Val Loss: 0.2018 | Val Time Loss: 0.1053 | Val Bce: 0.1491 | F1: 0.652 | Prec: 0.74 | Rec: 0.58
Epoch 20 | Val Loss: 0.2132 | Val Time Loss: 0.1066 | Val Bce: 0.1599 | F1: 0.614 | Prec: 0.76 | Rec: 0.51
Epoch 21 | Val Loss: 0.2022 | Val Time Loss: 0.1041 | Val Bce: 0.1502 | F1: 0.639 | Prec: 0.78 | Rec: 0.54
Epoch 22 | Val Loss: 0.1972 | Val Time Loss: 0.1043 | Val Bce: 0.1450 | F1: 0.629 | Prec: 0.78 | Rec: 0.53
Epoch 23 | Val Loss: 0.2077 | Val Time Loss: 0.1076 | Val Bce: 0.1539 | F1: 0.615 | Prec: 0.78 | Rec: 0.51
Epoch 24 | Val Loss: 0.2046 | Val Time Loss: 0.1031 | Val Bce: 0.1530 | F1: 0.660 | Prec: 0.71 | Rec: 0.62
Epoch 25 | Val Loss: 0.2046 | Val Time Loss: 0.1072 | Val Bce: 0.1510 | F1: 0.625 | Prec: 0.77 | Rec: 0.53
Epoch 26 | Val Loss: 0.2068 | Val Time Loss: 0.1049 | Val Bce: 0.1543 | F1: 0.634 | Prec: 0.74 | Rec: 0.56
Epoch 27 | Val Loss: 0.2103 | Val Time Loss: 0.1055 | Val Bce: 0.1575 | F1: 0.610 | Prec: 0.77 | Rec: 0.50
Epoch 28 | Val Loss: 0.2113 | Val Time Loss: 0.1056 | Val Bce: 0.1585 | F1: 0.580 | Prec: 0.82 | Rec: 0.45
Epoch 29 | Val Loss: 0.2069 | Val Time Loss: 0.1053 | Val Bce: 0.1542 | F1: 0.618 | Prec: 0.77 | Rec: 0.52
Epoch 30 | Val Loss: 0.2103 | Val Time Loss: 0.1063 | Val Bce: 0.1572 | F1: 0.616 | Prec: 0.77 | Rec: 0.51
Epoch 31 | Val Loss: 0.2073 | Val Time Loss: 0.1050 | Val Bce: 0.1548 | F1: 0.622 | Prec: 0.76 | Rec: 0.53
Epoch 32 | Val Loss: 0.2131 | Val Time Loss: 0.1055 | Val Bce: 0.1604 | F1: 0.654 | Prec: 0.67 | Rec: 0.64

Early stopping triggered at epoch 32

Testing on hold-out set...
Calibrated T = 1.4346
Final Test -> F1: 0.652 | Precision: 0.83 | Recall: 0.54
Recommended Threshold (FPR ≤ 5%): 0.5266 → TPR: 0.462, FPR: 0.047
============================================================
THRESHOLD OPTIMIZATION REPORT
============================================================
Area Under ROC Curve (ROC-AUC): 0.7674
Recommended Threshold (Youden's J): 0.5095
Recommended Threshold (Maximize F1):  0.4630 -> Max F1: 0.7158
------------------------------------------------------------

Classification Report using default threshold (0.500):
              precision    recall  f1-score   support

         0.0      0.644     0.882     0.745       365
         1.0      0.828     0.538     0.652       385

    accuracy                          0.705       750
   macro avg      0.736     0.710     0.698       750
weighted avg      0.738     0.705     0.697       750


Classification Report using optimized F1 threshold (0.463):
              precision    recall  f1-score   support

         0.0      0.718     0.551     0.623       365
         1.0      0.651     0.795     0.716       385

    accuracy                          0.676       750
   macro avg      0.684     0.673     0.670       750
weighted avg      0.684     0.676     0.671       750


Classification Report using minimised FPR threshold (0.5266):
              precision    recall  f1-score   support

         0.0      0.627     0.953     0.757       365
         1.0      0.913     0.462     0.614       385

    accuracy                          0.701       750
   macro avg      0.770     0.708     0.685       750
weighted avg      0.774     0.701     0.683       750

============================================================
Best Threshold -> 0.46302446722984314
Historical false-positive alert timesteps: 0 / 780
============================================================
DYNAMIC CALIBRATION REPORT FOR TARGET REGION
============================================================
A. LATENT SDE SYSTEM CONFIG:
   sigma (Noise Intensity)        : 0.50272
   strat_decay (Damping factor)   : 1.00515
   meso_decay (Dissipation rate)  : 1.43566
------------------------------------------------------------
B. OBSERVATION BASELINES & SWINGS:
   temp     -> Baseline Mean:    5.695 | Physical Swing (±1σ): 1.8166
   salt     -> Baseline Mean:   34.924 | Physical Swing (±1σ): 0.1969
   ssh      -> Baseline Mean:   -1.373 | Physical Swing (±1σ): 0.0555
   u_curr   -> Baseline Mean:   -0.053 | Physical Swing (±1σ): 0.0365
   v_curr   -> Baseline Mean:    0.002 | Physical Swing (±1σ): 0.0513
============================================================
Generating synthetic dataset...
Fitting scaler on training subset...
Scaler successfully fitted across training pool data.
Scaler statistics exported to 'scalers/synthetic_channel_scaler_35.pkl'

Starting Training...
Epoch 01 | Val Loss: 0.2239 | Val Time Loss: 0.1220 | Val Bce: 0.1630 | F1: 0.576 | Prec: 0.88 | Rec: 0.43
Epoch 02 | Val Loss: 0.2196 | Val Time Loss: 0.1193 | Val Bce: 0.1599 | F1: 0.584 | Prec: 0.88 | Rec: 0.44
Epoch 03 | Val Loss: 0.2083 | Val Time Loss: 0.1147 | Val Bce: 0.1509 | F1: 0.578 | Prec: 0.83 | Rec: 0.44
Epoch 04 | Val Loss: 0.2027 | Val Time Loss: 0.1098 | Val Bce: 0.1478 | F1: 0.564 | Prec: 0.86 | Rec: 0.42
Epoch 05 | Val Loss: 0.1990 | Val Time Loss: 0.1121 | Val Bce: 0.1429 | F1: 0.658 | Prec: 0.79 | Rec: 0.56
Epoch 06 | Val Loss: 0.2145 | Val Time Loss: 0.1109 | Val Bce: 0.1591 | F1: 0.549 | Prec: 0.91 | Rec: 0.39
Epoch 07 | Val Loss: 0.2031 | Val Time Loss: 0.1101 | Val Bce: 0.1481 | F1: 0.626 | Prec: 0.79 | Rec: 0.52
Epoch 08 | Val Loss: 0.1970 | Val Time Loss: 0.1110 | Val Bce: 0.1415 | F1: 0.617 | Prec: 0.82 | Rec: 0.49
Epoch 09 | Val Loss: 0.1953 | Val Time Loss: 0.1096 | Val Bce: 0.1405 | F1: 0.616 | Prec: 0.81 | Rec: 0.50
Epoch 10 | Val Loss: 0.2059 | Val Time Loss: 0.1128 | Val Bce: 0.1496 | F1: 0.613 | Prec: 0.82 | Rec: 0.49
Epoch 11 | Val Loss: 0.1964 | Val Time Loss: 0.1074 | Val Bce: 0.1427 | F1: 0.679 | Prec: 0.73 | Rec: 0.64
Epoch 12 | Val Loss: 0.2034 | Val Time Loss: 0.1082 | Val Bce: 0.1493 | F1: 0.599 | Prec: 0.84 | Rec: 0.46
Epoch 13 | Val Loss: 0.1966 | Val Time Loss: 0.1064 | Val Bce: 0.1434 | F1: 0.652 | Prec: 0.75 | Rec: 0.57
Epoch 14 | Val Loss: 0.1948 | Val Time Loss: 0.1058 | Val Bce: 0.1419 | F1: 0.631 | Prec: 0.79 | Rec: 0.53
Epoch 15 | Val Loss: 0.1980 | Val Time Loss: 0.1114 | Val Bce: 0.1423 | F1: 0.641 | Prec: 0.77 | Rec: 0.55
Epoch 16 | Val Loss: 0.2026 | Val Time Loss: 0.1079 | Val Bce: 0.1486 | F1: 0.667 | Prec: 0.73 | Rec: 0.61
Epoch 17 | Val Loss: 0.2000 | Val Time Loss: 0.1061 | Val Bce: 0.1469 | F1: 0.677 | Prec: 0.70 | Rec: 0.66
Epoch 18 | Val Loss: 0.2202 | Val Time Loss: 0.1125 | Val Bce: 0.1639 | F1: 0.680 | Prec: 0.70 | Rec: 0.66
Epoch 19 | Val Loss: 0.2061 | Val Time Loss: 0.1090 | Val Bce: 0.1516 | F1: 0.623 | Prec: 0.78 | Rec: 0.52
Epoch 20 | Val Loss: 0.2064 | Val Time Loss: 0.1099 | Val Bce: 0.1515 | F1: 0.650 | Prec: 0.75 | Rec: 0.57
Epoch 21 | Val Loss: 0.1982 | Val Time Loss: 0.1060 | Val Bce: 0.1452 | F1: 0.669 | Prec: 0.71 | Rec: 0.64
Epoch 22 | Val Loss: 0.1949 | Val Time Loss: 0.1065 | Val Bce: 0.1416 | F1: 0.632 | Prec: 0.76 | Rec: 0.54
Epoch 23 | Val Loss: 0.1996 | Val Time Loss: 0.1088 | Val Bce: 0.1451 | F1: 0.670 | Prec: 0.71 | Rec: 0.63
Epoch 24 | Val Loss: 0.2005 | Val Time Loss: 0.1079 | Val Bce: 0.1465 | F1: 0.629 | Prec: 0.77 | Rec: 0.53

Early stopping triggered at epoch 24

Testing on hold-out set...
Calibrated T = 1.4238
Final Test -> F1: 0.656 | Precision: 0.87 | Recall: 0.53
Recommended Threshold (FPR ≤ 5%): 0.5425 → TPR: 0.465, FPR: 0.038
============================================================
THRESHOLD OPTIMIZATION REPORT
============================================================
Area Under ROC Curve (ROC-AUC): 0.7946
Recommended Threshold (Youden's J): 0.4715
Recommended Threshold (Maximize F1):  0.4360 -> Max F1: 0.7306
------------------------------------------------------------

Classification Report using default threshold (0.500):
              precision    recall  f1-score   support

         0.0      0.647     0.915     0.758       365
         1.0      0.868     0.527     0.656       385

    accuracy                          0.716       750
   macro avg      0.757     0.721     0.707       750
weighted avg      0.760     0.716     0.706       750


Classification Report using optimized F1 threshold (0.436):
              precision    recall  f1-score   support

         0.0      0.778     0.441     0.563       365
         1.0      0.624     0.881     0.731       385

    accuracy                          0.667       750
   macro avg      0.701     0.661     0.647       750
weighted avg      0.699     0.667     0.649       750


Classification Report using minimised FPR threshold (0.5425):
              precision    recall  f1-score   support

         0.0      0.630     0.962     0.761       365
         1.0      0.927     0.465     0.619       385

    accuracy                          0.707       750
   macro avg      0.779     0.713     0.690       750
weighted avg      0.783     0.707     0.688       750

============================================================
Best Threshold -> 0.4359830617904663
Historical false-positive alert timesteps: 66 / 780
============================================================
DYNAMIC CALIBRATION REPORT FOR TARGET REGION
============================================================
A. LATENT SDE SYSTEM CONFIG:
   sigma (Noise Intensity)        : 0.53015
   strat_decay (Damping factor)   : 1.01716
   meso_decay (Dissipation rate)  : 1.34621
------------------------------------------------------------
B. OBSERVATION BASELINES & SWINGS:
   temp     -> Baseline Mean:    5.214 | Physical Swing (±1σ): 1.8767
   salt     -> Baseline Mean:   34.790 | Physical Swing (±1σ): 0.1910
   ssh      -> Baseline Mean:   -1.364 | Physical Swing (±1σ): 0.0607
   u_curr   -> Baseline Mean:   -0.047 | Physical Swing (±1σ): 0.0354
   v_curr   -> Baseline Mean:   -0.004 | Physical Swing (±1σ): 0.0508
============================================================
Generating synthetic dataset...
Fitting scaler on training subset...
Scaler successfully fitted across training pool data.
Scaler statistics exported to 'scalers/synthetic_channel_scaler_36.pkl'

Starting Training...
Epoch 01 | Val Loss: 0.2187 | Val Time Loss: 0.1196 | Val Bce: 0.1590 | F1: 0.632 | Prec: 0.73 | Rec: 0.55
Epoch 02 | Val Loss: 0.2141 | Val Time Loss: 0.1203 | Val Bce: 0.1540 | F1: 0.562 | Prec: 0.84 | Rec: 0.42
Epoch 03 | Val Loss: 0.2437 | Val Time Loss: 0.1195 | Val Bce: 0.1840 | F1: 0.483 | Prec: 0.92 | Rec: 0.33
Epoch 04 | Val Loss: 0.2059 | Val Time Loss: 0.1132 | Val Bce: 0.1493 | F1: 0.631 | Prec: 0.75 | Rec: 0.54
Epoch 05 | Val Loss: 0.2097 | Val Time Loss: 0.1143 | Val Bce: 0.1525 | F1: 0.630 | Prec: 0.73 | Rec: 0.55
Epoch 06 | Val Loss: 0.2044 | Val Time Loss: 0.1124 | Val Bce: 0.1482 | F1: 0.609 | Prec: 0.82 | Rec: 0.49
Epoch 07 | Val Loss: 0.1986 | Val Time Loss: 0.1130 | Val Bce: 0.1422 | F1: 0.636 | Prec: 0.79 | Rec: 0.53
Epoch 08 | Val Loss: 0.1988 | Val Time Loss: 0.1128 | Val Bce: 0.1425 | F1: 0.627 | Prec: 0.77 | Rec: 0.53
Epoch 09 | Val Loss: 0.2026 | Val Time Loss: 0.1138 | Val Bce: 0.1457 | F1: 0.647 | Prec: 0.75 | Rec: 0.57
Epoch 10 | Val Loss: 0.1972 | Val Time Loss: 0.1135 | Val Bce: 0.1404 | F1: 0.638 | Prec: 0.79 | Rec: 0.54
Epoch 11 | Val Loss: 0.1987 | Val Time Loss: 0.1094 | Val Bce: 0.1440 | F1: 0.617 | Prec: 0.81 | Rec: 0.50
Epoch 12 | Val Loss: 0.2035 | Val Time Loss: 0.1064 | Val Bce: 0.1503 | F1: 0.576 | Prec: 0.88 | Rec: 0.43
Epoch 13 | Val Loss: 0.1994 | Val Time Loss: 0.1101 | Val Bce: 0.1443 | F1: 0.622 | Prec: 0.80 | Rec: 0.51
Epoch 14 | Val Loss: 0.1937 | Val Time Loss: 0.1041 | Val Bce: 0.1416 | F1: 0.660 | Prec: 0.78 | Rec: 0.57
Epoch 15 | Val Loss: 0.1975 | Val Time Loss: 0.1100 | Val Bce: 0.1425 | F1: 0.674 | Prec: 0.75 | Rec: 0.62
Epoch 16 | Val Loss: 0.1990 | Val Time Loss: 0.1091 | Val Bce: 0.1444 | F1: 0.687 | Prec: 0.71 | Rec: 0.66
Epoch 17 | Val Loss: 0.2008 | Val Time Loss: 0.1066 | Val Bce: 0.1475 | F1: 0.606 | Prec: 0.83 | Rec: 0.48
Epoch 18 | Val Loss: 0.2039 | Val Time Loss: 0.1047 | Val Bce: 0.1515 | F1: 0.617 | Prec: 0.83 | Rec: 0.49
Epoch 19 | Val Loss: 0.1988 | Val Time Loss: 0.1112 | Val Bce: 0.1432 | F1: 0.635 | Prec: 0.78 | Rec: 0.53
Epoch 20 | Val Loss: 0.1995 | Val Time Loss: 0.1056 | Val Bce: 0.1467 | F1: 0.671 | Prec: 0.74 | Rec: 0.62
Epoch 21 | Val Loss: 0.2005 | Val Time Loss: 0.1061 | Val Bce: 0.1475 | F1: 0.691 | Prec: 0.72 | Rec: 0.67
Epoch 22 | Val Loss: 0.2032 | Val Time Loss: 0.1055 | Val Bce: 0.1505 | F1: 0.672 | Prec: 0.71 | Rec: 0.63
Epoch 23 | Val Loss: 0.2035 | Val Time Loss: 0.1036 | Val Bce: 0.1517 | F1: 0.635 | Prec: 0.75 | Rec: 0.55
Epoch 24 | Val Loss: 0.2054 | Val Time Loss: 0.1048 | Val Bce: 0.1530 | F1: 0.654 | Prec: 0.73 | Rec: 0.59

Early stopping triggered at epoch 24

Testing on hold-out set...
Calibrated T = 1.4239
Final Test -> F1: 0.675 | Precision: 0.84 | Recall: 0.57
Recommended Threshold (FPR ≤ 5%): 0.5450 → TPR: 0.449, FPR: 0.049
============================================================
THRESHOLD OPTIMIZATION REPORT
============================================================
Area Under ROC Curve (ROC-AUC): 0.7709
Recommended Threshold (Youden's J): 0.5118
Recommended Threshold (Maximize F1):  0.4572 -> Max F1: 0.7105
------------------------------------------------------------

Classification Report using default threshold (0.500):
              precision    recall  f1-score   support

         0.0      0.658     0.882     0.754       365
         1.0      0.835     0.566     0.675       385

    accuracy                          0.720       750
   macro avg      0.747     0.724     0.715       750
weighted avg      0.749     0.720     0.713       750


Classification Report using optimized F1 threshold (0.457):
              precision    recall  f1-score   support

         0.0      0.703     0.603     0.649       365
         1.0      0.668     0.758     0.710       385

    accuracy                          0.683       750
   macro avg      0.686     0.681     0.680       750
weighted avg      0.685     0.683     0.681       750


Classification Report using minimised FPR threshold (0.5450):
              precision    recall  f1-score   support

         0.0      0.621     0.951     0.751       365
         1.0      0.906     0.449     0.601       385

    accuracy                          0.693       750
   macro avg      0.763     0.700     0.676       750
weighted avg      0.767     0.693     0.674       750

============================================================
Best Threshold -> 0.45717674493789673
Historical false-positive alert timesteps: 0 / 780
============================================================
DYNAMIC CALIBRATION REPORT FOR TARGET REGION
============================================================
A. LATENT SDE SYSTEM CONFIG:
   sigma (Noise Intensity)        : 0.53228
   strat_decay (Damping factor)   : 0.90297
   meso_decay (Dissipation rate)  : 1.37604
------------------------------------------------------------
B. OBSERVATION BASELINES & SWINGS:
   temp     -> Baseline Mean:    5.195 | Physical Swing (±1σ): 1.8496
   salt     -> Baseline Mean:   34.786 | Physical Swing (±1σ): 0.1827
   ssh      -> Baseline Mean:   -1.385 | Physical Swing (±1σ): 0.0622
   u_curr   -> Baseline Mean:   -0.051 | Physical Swing (±1σ): 0.0379
   v_curr   -> Baseline Mean:   -0.024 | Physical Swing (±1σ): 0.0484
============================================================
Generating synthetic dataset...
Fitting scaler on training subset...
Scaler successfully fitted across training pool data.
Scaler statistics exported to 'scalers/synthetic_channel_scaler_37.pkl'

Starting Training...
Epoch 01 | Val Loss: 0.2208 | Val Time Loss: 0.1213 | Val Bce: 0.1602 | F1: 0.665 | Prec: 0.61 | Rec: 0.73
Epoch 02 | Val Loss: 0.2063 | Val Time Loss: 0.1179 | Val Bce: 0.1473 | F1: 0.649 | Prec: 0.74 | Rec: 0.58
Epoch 03 | Val Loss: 0.2128 | Val Time Loss: 0.1181 | Val Bce: 0.1537 | F1: 0.592 | Prec: 0.84 | Rec: 0.46
Epoch 04 | Val Loss: 0.2180 | Val Time Loss: 0.1103 | Val Bce: 0.1629 | F1: 0.583 | Prec: 0.86 | Rec: 0.44
Epoch 05 | Val Loss: 0.2040 | Val Time Loss: 0.1105 | Val Bce: 0.1488 | F1: 0.577 | Prec: 0.82 | Rec: 0.45
Epoch 06 | Val Loss: 0.2040 | Val Time Loss: 0.1114 | Val Bce: 0.1483 | F1: 0.576 | Prec: 0.88 | Rec: 0.43
Epoch 07 | Val Loss: 0.1991 | Val Time Loss: 0.1068 | Val Bce: 0.1457 | F1: 0.642 | Prec: 0.73 | Rec: 0.57
Epoch 08 | Val Loss: 0.1976 | Val Time Loss: 0.1056 | Val Bce: 0.1447 | F1: 0.639 | Prec: 0.76 | Rec: 0.55
Epoch 09 | Val Loss: 0.2034 | Val Time Loss: 0.1084 | Val Bce: 0.1492 | F1: 0.650 | Prec: 0.70 | Rec: 0.61
Epoch 10 | Val Loss: 0.2115 | Val Time Loss: 0.1085 | Val Bce: 0.1573 | F1: 0.634 | Prec: 0.71 | Rec: 0.57
Epoch 11 | Val Loss: 0.1978 | Val Time Loss: 0.1072 | Val Bce: 0.1442 | F1: 0.669 | Prec: 0.73 | Rec: 0.62
Epoch 12 | Val Loss: 0.1987 | Val Time Loss: 0.1045 | Val Bce: 0.1464 | F1: 0.608 | Prec: 0.76 | Rec: 0.51
Epoch 13 | Val Loss: 0.2059 | Val Time Loss: 0.1076 | Val Bce: 0.1521 | F1: 0.641 | Prec: 0.75 | Rec: 0.56
Epoch 14 | Val Loss: 0.1965 | Val Time Loss: 0.1042 | Val Bce: 0.1444 | F1: 0.619 | Prec: 0.79 | Rec: 0.51
Epoch 15 | Val Loss: 0.2145 | Val Time Loss: 0.1098 | Val Bce: 0.1595 | F1: 0.638 | Prec: 0.75 | Rec: 0.56
Epoch 16 | Val Loss: 0.1997 | Val Time Loss: 0.1062 | Val Bce: 0.1467 | F1: 0.638 | Prec: 0.74 | Rec: 0.56
Epoch 17 | Val Loss: 0.1973 | Val Time Loss: 0.1067 | Val Bce: 0.1439 | F1: 0.602 | Prec: 0.82 | Rec: 0.47
Epoch 18 | Val Loss: 0.2085 | Val Time Loss: 0.1073 | Val Bce: 0.1549 | F1: 0.620 | Prec: 0.77 | Rec: 0.52
Epoch 19 | Val Loss: 0.2059 | Val Time Loss: 0.1030 | Val Bce: 0.1544 | F1: 0.669 | Prec: 0.70 | Rec: 0.64
Epoch 20 | Val Loss: 0.2090 | Val Time Loss: 0.1054 | Val Bce: 0.1563 | F1: 0.669 | Prec: 0.70 | Rec: 0.64
Epoch 21 | Val Loss: 0.2032 | Val Time Loss: 0.1059 | Val Bce: 0.1503 | F1: 0.663 | Prec: 0.73 | Rec: 0.61
Epoch 22 | Val Loss: 0.2071 | Val Time Loss: 0.1048 | Val Bce: 0.1547 | F1: 0.628 | Prec: 0.77 | Rec: 0.53
Epoch 23 | Val Loss: 0.2007 | Val Time Loss: 0.1033 | Val Bce: 0.1490 | F1: 0.623 | Prec: 0.81 | Rec: 0.50
Epoch 24 | Val Loss: 0.2089 | Val Time Loss: 0.1045 | Val Bce: 0.1566 | F1: 0.625 | Prec: 0.75 | Rec: 0.53

Early stopping triggered at epoch 24

Testing on hold-out set...
Calibrated T = 1.4253
Final Test -> F1: 0.656 | Precision: 0.88 | Recall: 0.52
Recommended Threshold (FPR ≤ 5%): 0.5125 → TPR: 0.488, FPR: 0.049
============================================================
THRESHOLD OPTIMIZATION REPORT
============================================================
Area Under ROC Curve (ROC-AUC): 0.7834
Recommended Threshold (Youden's J): 0.4792
Recommended Threshold (Maximize F1):  0.4493 -> Max F1: 0.7244
------------------------------------------------------------

Classification Report using default threshold (0.500):
              precision    recall  f1-score   support

         0.0      0.648     0.926     0.762       365
         1.0      0.882     0.522     0.656       385

    accuracy                          0.719       750
   macro avg      0.765     0.724     0.709       750
weighted avg      0.768     0.719     0.708       750


Classification Report using optimized F1 threshold (0.449):
              precision    recall  f1-score   support

         0.0      0.708     0.723     0.715       365
         1.0      0.732     0.717     0.724       385

    accuracy                          0.720       750
   macro avg      0.720     0.720     0.720       750
weighted avg      0.720     0.720     0.720       750


Classification Report using minimised FPR threshold (0.5125):
              precision    recall  f1-score   support

         0.0      0.638     0.951     0.763       365
         1.0      0.913     0.488     0.636       385

    accuracy                          0.713       750
   macro avg      0.775     0.719     0.700       750
weighted avg      0.779     0.713     0.698       750

============================================================
Best Threshold -> 0.4493071138858795
Historical false-positive alert timesteps: 0 / 780
============================================================
DYNAMIC CALIBRATION REPORT FOR TARGET REGION
============================================================
A. LATENT SDE SYSTEM CONFIG:
   sigma (Noise Intensity)        : 0.47580
   strat_decay (Damping factor)   : 0.72173
   meso_decay (Dissipation rate)  : 1.50952
------------------------------------------------------------
B. OBSERVATION BASELINES & SWINGS:
   temp     -> Baseline Mean:    5.277 | Physical Swing (±1σ): 1.8609
   salt     -> Baseline Mean:   34.824 | Physical Swing (±1σ): 0.1941
   ssh      -> Baseline Mean:   -1.363 | Physical Swing (±1σ): 0.0659
   u_curr   -> Baseline Mean:   -0.048 | Physical Swing (±1σ): 0.0371
   v_curr   -> Baseline Mean:   -0.012 | Physical Swing (±1σ): 0.0470
============================================================
Generating synthetic dataset...
Fitting scaler on training subset...
Scaler successfully fitted across training pool data.
Scaler statistics exported to 'scalers/synthetic_channel_scaler_38.pkl'

Starting Training...
Epoch 01 | Val Loss: 0.2228 | Val Time Loss: 0.1158 | Val Bce: 0.1649 | F1: 0.666 | Prec: 0.65 | Rec: 0.68
Epoch 02 | Val Loss: 0.2082 | Val Time Loss: 0.1164 | Val Bce: 0.1500 | F1: 0.620 | Prec: 0.80 | Rec: 0.50
Epoch 03 | Val Loss: 0.2064 | Val Time Loss: 0.1200 | Val Bce: 0.1464 | F1: 0.635 | Prec: 0.77 | Rec: 0.54
Epoch 04 | Val Loss: 0.2009 | Val Time Loss: 0.1137 | Val Bce: 0.1440 | F1: 0.646 | Prec: 0.76 | Rec: 0.56
Epoch 05 | Val Loss: 0.1988 | Val Time Loss: 0.1119 | Val Bce: 0.1429 | F1: 0.649 | Prec: 0.75 | Rec: 0.57
Epoch 06 | Val Loss: 0.2007 | Val Time Loss: 0.1141 | Val Bce: 0.1437 | F1: 0.674 | Prec: 0.74 | Rec: 0.62
Epoch 07 | Val Loss: 0.1976 | Val Time Loss: 0.1100 | Val Bce: 0.1426 | F1: 0.648 | Prec: 0.77 | Rec: 0.56
Epoch 08 | Val Loss: 0.2046 | Val Time Loss: 0.1105 | Val Bce: 0.1493 | F1: 0.636 | Prec: 0.83 | Rec: 0.51
Epoch 09 | Val Loss: 0.2084 | Val Time Loss: 0.1126 | Val Bce: 0.1521 | F1: 0.671 | Prec: 0.71 | Rec: 0.63
Epoch 10 | Val Loss: 0.1969 | Val Time Loss: 0.1122 | Val Bce: 0.1408 | F1: 0.644 | Prec: 0.78 | Rec: 0.55
Epoch 11 | Val Loss: 0.2005 | Val Time Loss: 0.1104 | Val Bce: 0.1454 | F1: 0.680 | Prec: 0.72 | Rec: 0.65
Epoch 12 | Val Loss: 0.1929 | Val Time Loss: 0.1077 | Val Bce: 0.1390 | F1: 0.668 | Prec: 0.74 | Rec: 0.61
Epoch 13 | Val Loss: 0.1977 | Val Time Loss: 0.1073 | Val Bce: 0.1441 | F1: 0.666 | Prec: 0.77 | Rec: 0.59
Epoch 14 | Val Loss: 0.1983 | Val Time Loss: 0.1094 | Val Bce: 0.1436 | F1: 0.670 | Prec: 0.72 | Rec: 0.63
Epoch 15 | Val Loss: 0.2087 | Val Time Loss: 0.1102 | Val Bce: 0.1536 | F1: 0.690 | Prec: 0.61 | Rec: 0.79
Epoch 16 | Val Loss: 0.2003 | Val Time Loss: 0.1069 | Val Bce: 0.1468 | F1: 0.652 | Prec: 0.72 | Rec: 0.59
Epoch 17 | Val Loss: 0.1954 | Val Time Loss: 0.1066 | Val Bce: 0.1421 | F1: 0.656 | Prec: 0.74 | Rec: 0.59
Epoch 18 | Val Loss: 0.2015 | Val Time Loss: 0.1076 | Val Bce: 0.1477 | F1: 0.644 | Prec: 0.74 | Rec: 0.57
Epoch 19 | Val Loss: 0.2051 | Val Time Loss: 0.1053 | Val Bce: 0.1524 | F1: 0.687 | Prec: 0.67 | Rec: 0.71
Epoch 20 | Val Loss: 0.2008 | Val Time Loss: 0.1063 | Val Bce: 0.1477 | F1: 0.634 | Prec: 0.81 | Rec: 0.52
Epoch 21 | Val Loss: 0.2090 | Val Time Loss: 0.1070 | Val Bce: 0.1555 | F1: 0.655 | Prec: 0.70 | Rec: 0.62
Epoch 22 | Val Loss: 0.2133 | Val Time Loss: 0.1053 | Val Bce: 0.1607 | F1: 0.670 | Prec: 0.69 | Rec: 0.65

Early stopping triggered at epoch 22

Testing on hold-out set...
Calibrated T = 1.4219
Final Test -> F1: 0.714 | Precision: 0.86 | Recall: 0.61
Recommended Threshold (FPR ≤ 5%): 0.5574 → TPR: 0.483, FPR: 0.049
============================================================
THRESHOLD OPTIMIZATION REPORT
============================================================
Area Under ROC Curve (ROC-AUC): 0.7995
Recommended Threshold (Youden's J): 0.4976
Recommended Threshold (Maximize F1):  0.4843 -> Max F1: 0.7386
------------------------------------------------------------

Classification Report using default threshold (0.500):
              precision    recall  f1-score   support

         0.0      0.686     0.890     0.775       365
         1.0      0.855     0.613     0.714       385

    accuracy                          0.748       750
   macro avg      0.770     0.752     0.744       750
weighted avg      0.773     0.748     0.744       750


Classification Report using optimized F1 threshold (0.484):
              precision    recall  f1-score   support

         0.0      0.710     0.838     0.769       365
         1.0      0.815     0.675     0.739       385

    accuracy                          0.755       750
   macro avg      0.763     0.757     0.754       750
weighted avg      0.764     0.755     0.753       750


Classification Report using minimised FPR threshold (0.5574):
              precision    recall  f1-score   support

         0.0      0.636     0.951     0.762       365
         1.0      0.912     0.483     0.632       385

    accuracy                          0.711       750
   macro avg      0.774     0.717     0.697       750
weighted avg      0.777     0.711     0.695       750

============================================================
Best Threshold -> 0.48425745964050293
Historical false-positive alert timesteps: 0 / 780
============================================================
DYNAMIC CALIBRATION REPORT FOR TARGET REGION
============================================================
A. LATENT SDE SYSTEM CONFIG:
   sigma (Noise Intensity)        : 0.48470
   strat_decay (Damping factor)   : 1.20870
   meso_decay (Dissipation rate)  : 1.40553
------------------------------------------------------------
B. OBSERVATION BASELINES & SWINGS:
   temp     -> Baseline Mean:    5.318 | Physical Swing (±1σ): 1.7884
   salt     -> Baseline Mean:   34.845 | Physical Swing (±1σ): 0.1889
   ssh      -> Baseline Mean:   -1.397 | Physical Swing (±1σ): 0.0657
   u_curr   -> Baseline Mean:   -0.044 | Physical Swing (±1σ): 0.0363
   v_curr   -> Baseline Mean:   -0.013 | Physical Swing (±1σ): 0.0517
============================================================
Generating synthetic dataset...
Fitting scaler on training subset...
Scaler successfully fitted across training pool data.
Scaler statistics exported to 'scalers/synthetic_channel_scaler_39.pkl'

Starting Training...
Epoch 01 | Val Loss: 0.2264 | Val Time Loss: 0.1198 | Val Bce: 0.1665 | F1: 0.598 | Prec: 0.84 | Rec: 0.46
Epoch 02 | Val Loss: 0.2109 | Val Time Loss: 0.1166 | Val Bce: 0.1526 | F1: 0.612 | Prec: 0.80 | Rec: 0.49
Epoch 03 | Val Loss: 0.2099 | Val Time Loss: 0.1177 | Val Bce: 0.1511 | F1: 0.630 | Prec: 0.79 | Rec: 0.52
Epoch 04 | Val Loss: 0.2027 | Val Time Loss: 0.1170 | Val Bce: 0.1442 | F1: 0.669 | Prec: 0.73 | Rec: 0.62
Epoch 05 | Val Loss: 0.2025 | Val Time Loss: 0.1159 | Val Bce: 0.1445 | F1: 0.654 | Prec: 0.72 | Rec: 0.60
Epoch 06 | Val Loss: 0.2025 | Val Time Loss: 0.1175 | Val Bce: 0.1437 | F1: 0.627 | Prec: 0.82 | Rec: 0.51
Epoch 07 | Val Loss: 0.2136 | Val Time Loss: 0.1113 | Val Bce: 0.1580 | F1: 0.577 | Prec: 0.88 | Rec: 0.43
Epoch 08 | Val Loss: 0.1954 | Val Time Loss: 0.1105 | Val Bce: 0.1401 | F1: 0.629 | Prec: 0.77 | Rec: 0.53
Epoch 09 | Val Loss: 0.1960 | Val Time Loss: 0.1108 | Val Bce: 0.1406 | F1: 0.638 | Prec: 0.76 | Rec: 0.55
Epoch 10 | Val Loss: 0.1922 | Val Time Loss: 0.1073 | Val Bce: 0.1385 | F1: 0.613 | Prec: 0.78 | Rec: 0.50
Epoch 11 | Val Loss: 0.1946 | Val Time Loss: 0.1076 | Val Bce: 0.1408 | F1: 0.646 | Prec: 0.81 | Rec: 0.54
Epoch 12 | Val Loss: 0.1922 | Val Time Loss: 0.1064 | Val Bce: 0.1390 | F1: 0.611 | Prec: 0.83 | Rec: 0.48
Epoch 13 | Val Loss: 0.2036 | Val Time Loss: 0.1065 | Val Bce: 0.1504 | F1: 0.621 | Prec: 0.80 | Rec: 0.51
Epoch 14 | Val Loss: 0.1934 | Val Time Loss: 0.1039 | Val Bce: 0.1414 | F1: 0.619 | Prec: 0.82 | Rec: 0.50
Epoch 15 | Val Loss: 0.1929 | Val Time Loss: 0.1059 | Val Bce: 0.1399 | F1: 0.631 | Prec: 0.77 | Rec: 0.53
Epoch 16 | Val Loss: 0.1975 | Val Time Loss: 0.1084 | Val Bce: 0.1434 | F1: 0.653 | Prec: 0.77 | Rec: 0.57
Epoch 17 | Val Loss: 0.1944 | Val Time Loss: 0.1070 | Val Bce: 0.1409 | F1: 0.638 | Prec: 0.76 | Rec: 0.55
Epoch 18 | Val Loss: 0.2137 | Val Time Loss: 0.1062 | Val Bce: 0.1606 | F1: 0.654 | Prec: 0.73 | Rec: 0.59
Epoch 19 | Val Loss: 0.1932 | Val Time Loss: 0.1018 | Val Bce: 0.1423 | F1: 0.664 | Prec: 0.76 | Rec: 0.59
Epoch 20 | Val Loss: 0.2007 | Val Time Loss: 0.1040 | Val Bce: 0.1487 | F1: 0.667 | Prec: 0.73 | Rec: 0.61

Early stopping triggered at epoch 20

Testing on hold-out set...
Calibrated T = 1.4264
Final Test -> F1: 0.666 | Precision: 0.89 | Recall: 0.53
Recommended Threshold (FPR ≤ 5%): 0.5167 → TPR: 0.486, FPR: 0.049
============================================================
THRESHOLD OPTIMIZATION REPORT
============================================================
Area Under ROC Curve (ROC-AUC): 0.7837
Recommended Threshold (Youden's J): 0.4760
Recommended Threshold (Maximize F1):  0.4760 -> Max F1: 0.7221
------------------------------------------------------------

Classification Report using default threshold (0.500):
              precision    recall  f1-score   support

         0.0      0.653     0.929     0.767       365
         1.0      0.887     0.532     0.666       385

    accuracy                          0.725       750
   macro avg      0.770     0.731     0.716       750
weighted avg      0.773     0.725     0.715       750


Classification Report using optimized F1 threshold (0.476):
              precision    recall  f1-score   support

         0.0      0.696     0.833     0.758       365
         1.0      0.805     0.655     0.722       385

    accuracy                          0.741       750
   macro avg      0.750     0.744     0.740       750
weighted avg      0.752     0.741     0.740       750


Classification Report using minimised FPR threshold (0.5167):
              precision    recall  f1-score   support

         0.0      0.637     0.951     0.763       365
         1.0      0.912     0.486     0.634       385

    accuracy                          0.712       750
   macro avg      0.774     0.718     0.698       750
weighted avg      0.778     0.712     0.697       750

============================================================
Best Threshold -> 0.47603172063827515
Historical false-positive alert timesteps: 0 / 780
============================================================
DYNAMIC CALIBRATION REPORT FOR TARGET REGION
============================================================
A. LATENT SDE SYSTEM CONFIG:
   sigma (Noise Intensity)        : 0.50531
   strat_decay (Damping factor)   : 0.77441
   meso_decay (Dissipation rate)  : 1.38262
------------------------------------------------------------
B. OBSERVATION BASELINES & SWINGS:
   temp     -> Baseline Mean:    5.399 | Physical Swing (±1σ): 1.8737
   salt     -> Baseline Mean:   34.849 | Physical Swing (±1σ): 0.1943
   ssh      -> Baseline Mean:   -1.348 | Physical Swing (±1σ): 0.0615
   u_curr   -> Baseline Mean:   -0.045 | Physical Swing (±1σ): 0.0355
   v_curr   -> Baseline Mean:   -0.000 | Physical Swing (±1σ): 0.0470
============================================================
Generating synthetic dataset...
Fitting scaler on training subset...
Scaler successfully fitted across training pool data.
Scaler statistics exported to 'scalers/synthetic_channel_scaler_40.pkl'

Starting Training...
Epoch 01 | Val Loss: 0.2228 | Val Time Loss: 0.1163 | Val Bce: 0.1646 | F1: 0.653 | Prec: 0.68 | Rec: 0.63
Epoch 02 | Val Loss: 0.2135 | Val Time Loss: 0.1172 | Val Bce: 0.1549 | F1: 0.651 | Prec: 0.68 | Rec: 0.62
Epoch 03 | Val Loss: 0.2200 | Val Time Loss: 0.1168 | Val Bce: 0.1616 | F1: 0.651 | Prec: 0.70 | Rec: 0.61
Epoch 04 | Val Loss: 0.1993 | Val Time Loss: 0.1146 | Val Bce: 0.1420 | F1: 0.601 | Prec: 0.82 | Rec: 0.47
Epoch 05 | Val Loss: 0.2014 | Val Time Loss: 0.1169 | Val Bce: 0.1429 | F1: 0.631 | Prec: 0.77 | Rec: 0.54
Epoch 06 | Val Loss: 0.2011 | Val Time Loss: 0.1098 | Val Bce: 0.1462 | F1: 0.660 | Prec: 0.73 | Rec: 0.60
Epoch 07 | Val Loss: 0.2031 | Val Time Loss: 0.1162 | Val Bce: 0.1450 | F1: 0.651 | Prec: 0.75 | Rec: 0.57
Epoch 08 | Val Loss: 0.1975 | Val Time Loss: 0.1085 | Val Bce: 0.1432 | F1: 0.665 | Prec: 0.72 | Rec: 0.62
Epoch 09 | Val Loss: 0.1997 | Val Time Loss: 0.1123 | Val Bce: 0.1436 | F1: 0.687 | Prec: 0.69 | Rec: 0.68
Epoch 10 | Val Loss: 0.1949 | Val Time Loss: 0.1091 | Val Bce: 0.1403 | F1: 0.629 | Prec: 0.81 | Rec: 0.51
Epoch 11 | Val Loss: 0.2016 | Val Time Loss: 0.1076 | Val Bce: 0.1478 | F1: 0.672 | Prec: 0.69 | Rec: 0.66
Epoch 12 | Val Loss: 0.2025 | Val Time Loss: 0.1111 | Val Bce: 0.1470 | F1: 0.682 | Prec: 0.70 | Rec: 0.66
Epoch 13 | Val Loss: 0.2151 | Val Time Loss: 0.1081 | Val Bce: 0.1611 | F1: 0.660 | Prec: 0.73 | Rec: 0.60
Epoch 14 | Val Loss: 0.2006 | Val Time Loss: 0.1068 | Val Bce: 0.1471 | F1: 0.658 | Prec: 0.74 | Rec: 0.59
Epoch 15 | Val Loss: 0.2074 | Val Time Loss: 0.1151 | Val Bce: 0.1499 | F1: 0.652 | Prec: 0.73 | Rec: 0.59
Epoch 16 | Val Loss: 0.2081 | Val Time Loss: 0.1073 | Val Bce: 0.1544 | F1: 0.668 | Prec: 0.70 | Rec: 0.64
Epoch 17 | Val Loss: 0.2173 | Val Time Loss: 0.1107 | Val Bce: 0.1619 | F1: 0.667 | Prec: 0.71 | Rec: 0.63
Epoch 18 | Val Loss: 0.2037 | Val Time Loss: 0.1107 | Val Bce: 0.1484 | F1: 0.630 | Prec: 0.77 | Rec: 0.53
Epoch 19 | Val Loss: 0.2070 | Val Time Loss: 0.1120 | Val Bce: 0.1510 | F1: 0.651 | Prec: 0.74 | Rec: 0.58
Epoch 20 | Val Loss: 0.2079 | Val Time Loss: 0.1094 | Val Bce: 0.1532 | F1: 0.666 | Prec: 0.68 | Rec: 0.65

Early stopping triggered at epoch 20

Testing on hold-out set...
Calibrated T = 1.4248
Final Test -> F1: 0.645 | Precision: 0.89 | Recall: 0.50
Recommended Threshold (FPR ≤ 5%): 0.5092 → TPR: 0.483, FPR: 0.049
============================================================
THRESHOLD OPTIMIZATION REPORT
============================================================
Area Under ROC Curve (ROC-AUC): 0.7628
Recommended Threshold (Youden's J): 0.4987
Recommended Threshold (Maximize F1):  0.4491 -> Max F1: 0.7063
------------------------------------------------------------

Classification Report using default threshold (0.500):
              precision    recall  f1-score   support

         0.0      0.642     0.937     0.762       365
         1.0      0.894     0.504     0.645       385

    accuracy                          0.715       750
   macro avg      0.768     0.720     0.703       750
weighted avg      0.771     0.715     0.702       750


Classification Report using optimized F1 threshold (0.449):
              precision    recall  f1-score   support

         0.0      0.701     0.564     0.625       365
         1.0      0.651     0.771     0.706       385

    accuracy                          0.671       750
   macro avg      0.676     0.668     0.666       750
weighted avg      0.675     0.671     0.667       750


Classification Report using minimised FPR threshold (0.5092):
              precision    recall  f1-score   support

         0.0      0.636     0.951     0.762       365
         1.0      0.912     0.483     0.632       385

    accuracy                          0.711       750
   macro avg      0.774     0.717     0.697       750
weighted avg      0.777     0.711     0.695       750

============================================================
Best Threshold -> 0.4491287171840668
Historical false-positive alert timesteps: 11 / 780
