/home/users/thopri/.local/lib/python3.12/site-packages/torch/nn/modules/transformer.py:515: UserWarning: The PyTorch API of nested tensors is in prototype stage and will change in the near future. We recommend specifying layout=torch.jagged when constructing a nested tensor, as this layout receives active development, has better operator coverage, and works with torch.compile. (Triggered internally at /pytorch/aten/src/ATen/NestedTensorImpl.cpp:178.)
  output = torch._nested_tensor_from_mask(
/home/users/thopri/.local/lib/python3.12/site-packages/torch/optim/lbfgs.py:457: UserWarning: Converting a tensor with requires_grad=True to a scalar may lead to unexpected behavior.
Consider using tensor.detach() first. (Triggered internally at /pytorch/torch/csrc/autograd/generated/python_variable_methods.cpp:835.)
  loss = float(closure())
/home/users/thopri/PROMOTE/LatentTCN/pipeline.py:284: RuntimeWarning: overflow encountered in scalar power
  r[t] = r[t-1] + (mu * r[t-1] - r[t-1]**3) * dt + sigma * self.rng.standard_normal()
/home/users/thopri/PROMOTE/LatentTCN/pipeline.py:284: RuntimeWarning: invalid value encountered in scalar add
  r[t] = r[t-1] + (mu * r[t-1] - r[t-1]**3) * dt + sigma * self.rng.standard_normal()
/home/users/thopri/PROMOTE/LatentTCN/pipeline.py:860: RuntimeWarning: More than 20 figures have been opened. Figures created through the pyplot interface (`matplotlib.pyplot.figure`) are retained until explicitly closed and may consume too much memory. (To control this warning, see the rcParam `figure.max_open_warning`). Consider using `matplotlib.pyplot.close()`.
  fig, (ax1, ax2) = plt.subplots(1, 2, figsize=(14, 5))
============================================================
DYNAMIC CALIBRATION REPORT FOR TARGET REGION
============================================================
A. LATENT SDE SYSTEM CONFIG:
   sigma (Noise Intensity)        : 0.56315
   strat_decay (Damping factor)   : 0.91310
   meso_decay (Dissipation rate)  : 1.25592
------------------------------------------------------------
B. OBSERVATION BASELINES & SWINGS:
   temp     -> Baseline Mean:    5.177 | Physical Swing (±1σ): 1.8944
   salt     -> Baseline Mean:   34.816 | Physical Swing (±1σ): 0.2135
   ssh      -> Baseline Mean:   -1.454 | Physical Swing (±1σ): 0.0665
   u_curr   -> Baseline Mean:   -0.050 | Physical Swing (±1σ): 0.0376
   v_curr   -> Baseline Mean:   -0.005 | Physical Swing (±1σ): 0.0465
============================================================
Generating synthetic dataset...
Fitting scaler on training subset...
Scaler successfully fitted across training pool data.
Scaler statistics exported to 'scalers/synthetic_channel_scaler_1.pkl'

Starting Training...
Epoch 01 | Val Loss: 0.1818 | F1: 0.526 | Prec: 0.86 | Rec: 0.38
Epoch 02 | Val Loss: 0.1819 | F1: 0.612 | Prec: 0.81 | Rec: 0.49
Epoch 03 | Val Loss: 0.1836 | F1: 0.556 | Prec: 0.90 | Rec: 0.40
Epoch 04 | Val Loss: 0.1751 | F1: 0.577 | Prec: 0.85 | Rec: 0.44
Epoch 05 | Val Loss: 0.1811 | F1: 0.526 | Prec: 0.90 | Rec: 0.37
Epoch 06 | Val Loss: 0.1628 | F1: 0.564 | Prec: 0.88 | Rec: 0.42
Epoch 07 | Val Loss: 0.1685 | F1: 0.576 | Prec: 0.85 | Rec: 0.44
Epoch 08 | Val Loss: 0.1708 | F1: 0.586 | Prec: 0.84 | Rec: 0.45
Epoch 09 | Val Loss: 0.1719 | F1: 0.591 | Prec: 0.84 | Rec: 0.46
Epoch 10 | Val Loss: 0.1833 | F1: 0.539 | Prec: 0.91 | Rec: 0.38
Epoch 11 | Val Loss: 0.1679 | F1: 0.556 | Prec: 0.87 | Rec: 0.41
Epoch 12 | Val Loss: 0.1760 | F1: 0.589 | Prec: 0.84 | Rec: 0.45
Epoch 13 | Val Loss: 0.1697 | F1: 0.624 | Prec: 0.80 | Rec: 0.51
Epoch 14 | Val Loss: 0.1713 | F1: 0.559 | Prec: 0.92 | Rec: 0.40
Epoch 15 | Val Loss: 0.1676 | F1: 0.612 | Prec: 0.81 | Rec: 0.49
Epoch 16 | Val Loss: 0.1651 | F1: 0.607 | Prec: 0.80 | Rec: 0.49

Early stopping triggered at epoch 16

Testing on hold-out set...
Calibrated T = 1.4307
Final Test -> F1: 0.594 | Precision: 0.93 | Recall: 0.44
Recommended Threshold (FPR ≤ 5%): 0.4933 → TPR: 0.460, FPR: 0.049
============================================================
THRESHOLD OPTIMIZATION REPORT
============================================================
Area Under ROC Curve (ROC-AUC): 0.7820
Recommended Threshold (Youden's J): 0.4754
Recommended Threshold (Maximize F1):  0.4512 -> Max F1: 0.7264
------------------------------------------------------------

Classification Report using default threshold (0.500):
              precision    recall  f1-score   support

         0.0      0.619     0.964     0.754       365
         1.0      0.928     0.436     0.594       385

    accuracy                          0.693       750
   macro avg      0.773     0.700     0.674       750
weighted avg      0.778     0.693     0.672       750


Classification Report using optimized F1 threshold (0.451):
              precision    recall  f1-score   support

         0.0      0.728     0.595     0.655       365
         1.0      0.673     0.790     0.726       385

    accuracy                          0.695       750
   macro avg      0.700     0.692     0.691       750
weighted avg      0.700     0.695     0.691       750


Classification Report using minimised FPR threshold (0.4933):
============================================================
Best Threshold -> 0.45123735070228577
Historical false-positive alert timesteps: 0 / 780
============================================================
DYNAMIC CALIBRATION REPORT FOR TARGET REGION
============================================================
A. LATENT SDE SYSTEM CONFIG:
   sigma (Noise Intensity)        : 0.52204
   strat_decay (Damping factor)   : 0.77808
   meso_decay (Dissipation rate)  : 1.42302
------------------------------------------------------------
B. OBSERVATION BASELINES & SWINGS:
   temp     -> Baseline Mean:    5.225 | Physical Swing (±1σ): 1.8578
   salt     -> Baseline Mean:   34.836 | Physical Swing (±1σ): 0.2153
   ssh      -> Baseline Mean:   -1.459 | Physical Swing (±1σ): 0.0669
   u_curr   -> Baseline Mean:   -0.056 | Physical Swing (±1σ): 0.0359
   v_curr   -> Baseline Mean:   -0.012 | Physical Swing (±1σ): 0.0474
============================================================
Generating synthetic dataset...
Fitting scaler on training subset...
Scaler successfully fitted across training pool data.
Scaler statistics exported to 'scalers/synthetic_channel_scaler_2.pkl'

Starting Training...
Epoch 01 | Val Loss: 0.1712 | F1: 0.668 | Prec: 0.76 | Rec: 0.59
Epoch 02 | Val Loss: 0.1668 | F1: 0.606 | Prec: 0.86 | Rec: 0.47
Epoch 03 | Val Loss: 0.1707 | F1: 0.590 | Prec: 0.90 | Rec: 0.44
Epoch 04 | Val Loss: 0.1639 | F1: 0.628 | Prec: 0.87 | Rec: 0.49
Epoch 05 | Val Loss: 0.1638 | F1: 0.579 | Prec: 0.90 | Rec: 0.43
Epoch 06 | Val Loss: 0.1642 | F1: 0.658 | Prec: 0.72 | Rec: 0.61
Epoch 07 | Val Loss: 0.1681 | F1: 0.545 | Prec: 0.91 | Rec: 0.39
Epoch 08 | Val Loss: 0.1597 | F1: 0.649 | Prec: 0.79 | Rec: 0.55
Epoch 09 | Val Loss: 0.1646 | F1: 0.576 | Prec: 0.88 | Rec: 0.43
Epoch 10 | Val Loss: 0.1669 | F1: 0.590 | Prec: 0.87 | Rec: 0.45
Epoch 11 | Val Loss: 0.1750 | F1: 0.601 | Prec: 0.89 | Rec: 0.45
Epoch 12 | Val Loss: 0.1718 | F1: 0.576 | Prec: 0.92 | Rec: 0.42
Epoch 13 | Val Loss: 0.1599 | F1: 0.591 | Prec: 0.85 | Rec: 0.45
Epoch 14 | Val Loss: 0.1810 | F1: 0.558 | Prec: 0.91 | Rec: 0.40
Epoch 15 | Val Loss: 0.1644 | F1: 0.660 | Prec: 0.75 | Rec: 0.59
Epoch 16 | Val Loss: 0.1632 | F1: 0.623 | Prec: 0.81 | Rec: 0.51
Epoch 17 | Val Loss: 0.1747 | F1: 0.635 | Prec: 0.82 | Rec: 0.52
Epoch 18 | Val Loss: 0.1686 | F1: 0.606 | Prec: 0.88 | Rec: 0.46

Early stopping triggered at epoch 18

Testing on hold-out set...
Calibrated T = 1.4206
Final Test -> F1: 0.685 | Precision: 0.84 | Recall: 0.58
Recommended Threshold (FPR ≤ 5%): 0.5279 → TPR: 0.478, FPR: 0.049
============================================================
THRESHOLD OPTIMIZATION REPORT
============================================================
Area Under ROC Curve (ROC-AUC): 0.7828
Recommended Threshold (Youden's J): 0.4950
Recommended Threshold (Maximize F1):  0.4672 -> Max F1: 0.7180
------------------------------------------------------------

Classification Report using default threshold (0.500):
              precision    recall  f1-score   support

         0.0      0.665     0.882     0.759       365
         1.0      0.838     0.579     0.685       385

    accuracy                          0.727       750
   macro avg      0.752     0.731     0.722       750
weighted avg      0.754     0.727     0.721       750


Classification Report using optimized F1 threshold (0.467):
              precision    recall  f1-score   support

         0.0      0.709     0.641     0.673       365
         1.0      0.688     0.751     0.718       385

    accuracy                          0.697       750
   macro avg      0.699     0.696     0.696       750
weighted avg      0.698     0.697     0.696       750


Classification Report using minimised FPR threshold (0.5279):
============================================================
Best Threshold -> 0.46722573041915894
Historical false-positive alert timesteps: 0 / 780
============================================================
DYNAMIC CALIBRATION REPORT FOR TARGET REGION
============================================================
A. LATENT SDE SYSTEM CONFIG:
   sigma (Noise Intensity)        : 0.46915
   strat_decay (Damping factor)   : 1.06619
   meso_decay (Dissipation rate)  : 1.44019
------------------------------------------------------------
B. OBSERVATION BASELINES & SWINGS:
   temp     -> Baseline Mean:    5.090 | Physical Swing (±1σ): 1.8732
   salt     -> Baseline Mean:   34.792 | Physical Swing (±1σ): 0.1882
   ssh      -> Baseline Mean:   -1.437 | Physical Swing (±1σ): 0.0593
   u_curr   -> Baseline Mean:   -0.045 | Physical Swing (±1σ): 0.0356
   v_curr   -> Baseline Mean:   -0.001 | Physical Swing (±1σ): 0.0465
============================================================
Generating synthetic dataset...
Fitting scaler on training subset...
Scaler successfully fitted across training pool data.
Scaler statistics exported to 'scalers/synthetic_channel_scaler_3.pkl'

Starting Training...
Epoch 01 | Val Loss: 0.1693 | F1: 0.660 | Prec: 0.76 | Rec: 0.58
Epoch 02 | Val Loss: 0.1934 | F1: 0.601 | Prec: 0.83 | Rec: 0.47
Epoch 03 | Val Loss: 0.1882 | F1: 0.552 | Prec: 0.93 | Rec: 0.39
Epoch 04 | Val Loss: 0.1648 | F1: 0.652 | Prec: 0.82 | Rec: 0.54
Epoch 05 | Val Loss: 0.1656 | F1: 0.643 | Prec: 0.82 | Rec: 0.53
Epoch 06 | Val Loss: 0.1549 | F1: 0.662 | Prec: 0.75 | Rec: 0.59
Epoch 07 | Val Loss: 0.1684 | F1: 0.590 | Prec: 0.91 | Rec: 0.44
Epoch 08 | Val Loss: 0.1648 | F1: 0.579 | Prec: 0.92 | Rec: 0.42
Epoch 09 | Val Loss: 0.1639 | F1: 0.628 | Prec: 0.87 | Rec: 0.49
Epoch 10 | Val Loss: 0.1708 | F1: 0.573 | Prec: 0.91 | Rec: 0.42
Epoch 11 | Val Loss: 0.1684 | F1: 0.655 | Prec: 0.85 | Rec: 0.53
Epoch 12 | Val Loss: 0.1640 | F1: 0.646 | Prec: 0.79 | Rec: 0.54
Epoch 13 | Val Loss: 0.1777 | F1: 0.562 | Prec: 0.91 | Rec: 0.41
Epoch 14 | Val Loss: 0.1692 | F1: 0.677 | Prec: 0.81 | Rec: 0.58
Epoch 15 | Val Loss: 0.1580 | F1: 0.649 | Prec: 0.82 | Rec: 0.54
Epoch 16 | Val Loss: 0.1668 | F1: 0.598 | Prec: 0.86 | Rec: 0.46

Early stopping triggered at epoch 16

Testing on hold-out set...
Calibrated T = 1.4181
Final Test -> F1: 0.702 | Precision: 0.81 | Recall: 0.62
Recommended Threshold (FPR ≤ 5%): 0.5418 → TPR: 0.481, FPR: 0.049
============================================================
THRESHOLD OPTIMIZATION REPORT
============================================================
Area Under ROC Curve (ROC-AUC): 0.7939
Recommended Threshold (Youden's J): 0.5125
Recommended Threshold (Maximize F1):  0.4713 -> Max F1: 0.7304
------------------------------------------------------------

Classification Report using default threshold (0.500):
              precision    recall  f1-score   support

         0.0      0.678     0.844     0.752       365
         1.0      0.807     0.621     0.702       385

    accuracy                          0.729       750
   macro avg      0.743     0.732     0.727       750
weighted avg      0.745     0.729     0.726       750


Classification Report using optimized F1 threshold (0.471):
              precision    recall  f1-score   support

         0.0      0.724     0.655     0.688       365
         1.0      0.700     0.764     0.730       385

    accuracy                          0.711       750
   macro avg      0.712     0.709     0.709       750
weighted avg      0.712     0.711     0.710       750


Classification Report using minimised FPR threshold (0.5418):
============================================================
Best Threshold -> 0.47128060460090637
Historical false-positive alert timesteps: 627 / 780
============================================================
DYNAMIC CALIBRATION REPORT FOR TARGET REGION
============================================================
A. LATENT SDE SYSTEM CONFIG:
   sigma (Noise Intensity)        : 0.58709
   strat_decay (Damping factor)   : 0.76472
   meso_decay (Dissipation rate)  : 1.27406
------------------------------------------------------------
B. OBSERVATION BASELINES & SWINGS:
   temp     -> Baseline Mean:    5.142 | Physical Swing (±1σ): 1.8890
   salt     -> Baseline Mean:   34.859 | Physical Swing (±1σ): 0.2217
   ssh      -> Baseline Mean:   -1.450 | Physical Swing (±1σ): 0.0630
   u_curr   -> Baseline Mean:   -0.050 | Physical Swing (±1σ): 0.0375
   v_curr   -> Baseline Mean:   -0.013 | Physical Swing (±1σ): 0.0454
============================================================
Generating synthetic dataset...
Fitting scaler on training subset...
Scaler successfully fitted across training pool data.
Scaler statistics exported to 'scalers/synthetic_channel_scaler_4.pkl'

Starting Training...
Epoch 01 | Val Loss: 0.1901 | F1: 0.579 | Prec: 0.81 | Rec: 0.45
Epoch 02 | Val Loss: 0.1845 | F1: 0.580 | Prec: 0.81 | Rec: 0.45
Epoch 03 | Val Loss: 0.1957 | F1: 0.524 | Prec: 0.88 | Rec: 0.37
Epoch 04 | Val Loss: 0.1681 | F1: 0.590 | Prec: 0.85 | Rec: 0.45
Epoch 05 | Val Loss: 0.1750 | F1: 0.520 | Prec: 0.92 | Rec: 0.36
Epoch 06 | Val Loss: 0.1781 | F1: 0.540 | Prec: 0.90 | Rec: 0.39
Epoch 07 | Val Loss: 0.1848 | F1: 0.509 | Prec: 0.94 | Rec: 0.35
Epoch 08 | Val Loss: 0.1668 | F1: 0.624 | Prec: 0.79 | Rec: 0.51
Epoch 09 | Val Loss: 0.1745 | F1: 0.515 | Prec: 0.89 | Rec: 0.36
Epoch 10 | Val Loss: 0.1630 | F1: 0.568 | Prec: 0.83 | Rec: 0.43
Epoch 11 | Val Loss: 0.1662 | F1: 0.597 | Prec: 0.82 | Rec: 0.47
Epoch 12 | Val Loss: 0.1677 | F1: 0.573 | Prec: 0.84 | Rec: 0.43
Epoch 13 | Val Loss: 0.1696 | F1: 0.585 | Prec: 0.83 | Rec: 0.45
Epoch 14 | Val Loss: 0.1691 | F1: 0.538 | Prec: 0.86 | Rec: 0.39
Epoch 15 | Val Loss: 0.1669 | F1: 0.609 | Prec: 0.79 | Rec: 0.50
Epoch 16 | Val Loss: 0.1701 | F1: 0.617 | Prec: 0.82 | Rec: 0.49
Epoch 17 | Val Loss: 0.1682 | F1: 0.620 | Prec: 0.79 | Rec: 0.51
Epoch 18 | Val Loss: 0.1710 | F1: 0.536 | Prec: 0.87 | Rec: 0.39
Epoch 19 | Val Loss: 0.1716 | F1: 0.610 | Prec: 0.73 | Rec: 0.52
Epoch 20 | Val Loss: 0.1686 | F1: 0.623 | Prec: 0.67 | Rec: 0.58

Early stopping triggered at epoch 20

Testing on hold-out set...
Calibrated T = 1.4332
Final Test -> F1: 0.613 | Precision: 0.90 | Recall: 0.46
Recommended Threshold (FPR ≤ 5%): 0.5034 → TPR: 0.452, FPR: 0.049
============================================================
THRESHOLD OPTIMIZATION REPORT
============================================================
Area Under ROC Curve (ROC-AUC): 0.7696
Recommended Threshold (Youden's J): 0.4803
Recommended Threshold (Maximize F1):  0.4610 -> Max F1: 0.7105
------------------------------------------------------------

Classification Report using default threshold (0.500):
              precision    recall  f1-score   support

         0.0      0.626     0.945     0.753       365
         1.0      0.899     0.465     0.613       385

    accuracy                          0.699       750
   macro avg      0.763     0.705     0.683       750
weighted avg      0.766     0.699     0.681       750


Classification Report using optimized F1 threshold (0.461):
              precision    recall  f1-score   support

         0.0      0.693     0.712     0.703       365
         1.0      0.720     0.701     0.711       385

    accuracy                          0.707       750
   macro avg      0.707     0.707     0.707       750
weighted avg      0.707     0.707     0.707       750


Classification Report using minimised FPR threshold (0.5034):
============================================================
Best Threshold -> 0.46103352308273315
Historical false-positive alert timesteps: 0 / 780
============================================================
DYNAMIC CALIBRATION REPORT FOR TARGET REGION
============================================================
A. LATENT SDE SYSTEM CONFIG:
   sigma (Noise Intensity)        : 0.62360
   strat_decay (Damping factor)   : 0.88692
   meso_decay (Dissipation rate)  : 1.29088
------------------------------------------------------------
B. OBSERVATION BASELINES & SWINGS:
   temp     -> Baseline Mean:    5.130 | Physical Swing (±1σ): 1.8529
   salt     -> Baseline Mean:   34.838 | Physical Swing (±1σ): 0.2593
   ssh      -> Baseline Mean:   -1.459 | Physical Swing (±1σ): 0.0550
   u_curr   -> Baseline Mean:   -0.046 | Physical Swing (±1σ): 0.0377
   v_curr   -> Baseline Mean:   -0.011 | Physical Swing (±1σ): 0.0473
============================================================
Generating synthetic dataset...
Fitting scaler on training subset...
Scaler successfully fitted across training pool data.
Scaler statistics exported to 'scalers/synthetic_channel_scaler_5.pkl'

Starting Training...
Epoch 01 | Val Loss: 0.1833 | F1: 0.505 | Prec: 0.84 | Rec: 0.36
Epoch 02 | Val Loss: 0.1938 | F1: 0.543 | Prec: 0.83 | Rec: 0.40
Epoch 03 | Val Loss: 0.1906 | F1: 0.499 | Prec: 0.91 | Rec: 0.34
Epoch 04 | Val Loss: 0.1902 | F1: 0.523 | Prec: 0.86 | Rec: 0.38
Epoch 05 | Val Loss: 0.1735 | F1: 0.573 | Prec: 0.84 | Rec: 0.43
Epoch 06 | Val Loss: 0.1728 | F1: 0.557 | Prec: 0.89 | Rec: 0.41
Epoch 07 | Val Loss: 0.1788 | F1: 0.575 | Prec: 0.85 | Rec: 0.43
Epoch 08 | Val Loss: 0.1785 | F1: 0.560 | Prec: 0.84 | Rec: 0.42
Epoch 09 | Val Loss: 0.1700 | F1: 0.538 | Prec: 0.88 | Rec: 0.39
Epoch 10 | Val Loss: 0.1843 | F1: 0.526 | Prec: 0.89 | Rec: 0.37
Epoch 11 | Val Loss: 0.1691 | F1: 0.608 | Prec: 0.79 | Rec: 0.49
Epoch 12 | Val Loss: 0.1801 | F1: 0.564 | Prec: 0.86 | Rec: 0.42
Epoch 13 | Val Loss: 0.1652 | F1: 0.644 | Prec: 0.74 | Rec: 0.57
Epoch 14 | Val Loss: 0.1685 | F1: 0.651 | Prec: 0.68 | Rec: 0.62
Epoch 15 | Val Loss: 0.1734 | F1: 0.625 | Prec: 0.81 | Rec: 0.51
Epoch 16 | Val Loss: 0.1704 | F1: 0.643 | Prec: 0.70 | Rec: 0.59
Epoch 17 | Val Loss: 0.1701 | F1: 0.599 | Prec: 0.83 | Rec: 0.47
Epoch 18 | Val Loss: 0.1735 | F1: 0.632 | Prec: 0.70 | Rec: 0.57
Epoch 19 | Val Loss: 0.1854 | F1: 0.614 | Prec: 0.72 | Rec: 0.53
Epoch 20 | Val Loss: 0.1704 | F1: 0.586 | Prec: 0.83 | Rec: 0.45
Epoch 21 | Val Loss: 0.1737 | F1: 0.619 | Prec: 0.78 | Rec: 0.51
Epoch 22 | Val Loss: 0.1787 | F1: 0.636 | Prec: 0.74 | Rec: 0.56
Epoch 23 | Val Loss: 0.1836 | F1: 0.624 | Prec: 0.75 | Rec: 0.54

Early stopping triggered at epoch 23

Testing on hold-out set...
Calibrated T = 1.4253
Final Test -> F1: 0.657 | Precision: 0.77 | Recall: 0.57
Recommended Threshold (FPR ≤ 5%): 0.5401 → TPR: 0.429, FPR: 0.049
============================================================
THRESHOLD OPTIMIZATION REPORT
============================================================
Area Under ROC Curve (ROC-AUC): 0.7646
Recommended Threshold (Youden's J): 0.4850
Recommended Threshold (Maximize F1):  0.4413 -> Max F1: 0.7131
------------------------------------------------------------

Classification Report using default threshold (0.500):
              precision    recall  f1-score   support

         0.0      0.645     0.822     0.723       365
         1.0      0.772     0.571     0.657       385

    accuracy                          0.693       750
   macro avg      0.709     0.697     0.690       750
weighted avg      0.710     0.693     0.689       750


Classification Report using optimized F1 threshold (0.441):
              precision    recall  f1-score   support

         0.0      0.757     0.359     0.487       365
         1.0      0.594     0.891     0.713       385

    accuracy                          0.632       750
   macro avg      0.676     0.625     0.600       750
weighted avg      0.674     0.632     0.603       750


Classification Report using minimised FPR threshold (0.5401):
============================================================
Best Threshold -> 0.44129589200019836
Historical false-positive alert timesteps: 0 / 780
============================================================
DYNAMIC CALIBRATION REPORT FOR TARGET REGION
============================================================
A. LATENT SDE SYSTEM CONFIG:
   sigma (Noise Intensity)        : 0.65064
   strat_decay (Damping factor)   : 0.81314
   meso_decay (Dissipation rate)  : 1.41483
------------------------------------------------------------
B. OBSERVATION BASELINES & SWINGS:
   temp     -> Baseline Mean:    5.509 | Physical Swing (±1σ): 1.8879
   salt     -> Baseline Mean:   34.846 | Physical Swing (±1σ): 0.2385
   ssh      -> Baseline Mean:   -1.386 | Physical Swing (±1σ): 0.0710
   u_curr   -> Baseline Mean:   -0.050 | Physical Swing (±1σ): 0.0354
   v_curr   -> Baseline Mean:    0.002 | Physical Swing (±1σ): 0.0474
============================================================
Generating synthetic dataset...
Fitting scaler on training subset...
Scaler successfully fitted across training pool data.
Scaler statistics exported to 'scalers/synthetic_channel_scaler_6.pkl'

Starting Training...
Epoch 01 | Val Loss: nan | F1: 0.000 | Prec: 0.00 | Rec: 0.00
Epoch 02 | Val Loss: nan | F1: 0.000 | Prec: 0.00 | Rec: 0.00
Epoch 03 | Val Loss: nan | F1: 0.000 | Prec: 0.00 | Rec: 0.00
Epoch 04 | Val Loss: nan | F1: 0.000 | Prec: 0.00 | Rec: 0.00
Epoch 05 | Val Loss: nan | F1: 0.000 | Prec: 0.00 | Rec: 0.00
Epoch 06 | Val Loss: nan | F1: 0.000 | Prec: 0.00 | Rec: 0.00
Epoch 07 | Val Loss: nan | F1: 0.000 | Prec: 0.00 | Rec: 0.00
Epoch 08 | Val Loss: nan | F1: 0.000 | Prec: 0.00 | Rec: 0.00
Epoch 09 | Val Loss: nan | F1: 0.000 | Prec: 0.00 | Rec: 0.00
Epoch 10 | Val Loss: nan | F1: 0.000 | Prec: 0.00 | Rec: 0.00

Early stopping triggered at epoch 10

Testing on hold-out set...
[Errno 2] No such file or directory: '[Errno 2] No such file or directory: 'models/best_bifurcation_model_6.pth''
ml model not found, skipping this hold out test
============================================================
DYNAMIC CALIBRATION REPORT FOR TARGET REGION
============================================================
A. LATENT SDE SYSTEM CONFIG:
   sigma (Noise Intensity)        : 0.54050
   strat_decay (Damping factor)   : 1.10787
   meso_decay (Dissipation rate)  : 1.36238
------------------------------------------------------------
B. OBSERVATION BASELINES & SWINGS:
   temp     -> Baseline Mean:    5.381 | Physical Swing (±1σ): 1.9103
   salt     -> Baseline Mean:   34.828 | Physical Swing (±1σ): 0.1838
   ssh      -> Baseline Mean:   -1.404 | Physical Swing (±1σ): 0.0547
   u_curr   -> Baseline Mean:   -0.051 | Physical Swing (±1σ): 0.0372
   v_curr   -> Baseline Mean:   -0.002 | Physical Swing (±1σ): 0.0476
============================================================
Generating synthetic dataset...
Fitting scaler on training subset...
Scaler successfully fitted across training pool data.
Scaler statistics exported to 'scalers/synthetic_channel_scaler_7.pkl'

Starting Training...
Epoch 01 | Val Loss: 0.1972 | F1: 0.593 | Prec: 0.82 | Rec: 0.46
Epoch 02 | Val Loss: 0.1967 | F1: 0.547 | Prec: 0.87 | Rec: 0.40
Epoch 03 | Val Loss: 0.1999 | F1: 0.617 | Prec: 0.83 | Rec: 0.49
Epoch 04 | Val Loss: 0.1932 | F1: 0.505 | Prec: 0.97 | Rec: 0.34
Epoch 05 | Val Loss: 0.1683 | F1: 0.597 | Prec: 0.86 | Rec: 0.46
Epoch 06 | Val Loss: 0.1593 | F1: 0.620 | Prec: 0.81 | Rec: 0.50
Epoch 07 | Val Loss: 0.1636 | F1: 0.668 | Prec: 0.73 | Rec: 0.62
Epoch 08 | Val Loss: 0.1677 | F1: 0.588 | Prec: 0.87 | Rec: 0.45
Epoch 09 | Val Loss: 0.1671 | F1: 0.623 | Prec: 0.81 | Rec: 0.51
Epoch 10 | Val Loss: 0.1575 | F1: 0.643 | Prec: 0.80 | Rec: 0.54
Epoch 11 | Val Loss: 0.1624 | F1: 0.663 | Prec: 0.75 | Rec: 0.59
Epoch 12 | Val Loss: 0.1619 | F1: 0.619 | Prec: 0.80 | Rec: 0.50
Epoch 13 | Val Loss: 0.1711 | F1: 0.625 | Prec: 0.82 | Rec: 0.50
Epoch 14 | Val Loss: 0.1808 | F1: 0.589 | Prec: 0.83 | Rec: 0.46
Epoch 15 | Val Loss: 0.1822 | F1: 0.574 | Prec: 0.84 | Rec: 0.43
Epoch 16 | Val Loss: 0.1697 | F1: 0.619 | Prec: 0.79 | Rec: 0.51
Epoch 17 | Val Loss: 0.1718 | F1: 0.662 | Prec: 0.73 | Rec: 0.61
Epoch 18 | Val Loss: 0.1871 | F1: 0.622 | Prec: 0.80 | Rec: 0.51
Epoch 19 | Val Loss: 0.1648 | F1: 0.615 | Prec: 0.80 | Rec: 0.50
Epoch 20 | Val Loss: 0.1693 | F1: 0.635 | Prec: 0.74 | Rec: 0.56

Early stopping triggered at epoch 20

Testing on hold-out set...
Calibrated T = 1.4209
Final Test -> F1: 0.666 | Precision: 0.85 | Recall: 0.55
Recommended Threshold (FPR ≤ 5%): 0.5297 → TPR: 0.470, FPR: 0.049
============================================================
THRESHOLD OPTIMIZATION REPORT
============================================================
Area Under ROC Curve (ROC-AUC): 0.7861
Recommended Threshold (Youden's J): 0.4939
Recommended Threshold (Maximize F1):  0.4401 -> Max F1: 0.7212
------------------------------------------------------------

Classification Report using default threshold (0.500):
              precision    recall  f1-score   support

         0.0      0.653     0.901     0.757       365
         1.0      0.854     0.545     0.666       385

    accuracy                          0.719       750
   macro avg      0.753     0.723     0.711       750
weighted avg      0.756     0.719     0.710       750


Classification Report using optimized F1 threshold (0.440):
              precision    recall  f1-score   support

         0.0      0.757     0.427     0.546       365
         1.0      0.616     0.870     0.721       385

    accuracy                          0.655       750
   macro avg      0.687     0.649     0.634       750
weighted avg      0.685     0.655     0.636       750


Classification Report using minimised FPR threshold (0.5297):
============================================================
Best Threshold -> 0.44014978408813477
Historical false-positive alert timesteps: 140 / 780
============================================================
DYNAMIC CALIBRATION REPORT FOR TARGET REGION
============================================================
A. LATENT SDE SYSTEM CONFIG:
   sigma (Noise Intensity)        : 0.55752
   strat_decay (Damping factor)   : 0.85333
   meso_decay (Dissipation rate)  : 1.44773
------------------------------------------------------------
B. OBSERVATION BASELINES & SWINGS:
   temp     -> Baseline Mean:    5.466 | Physical Swing (±1σ): 1.8265
   salt     -> Baseline Mean:   34.880 | Physical Swing (±1σ): 0.2083
   ssh      -> Baseline Mean:   -1.422 | Physical Swing (±1σ): 0.0621
   u_curr   -> Baseline Mean:   -0.045 | Physical Swing (±1σ): 0.0361
   v_curr   -> Baseline Mean:   -0.002 | Physical Swing (±1σ): 0.0499
============================================================
Generating synthetic dataset...
Fitting scaler on training subset...
Scaler successfully fitted across training pool data.
Scaler statistics exported to 'scalers/synthetic_channel_scaler_8.pkl'

Starting Training...
Epoch 01 | Val Loss: 0.1937 | F1: 0.524 | Prec: 0.89 | Rec: 0.37
Epoch 02 | Val Loss: 0.2032 | F1: 0.488 | Prec: 0.91 | Rec: 0.33
Epoch 03 | Val Loss: 0.1941 | F1: 0.513 | Prec: 0.92 | Rec: 0.35
Epoch 04 | Val Loss: 0.1676 | F1: 0.547 | Prec: 0.87 | Rec: 0.40
Epoch 05 | Val Loss: 0.1635 | F1: 0.648 | Prec: 0.77 | Rec: 0.56
Epoch 06 | Val Loss: 0.1747 | F1: 0.615 | Prec: 0.83 | Rec: 0.49
Epoch 07 | Val Loss: 0.1651 | F1: 0.614 | Prec: 0.75 | Rec: 0.52
Epoch 08 | Val Loss: 0.1812 | F1: 0.543 | Prec: 0.90 | Rec: 0.39
Epoch 09 | Val Loss: 0.1652 | F1: 0.635 | Prec: 0.77 | Rec: 0.54
Epoch 10 | Val Loss: 0.1632 | F1: 0.644 | Prec: 0.73 | Rec: 0.58
Epoch 11 | Val Loss: 0.1643 | F1: 0.604 | Prec: 0.81 | Rec: 0.48
Epoch 12 | Val Loss: 0.1695 | F1: 0.572 | Prec: 0.88 | Rec: 0.42
Epoch 13 | Val Loss: 0.1700 | F1: 0.563 | Prec: 0.87 | Rec: 0.42
Epoch 14 | Val Loss: 0.1707 | F1: 0.585 | Prec: 0.84 | Rec: 0.45
Epoch 15 | Val Loss: 0.1685 | F1: 0.664 | Prec: 0.70 | Rec: 0.63
Epoch 16 | Val Loss: 0.1808 | F1: 0.542 | Prec: 0.92 | Rec: 0.38
Epoch 17 | Val Loss: 0.1646 | F1: 0.630 | Prec: 0.78 | Rec: 0.53
Epoch 18 | Val Loss: 0.1682 | F1: 0.669 | Prec: 0.72 | Rec: 0.62
Epoch 19 | Val Loss: 0.1794 | F1: 0.573 | Prec: 0.88 | Rec: 0.42
Epoch 20 | Val Loss: 0.1690 | F1: 0.589 | Prec: 0.84 | Rec: 0.45

Early stopping triggered at epoch 20

Testing on hold-out set...
Calibrated T = 1.4296
Final Test -> F1: 0.685 | Precision: 0.82 | Recall: 0.59
Recommended Threshold (FPR ≤ 5%): 0.5297 → TPR: 0.491, FPR: 0.049
============================================================
THRESHOLD OPTIMIZATION REPORT
============================================================
Area Under ROC Curve (ROC-AUC): 0.7735
Recommended Threshold (Youden's J): 0.5080
Recommended Threshold (Maximize F1):  0.4731 -> Max F1: 0.7203
------------------------------------------------------------

Classification Report using default threshold (0.500):
              precision    recall  f1-score   support

         0.0      0.665     0.860     0.750       365
         1.0      0.817     0.590     0.685       385

    accuracy                          0.721       750
   macro avg      0.741     0.725     0.718       750
weighted avg      0.743     0.721     0.717       750


Classification Report using optimized F1 threshold (0.473):
              precision    recall  f1-score   support

         0.0      0.713     0.638     0.673       365
         1.0      0.688     0.756     0.720       385

    accuracy                          0.699       750
   macro avg      0.700     0.697     0.697       750
weighted avg      0.700     0.699     0.697       750


Classification Report using minimised FPR threshold (0.5297):
============================================================
Best Threshold -> 0.47312551736831665
Historical false-positive alert timesteps: 30 / 780
============================================================
DYNAMIC CALIBRATION REPORT FOR TARGET REGION
============================================================
A. LATENT SDE SYSTEM CONFIG:
   sigma (Noise Intensity)        : 0.58730
   strat_decay (Damping factor)   : 1.34753
   meso_decay (Dissipation rate)  : 1.48546
------------------------------------------------------------
B. OBSERVATION BASELINES & SWINGS:
   temp     -> Baseline Mean:    5.302 | Physical Swing (±1σ): 1.8167
   salt     -> Baseline Mean:   34.803 | Physical Swing (±1σ): 0.2173
   ssh      -> Baseline Mean:   -1.392 | Physical Swing (±1σ): 0.0600
   u_curr   -> Baseline Mean:   -0.049 | Physical Swing (±1σ): 0.0381
   v_curr   -> Baseline Mean:    0.003 | Physical Swing (±1σ): 0.0541
============================================================
Generating synthetic dataset...
Fitting scaler on training subset...
Scaler successfully fitted across training pool data.
Scaler statistics exported to 'scalers/synthetic_channel_scaler_9.pkl'

Starting Training...
Epoch 01 | Val Loss: 0.2014 | F1: 0.486 | Prec: 0.90 | Rec: 0.33
Epoch 02 | Val Loss: 0.1914 | F1: 0.463 | Prec: 0.94 | Rec: 0.31
Epoch 03 | Val Loss: 0.1778 | F1: 0.527 | Prec: 0.88 | Rec: 0.38
Epoch 04 | Val Loss: 0.1730 | F1: 0.609 | Prec: 0.79 | Rec: 0.50
Epoch 05 | Val Loss: 0.1705 | F1: 0.606 | Prec: 0.86 | Rec: 0.47
Epoch 06 | Val Loss: 0.1722 | F1: 0.583 | Prec: 0.87 | Rec: 0.44
Epoch 07 | Val Loss: 0.1615 | F1: 0.613 | Prec: 0.84 | Rec: 0.48
Epoch 08 | Val Loss: 0.1745 | F1: 0.541 | Prec: 0.90 | Rec: 0.39
Epoch 09 | Val Loss: 0.1689 | F1: 0.577 | Prec: 0.88 | Rec: 0.43
Epoch 10 | Val Loss: 0.1695 | F1: 0.563 | Prec: 0.90 | Rec: 0.41
Epoch 11 | Val Loss: 0.1673 | F1: 0.568 | Prec: 0.87 | Rec: 0.42
Epoch 12 | Val Loss: 0.1711 | F1: 0.568 | Prec: 0.87 | Rec: 0.42
Epoch 13 | Val Loss: 0.1662 | F1: 0.563 | Prec: 0.88 | Rec: 0.41
Epoch 14 | Val Loss: 0.1607 | F1: 0.628 | Prec: 0.79 | Rec: 0.52
Epoch 15 | Val Loss: 0.1665 | F1: 0.601 | Prec: 0.83 | Rec: 0.47
Epoch 16 | Val Loss: 0.1629 | F1: 0.574 | Prec: 0.87 | Rec: 0.43
Epoch 17 | Val Loss: 0.1594 | F1: 0.588 | Prec: 0.90 | Rec: 0.44
Epoch 18 | Val Loss: 0.1710 | F1: 0.628 | Prec: 0.81 | Rec: 0.51
Epoch 19 | Val Loss: 0.1663 | F1: 0.614 | Prec: 0.83 | Rec: 0.49
Epoch 20 | Val Loss: 0.1688 | F1: 0.617 | Prec: 0.84 | Rec: 0.49
Epoch 21 | Val Loss: 0.1664 | F1: 0.610 | Prec: 0.79 | Rec: 0.50
Epoch 22 | Val Loss: 0.1664 | F1: 0.629 | Prec: 0.80 | Rec: 0.52
Epoch 23 | Val Loss: 0.1653 | F1: 0.623 | Prec: 0.78 | Rec: 0.52
Epoch 24 | Val Loss: 0.1898 | F1: 0.570 | Prec: 0.80 | Rec: 0.44
Epoch 25 | Val Loss: 0.1683 | F1: 0.591 | Prec: 0.81 | Rec: 0.47
Epoch 26 | Val Loss: 0.1725 | F1: 0.644 | Prec: 0.69 | Rec: 0.60
Epoch 27 | Val Loss: 0.1866 | F1: 0.606 | Prec: 0.72 | Rec: 0.52

Early stopping triggered at epoch 27

Testing on hold-out set...
Calibrated T = 1.4318
Final Test -> F1: 0.589 | Precision: 0.91 | Recall: 0.44
Recommended Threshold (FPR ≤ 5%): 0.4981 → TPR: 0.444, FPR: 0.049
============================================================
THRESHOLD OPTIMIZATION REPORT
============================================================
Area Under ROC Curve (ROC-AUC): 0.7668
Recommended Threshold (Youden's J): 0.4667
Recommended Threshold (Maximize F1):  0.4557 -> Max F1: 0.7143
------------------------------------------------------------

Classification Report using default threshold (0.500):
              precision    recall  f1-score   support

         0.0      0.616     0.953     0.748       365
         1.0      0.908     0.436     0.589       385

    accuracy                          0.688       750
   macro avg      0.762     0.695     0.669       750
weighted avg      0.766     0.688     0.667       750


Classification Report using optimized F1 threshold (0.456):
              precision    recall  f1-score   support

         0.0      0.701     0.674     0.687       365
         1.0      0.702     0.727     0.714       385

    accuracy                          0.701       750
   macro avg      0.701     0.701     0.701       750
weighted avg      0.701     0.701     0.701       750


Classification Report using minimised FPR threshold (0.4981):
============================================================
Best Threshold -> 0.45568200945854187
Historical false-positive alert timesteps: 1 / 780
============================================================
DYNAMIC CALIBRATION REPORT FOR TARGET REGION
============================================================
A. LATENT SDE SYSTEM CONFIG:
   sigma (Noise Intensity)        : 0.56996
   strat_decay (Damping factor)   : 0.84203
   meso_decay (Dissipation rate)  : 1.43348
------------------------------------------------------------
B. OBSERVATION BASELINES & SWINGS:
   temp     -> Baseline Mean:    5.340 | Physical Swing (±1σ): 1.8106
   salt     -> Baseline Mean:   34.834 | Physical Swing (±1σ): 0.2176
   ssh      -> Baseline Mean:   -1.418 | Physical Swing (±1σ): 0.0584
   u_curr   -> Baseline Mean:   -0.054 | Physical Swing (±1σ): 0.0358
   v_curr   -> Baseline Mean:   -0.009 | Physical Swing (±1σ): 0.0486
============================================================
Generating synthetic dataset...
Fitting scaler on training subset...
Scaler successfully fitted across training pool data.
Scaler statistics exported to 'scalers/synthetic_channel_scaler_10.pkl'

Starting Training...
Epoch 01 | Val Loss: 0.2317 | F1: 0.460 | Prec: 0.92 | Rec: 0.31
Epoch 02 | Val Loss: 0.1704 | F1: 0.602 | Prec: 0.71 | Rec: 0.52
Epoch 03 | Val Loss: 0.1788 | F1: 0.580 | Prec: 0.83 | Rec: 0.45
Epoch 04 | Val Loss: 0.1747 | F1: 0.628 | Prec: 0.73 | Rec: 0.55
Epoch 05 | Val Loss: 0.1790 | F1: 0.569 | Prec: 0.86 | Rec: 0.42
Epoch 06 | Val Loss: 0.1805 | F1: 0.531 | Prec: 0.85 | Rec: 0.39
Epoch 07 | Val Loss: 0.1650 | F1: 0.606 | Prec: 0.82 | Rec: 0.48
Epoch 08 | Val Loss: 0.1826 | F1: 0.567 | Prec: 0.88 | Rec: 0.42
Epoch 09 | Val Loss: 0.1777 | F1: 0.576 | Prec: 0.88 | Rec: 0.43
Epoch 10 | Val Loss: 0.1637 | F1: 0.646 | Prec: 0.74 | Rec: 0.57
Epoch 11 | Val Loss: 0.1634 | F1: 0.675 | Prec: 0.74 | Rec: 0.62
Epoch 12 | Val Loss: 0.1651 | F1: 0.639 | Prec: 0.76 | Rec: 0.55
Epoch 13 | Val Loss: 0.1626 | F1: 0.637 | Prec: 0.77 | Rec: 0.54
Epoch 14 | Val Loss: 0.1699 | F1: 0.651 | Prec: 0.77 | Rec: 0.57
Epoch 15 | Val Loss: 0.1648 | F1: 0.614 | Prec: 0.80 | Rec: 0.50
Epoch 16 | Val Loss: 0.1718 | F1: 0.685 | Prec: 0.63 | Rec: 0.75
Epoch 17 | Val Loss: 0.1705 | F1: 0.658 | Prec: 0.75 | Rec: 0.59
Epoch 18 | Val Loss: 0.1616 | F1: 0.654 | Prec: 0.73 | Rec: 0.59
Epoch 19 | Val Loss: 0.1612 | F1: 0.663 | Prec: 0.69 | Rec: 0.64
Epoch 20 | Val Loss: 0.1689 | F1: 0.670 | Prec: 0.76 | Rec: 0.60
Epoch 21 | Val Loss: 0.1715 | F1: 0.632 | Prec: 0.78 | Rec: 0.53
Epoch 22 | Val Loss: 0.1614 | F1: 0.658 | Prec: 0.74 | Rec: 0.59
Epoch 23 | Val Loss: 0.1736 | F1: 0.695 | Prec: 0.61 | Rec: 0.82
Epoch 24 | Val Loss: 0.1840 | F1: 0.645 | Prec: 0.78 | Rec: 0.55
Epoch 25 | Val Loss: 0.1685 | F1: 0.665 | Prec: 0.69 | Rec: 0.65
Epoch 26 | Val Loss: 0.1651 | F1: 0.660 | Prec: 0.73 | Rec: 0.61
Epoch 27 | Val Loss: 0.1709 | F1: 0.647 | Prec: 0.73 | Rec: 0.58
Epoch 28 | Val Loss: 0.1714 | F1: 0.670 | Prec: 0.69 | Rec: 0.65
Epoch 29 | Val Loss: 0.1706 | F1: 0.679 | Prec: 0.68 | Rec: 0.68

Early stopping triggered at epoch 29

Testing on hold-out set...
Calibrated T = 1.4268
Final Test -> F1: 0.686 | Precision: 0.72 | Recall: 0.65
Recommended Threshold (FPR ≤ 5%): 0.5623 → TPR: 0.426, FPR: 0.047
============================================================
THRESHOLD OPTIMIZATION REPORT
============================================================
Area Under ROC Curve (ROC-AUC): 0.7682
Recommended Threshold (Youden's J): 0.5283
Recommended Threshold (Maximize F1):  0.4651 -> Max F1: 0.7182
------------------------------------------------------------

Classification Report using default threshold (0.500):
              precision    recall  f1-score   support

         0.0      0.667     0.732     0.698       365
         1.0      0.720     0.655     0.686       385

    accuracy                          0.692       750
   macro avg      0.694     0.693     0.692       750
weighted avg      0.694     0.692     0.692       750


Classification Report using optimized F1 threshold (0.465):
              precision    recall  f1-score   support

         0.0      0.729     0.510     0.600       365
         1.0      0.638     0.821     0.718       385

    accuracy                          0.669       750
   macro avg      0.684     0.665     0.659       750
weighted avg      0.683     0.669     0.661       750


Classification Report using minimised FPR threshold (0.5623):
============================================================
Best Threshold -> 0.46507346630096436
Historical false-positive alert timesteps: 0 / 780
============================================================
DYNAMIC CALIBRATION REPORT FOR TARGET REGION
============================================================
A. LATENT SDE SYSTEM CONFIG:
   sigma (Noise Intensity)        : 0.55734
   strat_decay (Damping factor)   : 0.92369
   meso_decay (Dissipation rate)  : 1.28114
------------------------------------------------------------
B. OBSERVATION BASELINES & SWINGS:
   temp     -> Baseline Mean:    5.493 | Physical Swing (±1σ): 1.8634
   salt     -> Baseline Mean:   34.892 | Physical Swing (±1σ): 0.2302
   ssh      -> Baseline Mean:   -1.401 | Physical Swing (±1σ): 0.0637
   u_curr   -> Baseline Mean:   -0.056 | Physical Swing (±1σ): 0.0370
   v_curr   -> Baseline Mean:   -0.001 | Physical Swing (±1σ): 0.0515
============================================================
Generating synthetic dataset...
Fitting scaler on training subset...
Scaler successfully fitted across training pool data.
Scaler statistics exported to 'scalers/synthetic_channel_scaler_11.pkl'

Starting Training...
Epoch 01 | Val Loss: 0.1922 | F1: 0.537 | Prec: 0.84 | Rec: 0.39
Epoch 02 | Val Loss: 0.1770 | F1: 0.638 | Prec: 0.80 | Rec: 0.53
Epoch 03 | Val Loss: 0.1786 | F1: 0.613 | Prec: 0.82 | Rec: 0.49
Epoch 04 | Val Loss: 0.1733 | F1: 0.608 | Prec: 0.81 | Rec: 0.49
Epoch 05 | Val Loss: 0.1886 | F1: 0.515 | Prec: 0.89 | Rec: 0.36
Epoch 06 | Val Loss: 0.1623 | F1: 0.649 | Prec: 0.70 | Rec: 0.61
Epoch 07 | Val Loss: 0.1724 | F1: 0.592 | Prec: 0.86 | Rec: 0.45
Epoch 08 | Val Loss: 0.1660 | F1: 0.663 | Prec: 0.76 | Rec: 0.59
Epoch 09 | Val Loss: 0.1787 | F1: 0.610 | Prec: 0.85 | Rec: 0.47
Epoch 10 | Val Loss: 0.1718 | F1: 0.584 | Prec: 0.88 | Rec: 0.44
Epoch 11 | Val Loss: 0.1660 | F1: 0.608 | Prec: 0.88 | Rec: 0.46
Epoch 12 | Val Loss: 0.1664 | F1: 0.597 | Prec: 0.86 | Rec: 0.46
Epoch 13 | Val Loss: 0.1702 | F1: 0.632 | Prec: 0.85 | Rec: 0.50
Epoch 14 | Val Loss: 0.1725 | F1: 0.682 | Prec: 0.71 | Rec: 0.66
Epoch 15 | Val Loss: 0.1601 | F1: 0.656 | Prec: 0.78 | Rec: 0.57
Epoch 16 | Val Loss: 0.1680 | F1: 0.623 | Prec: 0.82 | Rec: 0.50
Epoch 17 | Val Loss: 0.1634 | F1: 0.675 | Prec: 0.66 | Rec: 0.69
Epoch 18 | Val Loss: 0.1672 | F1: 0.650 | Prec: 0.78 | Rec: 0.56
Epoch 19 | Val Loss: 0.1647 | F1: 0.687 | Prec: 0.70 | Rec: 0.68
Epoch 20 | Val Loss: 0.1636 | F1: 0.650 | Prec: 0.81 | Rec: 0.54
Epoch 21 | Val Loss: 0.1684 | F1: 0.635 | Prec: 0.80 | Rec: 0.53
Epoch 22 | Val Loss: 0.1788 | F1: 0.652 | Prec: 0.78 | Rec: 0.56
Epoch 23 | Val Loss: 0.1665 | F1: 0.655 | Prec: 0.76 | Rec: 0.58
Epoch 24 | Val Loss: 0.1606 | F1: 0.588 | Prec: 0.83 | Rec: 0.46
Epoch 25 | Val Loss: 0.1732 | F1: 0.654 | Prec: 0.78 | Rec: 0.57

Early stopping triggered at epoch 25

Testing on hold-out set...
Calibrated T = 1.4225
Final Test -> F1: 0.662 | Precision: 0.83 | Recall: 0.55
Recommended Threshold (FPR ≤ 5%): 0.5387 → TPR: 0.465, FPR: 0.049
============================================================
THRESHOLD OPTIMIZATION REPORT
============================================================
Area Under ROC Curve (ROC-AUC): 0.7849
Recommended Threshold (Youden's J): 0.4900
Recommended Threshold (Maximize F1):  0.4639 -> Max F1: 0.7248
------------------------------------------------------------

Classification Report using default threshold (0.500):
              precision    recall  f1-score   support

         0.0      0.651     0.882     0.749       365
         1.0      0.831     0.551     0.662       385

    accuracy                          0.712       750
   macro avg      0.741     0.716     0.706       750
weighted avg      0.743     0.712     0.705       750


Classification Report using optimized F1 threshold (0.464):
              precision    recall  f1-score   support

         0.0      0.717     0.652     0.683       365
         1.0      0.696     0.756     0.725       385

    accuracy                          0.705       750
   macro avg      0.707     0.704     0.704       750
weighted avg      0.706     0.705     0.704       750


Classification Report using minimised FPR threshold (0.5387):
============================================================
Best Threshold -> 0.4639216959476471
Historical false-positive alert timesteps: 0 / 780
============================================================
DYNAMIC CALIBRATION REPORT FOR TARGET REGION
============================================================
A. LATENT SDE SYSTEM CONFIG:
   sigma (Noise Intensity)        : 0.60009
   strat_decay (Damping factor)   : 1.04362
   meso_decay (Dissipation rate)  : 1.32808
------------------------------------------------------------
B. OBSERVATION BASELINES & SWINGS:
   temp     -> Baseline Mean:    5.372 | Physical Swing (±1σ): 1.8755
   salt     -> Baseline Mean:   34.874 | Physical Swing (±1σ): 0.2147
   ssh      -> Baseline Mean:   -1.421 | Physical Swing (±1σ): 0.0618
   u_curr   -> Baseline Mean:   -0.048 | Physical Swing (±1σ): 0.0365
   v_curr   -> Baseline Mean:   -0.012 | Physical Swing (±1σ): 0.0500
============================================================
Generating synthetic dataset...
Fitting scaler on training subset...
Scaler successfully fitted across training pool data.
Scaler statistics exported to 'scalers/synthetic_channel_scaler_12.pkl'

Starting Training...
Epoch 01 | Val Loss: 0.1830 | F1: 0.620 | Prec: 0.66 | Rec: 0.58
Epoch 02 | Val Loss: 0.1778 | F1: 0.620 | Prec: 0.75 | Rec: 0.53
Epoch 03 | Val Loss: 0.1690 | F1: 0.656 | Prec: 0.68 | Rec: 0.63
Epoch 04 | Val Loss: 0.1671 | F1: 0.596 | Prec: 0.81 | Rec: 0.47
Epoch 05 | Val Loss: 0.1619 | F1: 0.629 | Prec: 0.76 | Rec: 0.54
Epoch 06 | Val Loss: 0.1680 | F1: 0.534 | Prec: 0.92 | Rec: 0.38
Epoch 07 | Val Loss: 0.1593 | F1: 0.623 | Prec: 0.79 | Rec: 0.51
Epoch 08 | Val Loss: 0.1717 | F1: 0.575 | Prec: 0.88 | Rec: 0.43
Epoch 09 | Val Loss: 0.1594 | F1: 0.612 | Prec: 0.80 | Rec: 0.49
Epoch 10 | Val Loss: 0.1656 | F1: 0.561 | Prec: 0.89 | Rec: 0.41
Epoch 11 | Val Loss: 0.1649 | F1: 0.556 | Prec: 0.88 | Rec: 0.41
Epoch 12 | Val Loss: 0.1671 | F1: 0.550 | Prec: 0.89 | Rec: 0.40
Epoch 13 | Val Loss: 0.1624 | F1: 0.565 | Prec: 0.89 | Rec: 0.41
Epoch 14 | Val Loss: 0.1663 | F1: 0.584 | Prec: 0.88 | Rec: 0.44
Epoch 15 | Val Loss: 0.1628 | F1: 0.619 | Prec: 0.81 | Rec: 0.50
Epoch 16 | Val Loss: 0.1623 | F1: 0.640 | Prec: 0.77 | Rec: 0.55
Epoch 17 | Val Loss: 0.1628 | F1: 0.566 | Prec: 0.86 | Rec: 0.42

Early stopping triggered at epoch 17

Testing on hold-out set...
Calibrated T = 1.4326
Final Test -> F1: 0.659 | Precision: 0.85 | Recall: 0.54
Recommended Threshold (FPR ≤ 5%): 0.5190 → TPR: 0.439, FPR: 0.049
============================================================
THRESHOLD OPTIMIZATION REPORT
============================================================
Area Under ROC Curve (ROC-AUC): 0.7721
Recommended Threshold (Youden's J): 0.5013
Recommended Threshold (Maximize F1):  0.4636 -> Max F1: 0.7157
------------------------------------------------------------

Classification Report using default threshold (0.500):
              precision    recall  f1-score   support

         0.0      0.649     0.901     0.755       365
         1.0      0.852     0.538     0.659       385

    accuracy                          0.715       750
   macro avg      0.750     0.720     0.707       750
weighted avg      0.753     0.715     0.706       750


Classification Report using optimized F1 threshold (0.464):
              precision    recall  f1-score   support

         0.0      0.711     0.595     0.648       365
         1.0      0.667     0.771     0.716       385

    accuracy                          0.685       750
   macro avg      0.689     0.683     0.682       750
weighted avg      0.689     0.685     0.683       750


Classification Report using minimised FPR threshold (0.5190):
============================================================
Best Threshold -> 0.4635704755783081
Historical false-positive alert timesteps: 0 / 780
============================================================
DYNAMIC CALIBRATION REPORT FOR TARGET REGION
============================================================
A. LATENT SDE SYSTEM CONFIG:
   sigma (Noise Intensity)        : 0.49747
   strat_decay (Damping factor)   : 1.15497
   meso_decay (Dissipation rate)  : 1.45041
------------------------------------------------------------
B. OBSERVATION BASELINES & SWINGS:
   temp     -> Baseline Mean:    5.445 | Physical Swing (±1σ): 1.8918
   salt     -> Baseline Mean:   34.902 | Physical Swing (±1σ): 0.1933
   ssh      -> Baseline Mean:   -1.425 | Physical Swing (±1σ): 0.0677
   u_curr   -> Baseline Mean:   -0.049 | Physical Swing (±1σ): 0.0355
   v_curr   -> Baseline Mean:    0.003 | Physical Swing (±1σ): 0.0507
============================================================
Generating synthetic dataset...
Fitting scaler on training subset...
Scaler successfully fitted across training pool data.
Scaler statistics exported to 'scalers/synthetic_channel_scaler_13.pkl'

Starting Training...
Epoch 01 | Val Loss: 0.1924 | F1: 0.483 | Prec: 0.92 | Rec: 0.33
Epoch 02 | Val Loss: 0.1737 | F1: 0.608 | Prec: 0.84 | Rec: 0.47
Epoch 03 | Val Loss: 0.1902 | F1: 0.581 | Prec: 0.89 | Rec: 0.43
Epoch 04 | Val Loss: 0.1772 | F1: 0.590 | Prec: 0.90 | Rec: 0.44
Epoch 05 | Val Loss: 0.1678 | F1: 0.651 | Prec: 0.84 | Rec: 0.53
Epoch 06 | Val Loss: 0.1746 | F1: 0.588 | Prec: 0.89 | Rec: 0.44
Epoch 07 | Val Loss: 0.1587 | F1: 0.651 | Prec: 0.78 | Rec: 0.56
Epoch 08 | Val Loss: 0.1717 | F1: 0.589 | Prec: 0.87 | Rec: 0.45
Epoch 09 | Val Loss: 0.1661 | F1: 0.613 | Prec: 0.82 | Rec: 0.49
Epoch 10 | Val Loss: 0.1713 | F1: 0.606 | Prec: 0.89 | Rec: 0.46
Epoch 11 | Val Loss: 0.1678 | F1: 0.650 | Prec: 0.84 | Rec: 0.53
Epoch 12 | Val Loss: 0.1658 | F1: 0.600 | Prec: 0.90 | Rec: 0.45
Epoch 13 | Val Loss: 0.1689 | F1: 0.605 | Prec: 0.90 | Rec: 0.46
Epoch 14 | Val Loss: 0.1737 | F1: 0.596 | Prec: 0.90 | Rec: 0.45
Epoch 15 | Val Loss: 0.1610 | F1: 0.615 | Prec: 0.78 | Rec: 0.51
Epoch 16 | Val Loss: 0.1696 | F1: 0.601 | Prec: 0.86 | Rec: 0.46
Epoch 17 | Val Loss: 0.1684 | F1: 0.634 | Prec: 0.82 | Rec: 0.51

Early stopping triggered at epoch 17

Testing on hold-out set...
Calibrated T = 1.4224
Final Test -> F1: 0.682 | Precision: 0.86 | Recall: 0.57
Recommended Threshold (FPR ≤ 5%): 0.5292 → TPR: 0.509, FPR: 0.049
============================================================
THRESHOLD OPTIMIZATION REPORT
============================================================
Area Under ROC Curve (ROC-AUC): 0.7931
Recommended Threshold (Youden's J): 0.5019
Recommended Threshold (Maximize F1):  0.4658 -> Max F1: 0.7360
------------------------------------------------------------

Classification Report using default threshold (0.500):
              precision    recall  f1-score   support

         0.0      0.663     0.901     0.764       365
         1.0      0.858     0.566     0.682       385

    accuracy                          0.729       750
   macro avg      0.761     0.734     0.723       750
weighted avg      0.763     0.729     0.722       750


Classification Report using optimized F1 threshold (0.466):
              precision    recall  f1-score   support

         0.0      0.726     0.690     0.708       365
         1.0      0.720     0.753     0.736       385

    accuracy                          0.723       750
   macro avg      0.723     0.722     0.722       750
weighted avg      0.723     0.723     0.722       750


Classification Report using minimised FPR threshold (0.5292):
============================================================
Best Threshold -> 0.4657610356807709
Historical false-positive alert timesteps: 45 / 780
============================================================
DYNAMIC CALIBRATION REPORT FOR TARGET REGION
============================================================
A. LATENT SDE SYSTEM CONFIG:
   sigma (Noise Intensity)        : 0.52107
   strat_decay (Damping factor)   : 0.72146
   meso_decay (Dissipation rate)  : 1.57104
------------------------------------------------------------
B. OBSERVATION BASELINES & SWINGS:
   temp     -> Baseline Mean:    5.526 | Physical Swing (±1σ): 1.8451
   salt     -> Baseline Mean:   34.894 | Physical Swing (±1σ): 0.1953
   ssh      -> Baseline Mean:   -1.401 | Physical Swing (±1σ): 0.0635
   u_curr   -> Baseline Mean:   -0.057 | Physical Swing (±1σ): 0.0371
   v_curr   -> Baseline Mean:   -0.008 | Physical Swing (±1σ): 0.0497
============================================================
Generating synthetic dataset...
Fitting scaler on training subset...
Scaler successfully fitted across training pool data.
Scaler statistics exported to 'scalers/synthetic_channel_scaler_14.pkl'

Starting Training...
Epoch 01 | Val Loss: 0.1820 | F1: 0.575 | Prec: 0.88 | Rec: 0.43
Epoch 02 | Val Loss: 0.1629 | F1: 0.604 | Prec: 0.86 | Rec: 0.47
Epoch 03 | Val Loss: 0.1698 | F1: 0.684 | Prec: 0.73 | Rec: 0.64
Epoch 04 | Val Loss: 0.1668 | F1: 0.612 | Prec: 0.80 | Rec: 0.49
Epoch 05 | Val Loss: 0.1618 | F1: 0.647 | Prec: 0.79 | Rec: 0.55
Epoch 06 | Val Loss: 0.1648 | F1: 0.590 | Prec: 0.90 | Rec: 0.44
Epoch 07 | Val Loss: 0.1605 | F1: 0.648 | Prec: 0.74 | Rec: 0.58
Epoch 08 | Val Loss: 0.1624 | F1: 0.604 | Prec: 0.86 | Rec: 0.47
Epoch 09 | Val Loss: 0.1715 | F1: 0.558 | Prec: 0.89 | Rec: 0.41
Epoch 10 | Val Loss: 0.1705 | F1: 0.596 | Prec: 0.85 | Rec: 0.46
Epoch 11 | Val Loss: 0.1629 | F1: 0.615 | Prec: 0.80 | Rec: 0.50
Epoch 12 | Val Loss: 0.1671 | F1: 0.640 | Prec: 0.81 | Rec: 0.53
Epoch 13 | Val Loss: 0.1631 | F1: 0.642 | Prec: 0.82 | Rec: 0.53
Epoch 14 | Val Loss: 0.1646 | F1: 0.597 | Prec: 0.86 | Rec: 0.46
Epoch 15 | Val Loss: 0.1669 | F1: 0.595 | Prec: 0.88 | Rec: 0.45
Epoch 16 | Val Loss: 0.1663 | F1: 0.609 | Prec: 0.83 | Rec: 0.48
Epoch 17 | Val Loss: 0.1658 | F1: 0.586 | Prec: 0.88 | Rec: 0.44

Early stopping triggered at epoch 17

Testing on hold-out set...
Calibrated T = 1.4313
Final Test -> F1: 0.686 | Precision: 0.82 | Recall: 0.59
Recommended Threshold (FPR ≤ 5%): 0.5248 → TPR: 0.494, FPR: 0.047
============================================================
THRESHOLD OPTIMIZATION REPORT
============================================================
Area Under ROC Curve (ROC-AUC): 0.7775
Recommended Threshold (Youden's J): 0.5036
Recommended Threshold (Maximize F1):  0.4726 -> Max F1: 0.7175
------------------------------------------------------------

Classification Report using default threshold (0.500):
              precision    recall  f1-score   support

         0.0      0.666     0.863     0.752       365
         1.0      0.819     0.590     0.686       385

    accuracy                          0.723       750
   macro avg      0.743     0.726     0.719       750
weighted avg      0.745     0.723     0.718       750


Classification Report using optimized F1 threshold (0.473):
              precision    recall  f1-score   support

         0.0      0.716     0.581     0.641       365
         1.0      0.663     0.782     0.718       385

    accuracy                          0.684       750
   macro avg      0.690     0.681     0.679       750
weighted avg      0.689     0.684     0.681       750


Classification Report using minimised FPR threshold (0.5248):
============================================================
Best Threshold -> 0.47263097763061523
Historical false-positive alert timesteps: 0 / 780
============================================================
DYNAMIC CALIBRATION REPORT FOR TARGET REGION
============================================================
A. LATENT SDE SYSTEM CONFIG:
   sigma (Noise Intensity)        : 0.58784
   strat_decay (Damping factor)   : 0.70776
   meso_decay (Dissipation rate)  : 1.43730
------------------------------------------------------------
B. OBSERVATION BASELINES & SWINGS:
   temp     -> Baseline Mean:    5.478 | Physical Swing (±1σ): 1.7967
   salt     -> Baseline Mean:   34.898 | Physical Swing (±1σ): 0.2192
   ssh      -> Baseline Mean:   -1.391 | Physical Swing (±1σ): 0.0622
   u_curr   -> Baseline Mean:   -0.045 | Physical Swing (±1σ): 0.0358
   v_curr   -> Baseline Mean:   -0.009 | Physical Swing (±1σ): 0.0480
============================================================
Generating synthetic dataset...
Fitting scaler on training subset...
Scaler successfully fitted across training pool data.
Scaler statistics exported to 'scalers/synthetic_channel_scaler_15.pkl'

Starting Training...
Epoch 01 | Val Loss: 0.1814 | F1: 0.661 | Prec: 0.65 | Rec: 0.67
Epoch 02 | Val Loss: 0.1684 | F1: 0.648 | Prec: 0.70 | Rec: 0.61
Epoch 03 | Val Loss: 0.1949 | F1: 0.559 | Prec: 0.86 | Rec: 0.41
Epoch 04 | Val Loss: 0.1661 | F1: 0.638 | Prec: 0.74 | Rec: 0.56
Epoch 05 | Val Loss: 0.1658 | F1: 0.640 | Prec: 0.73 | Rec: 0.57
Epoch 06 | Val Loss: 0.1766 | F1: 0.584 | Prec: 0.84 | Rec: 0.45
Epoch 07 | Val Loss: 0.1736 | F1: 0.572 | Prec: 0.86 | Rec: 0.43
Epoch 08 | Val Loss: 0.1785 | F1: 0.554 | Prec: 0.90 | Rec: 0.40
Epoch 09 | Val Loss: 0.1824 | F1: 0.535 | Prec: 0.89 | Rec: 0.38
Epoch 10 | Val Loss: 0.1680 | F1: 0.628 | Prec: 0.72 | Rec: 0.56
Epoch 11 | Val Loss: 0.1672 | F1: 0.615 | Prec: 0.76 | Rec: 0.52
Epoch 12 | Val Loss: 0.1712 | F1: 0.578 | Prec: 0.84 | Rec: 0.44
Epoch 13 | Val Loss: 0.1636 | F1: 0.641 | Prec: 0.71 | Rec: 0.59
Epoch 14 | Val Loss: 0.1733 | F1: 0.655 | Prec: 0.66 | Rec: 0.65
Epoch 15 | Val Loss: 0.1670 | F1: 0.638 | Prec: 0.78 | Rec: 0.54
Epoch 16 | Val Loss: 0.1677 | F1: 0.610 | Prec: 0.81 | Rec: 0.49
Epoch 17 | Val Loss: 0.1685 | F1: 0.633 | Prec: 0.73 | Rec: 0.56
Epoch 18 | Val Loss: 0.1671 | F1: 0.596 | Prec: 0.77 | Rec: 0.49
Epoch 19 | Val Loss: 0.1693 | F1: 0.630 | Prec: 0.72 | Rec: 0.56
Epoch 20 | Val Loss: 0.1774 | F1: 0.641 | Prec: 0.71 | Rec: 0.58
Epoch 21 | Val Loss: 0.1700 | F1: 0.634 | Prec: 0.74 | Rec: 0.55
Epoch 22 | Val Loss: 0.1741 | F1: 0.658 | Prec: 0.68 | Rec: 0.64
Epoch 23 | Val Loss: 0.1709 | F1: 0.647 | Prec: 0.79 | Rec: 0.55

Early stopping triggered at epoch 23

Testing on hold-out set...
Calibrated T = 1.4394
Final Test -> F1: 0.668 | Precision: 0.74 | Recall: 0.61
Recommended Threshold (FPR ≤ 5%): 0.5497 → TPR: 0.390, FPR: 0.049
============================================================
THRESHOLD OPTIMIZATION REPORT
============================================================
Area Under ROC Curve (ROC-AUC): 0.7415
Recommended Threshold (Youden's J): 0.5020
Recommended Threshold (Maximize F1):  0.4880 -> Max F1: 0.6958
------------------------------------------------------------

Classification Report using default threshold (0.500):
              precision    recall  f1-score   support

         0.0      0.652     0.770     0.706       365
         1.0      0.737     0.610     0.668       385

    accuracy                          0.688       750
   macro avg      0.694     0.690     0.687       750
weighted avg      0.695     0.688     0.686       750


Classification Report using optimized F1 threshold (0.488):
              precision    recall  f1-score   support

         0.0      0.680     0.663     0.671       365
         1.0      0.688     0.704     0.696       385

    accuracy                          0.684       750
   macro avg      0.684     0.683     0.684       750
weighted avg      0.684     0.684     0.684       750


Classification Report using minimised FPR threshold (0.5497):
============================================================
Best Threshold -> 0.4879858195781708
Historical false-positive alert timesteps: 38 / 780
============================================================
DYNAMIC CALIBRATION REPORT FOR TARGET REGION
============================================================
A. LATENT SDE SYSTEM CONFIG:
   sigma (Noise Intensity)        : 0.56959
   strat_decay (Damping factor)   : 0.90666
   meso_decay (Dissipation rate)  : 1.30165
------------------------------------------------------------
B. OBSERVATION BASELINES & SWINGS:
   temp     -> Baseline Mean:    5.458 | Physical Swing (±1σ): 1.8717
   salt     -> Baseline Mean:   34.811 | Physical Swing (±1σ): 0.2352
   ssh      -> Baseline Mean:   -1.397 | Physical Swing (±1σ): 0.0587
   u_curr   -> Baseline Mean:   -0.044 | Physical Swing (±1σ): 0.0376
   v_curr   -> Baseline Mean:   -0.002 | Physical Swing (±1σ): 0.0481
============================================================
Generating synthetic dataset...
Fitting scaler on training subset...
Scaler successfully fitted across training pool data.
Scaler statistics exported to 'scalers/synthetic_channel_scaler_16.pkl'

Starting Training...
Epoch 01 | Val Loss: 0.1743 | F1: 0.612 | Prec: 0.79 | Rec: 0.50
Epoch 02 | Val Loss: 0.1796 | F1: 0.591 | Prec: 0.84 | Rec: 0.46
Epoch 03 | Val Loss: 0.1780 | F1: 0.614 | Prec: 0.78 | Rec: 0.51
Epoch 04 | Val Loss: 0.1785 | F1: 0.628 | Prec: 0.80 | Rec: 0.51
Epoch 05 | Val Loss: 0.1730 | F1: 0.637 | Prec: 0.78 | Rec: 0.54
Epoch 06 | Val Loss: 0.1707 | F1: 0.611 | Prec: 0.77 | Rec: 0.51
Epoch 07 | Val Loss: 0.1673 | F1: 0.624 | Prec: 0.80 | Rec: 0.51
Epoch 08 | Val Loss: 0.1686 | F1: 0.655 | Prec: 0.72 | Rec: 0.60
Epoch 09 | Val Loss: 0.1725 | F1: 0.585 | Prec: 0.84 | Rec: 0.45
Epoch 10 | Val Loss: 0.1637 | F1: 0.583 | Prec: 0.84 | Rec: 0.45
Epoch 11 | Val Loss: 0.1677 | F1: 0.668 | Prec: 0.66 | Rec: 0.67
Epoch 12 | Val Loss: 0.1732 | F1: 0.620 | Prec: 0.76 | Rec: 0.53
Epoch 13 | Val Loss: 0.1731 | F1: 0.603 | Prec: 0.79 | Rec: 0.49
Epoch 14 | Val Loss: 0.1698 | F1: 0.600 | Prec: 0.82 | Rec: 0.47
Epoch 15 | Val Loss: 0.1611 | F1: 0.665 | Prec: 0.75 | Rec: 0.59
Epoch 16 | Val Loss: 0.1654 | F1: 0.688 | Prec: 0.64 | Rec: 0.75
Epoch 17 | Val Loss: 0.1651 | F1: 0.659 | Prec: 0.75 | Rec: 0.59
Epoch 18 | Val Loss: 0.1633 | F1: 0.620 | Prec: 0.77 | Rec: 0.52
Epoch 19 | Val Loss: 0.1732 | F1: 0.667 | Prec: 0.71 | Rec: 0.63
Epoch 20 | Val Loss: 0.1626 | F1: 0.638 | Prec: 0.70 | Rec: 0.58
Epoch 21 | Val Loss: 0.1598 | F1: 0.635 | Prec: 0.74 | Rec: 0.56
Epoch 22 | Val Loss: 0.1778 | F1: 0.643 | Prec: 0.76 | Rec: 0.56
Epoch 23 | Val Loss: 0.1687 | F1: 0.643 | Prec: 0.71 | Rec: 0.59
Epoch 24 | Val Loss: 0.1859 | F1: 0.671 | Prec: 0.68 | Rec: 0.66
Epoch 25 | Val Loss: 0.1659 | F1: 0.654 | Prec: 0.70 | Rec: 0.62
Epoch 26 | Val Loss: 0.2057 | F1: 0.675 | Prec: 0.68 | Rec: 0.67
Epoch 27 | Val Loss: 0.1757 | F1: 0.581 | Prec: 0.78 | Rec: 0.46
Epoch 28 | Val Loss: 0.1693 | F1: 0.593 | Prec: 0.78 | Rec: 0.48
Epoch 29 | Val Loss: 0.1772 | F1: 0.642 | Prec: 0.72 | Rec: 0.58
Epoch 30 | Val Loss: 0.1734 | F1: 0.648 | Prec: 0.71 | Rec: 0.60
Epoch 31 | Val Loss: 0.1717 | F1: 0.663 | Prec: 0.68 | Rec: 0.65

Early stopping triggered at epoch 31

Testing on hold-out set...
Calibrated T = 1.4303
Final Test -> F1: 0.673 | Precision: 0.80 | Recall: 0.58
Recommended Threshold (FPR ≤ 5%): 0.5317 → TPR: 0.434, FPR: 0.049
============================================================
THRESHOLD OPTIMIZATION REPORT
============================================================
Area Under ROC Curve (ROC-AUC): 0.7852
Recommended Threshold (Youden's J): 0.4980
Recommended Threshold (Maximize F1):  0.4763 -> Max F1: 0.7277
------------------------------------------------------------

Classification Report using default threshold (0.500):
              precision    recall  f1-score   support

         0.0      0.657     0.849     0.741       365
         1.0      0.802     0.579     0.673       385

    accuracy                          0.711       750
   macro avg      0.729     0.714     0.707       750
weighted avg      0.731     0.711     0.706       750


Classification Report using optimized F1 threshold (0.476):
              precision    recall  f1-score   support

         0.0      0.716     0.685     0.700       365
         1.0      0.713     0.743     0.728       385

    accuracy                          0.715       750
   macro avg      0.715     0.714     0.714       750
weighted avg      0.715     0.715     0.714       750


Classification Report using minimised FPR threshold (0.5317):
============================================================
Best Threshold -> 0.4763137996196747
Historical false-positive alert timesteps: 0 / 780
============================================================
DYNAMIC CALIBRATION REPORT FOR TARGET REGION
============================================================
A. LATENT SDE SYSTEM CONFIG:
   sigma (Noise Intensity)        : 0.58531
   strat_decay (Damping factor)   : 1.05531
   meso_decay (Dissipation rate)  : 1.38407
------------------------------------------------------------
B. OBSERVATION BASELINES & SWINGS:
   temp     -> Baseline Mean:    5.166 | Physical Swing (±1σ): 1.8793
   salt     -> Baseline Mean:   34.827 | Physical Swing (±1σ): 0.2262
   ssh      -> Baseline Mean:   -1.403 | Physical Swing (±1σ): 0.0548
   u_curr   -> Baseline Mean:   -0.043 | Physical Swing (±1σ): 0.0365
   v_curr   -> Baseline Mean:   -0.017 | Physical Swing (±1σ): 0.0530
============================================================
Generating synthetic dataset...
Fitting scaler on training subset...
Scaler successfully fitted across training pool data.
Scaler statistics exported to 'scalers/synthetic_channel_scaler_17.pkl'

Starting Training...
Epoch 01 | Val Loss: 0.1830 | F1: 0.561 | Prec: 0.76 | Rec: 0.45
Epoch 02 | Val Loss: 0.1977 | F1: 0.550 | Prec: 0.88 | Rec: 0.40
Epoch 03 | Val Loss: 0.1656 | F1: 0.641 | Prec: 0.75 | Rec: 0.56
Epoch 04 | Val Loss: 0.1959 | F1: 0.541 | Prec: 0.88 | Rec: 0.39
Epoch 05 | Val Loss: 0.1724 | F1: 0.606 | Prec: 0.82 | Rec: 0.48
Epoch 06 | Val Loss: 0.1703 | F1: 0.611 | Prec: 0.76 | Rec: 0.51
Epoch 07 | Val Loss: 0.1878 | F1: 0.561 | Prec: 0.86 | Rec: 0.42
Epoch 08 | Val Loss: 0.1716 | F1: 0.557 | Prec: 0.88 | Rec: 0.41
Epoch 09 | Val Loss: 0.1727 | F1: 0.568 | Prec: 0.87 | Rec: 0.42
Epoch 10 | Val Loss: 0.1652 | F1: 0.624 | Prec: 0.81 | Rec: 0.51
Epoch 11 | Val Loss: 0.1648 | F1: 0.626 | Prec: 0.81 | Rec: 0.51
Epoch 12 | Val Loss: 0.1667 | F1: 0.643 | Prec: 0.80 | Rec: 0.54
Epoch 13 | Val Loss: 0.1657 | F1: 0.604 | Prec: 0.87 | Rec: 0.46
Epoch 14 | Val Loss: 0.1757 | F1: 0.577 | Prec: 0.87 | Rec: 0.43
Epoch 15 | Val Loss: 0.1660 | F1: 0.629 | Prec: 0.80 | Rec: 0.52
Epoch 16 | Val Loss: 0.1673 | F1: 0.667 | Prec: 0.77 | Rec: 0.59
Epoch 17 | Val Loss: 0.1681 | F1: 0.649 | Prec: 0.79 | Rec: 0.55
Epoch 18 | Val Loss: 0.1708 | F1: 0.628 | Prec: 0.77 | Rec: 0.53
Epoch 19 | Val Loss: 0.1679 | F1: 0.638 | Prec: 0.80 | Rec: 0.53
Epoch 20 | Val Loss: 0.1737 | F1: 0.621 | Prec: 0.72 | Rec: 0.54
Epoch 21 | Val Loss: 0.1704 | F1: 0.626 | Prec: 0.82 | Rec: 0.51

Early stopping triggered at epoch 21

Testing on hold-out set...
Calibrated T = 1.4292
Final Test -> F1: 0.633 | Precision: 0.84 | Recall: 0.51
Recommended Threshold (FPR ≤ 5%): 0.5205 → TPR: 0.468, FPR: 0.047
============================================================
THRESHOLD OPTIMIZATION REPORT
============================================================
Area Under ROC Curve (ROC-AUC): 0.7736
Recommended Threshold (Youden's J): 0.5055
Recommended Threshold (Maximize F1):  0.4368 -> Max F1: 0.7208
------------------------------------------------------------

Classification Report using default threshold (0.500):
              precision    recall  f1-score   support

         0.0      0.634     0.901     0.744       365
         1.0      0.844     0.506     0.633       385

    accuracy                          0.699       750
   macro avg      0.739     0.704     0.689       750
weighted avg      0.742     0.699     0.687       750


Classification Report using optimized F1 threshold (0.437):
              precision    recall  f1-score   support

         0.0      0.742     0.479     0.582       365
         1.0      0.630     0.842     0.721       385

    accuracy                          0.665       750
   macro avg      0.686     0.661     0.652       750
weighted avg      0.684     0.665     0.653       750


Classification Report using minimised FPR threshold (0.5205):
============================================================
Best Threshold -> 0.43677380681037903
Historical false-positive alert timesteps: 0 / 780
============================================================
DYNAMIC CALIBRATION REPORT FOR TARGET REGION
============================================================
A. LATENT SDE SYSTEM CONFIG:
   sigma (Noise Intensity)        : 0.53409
   strat_decay (Damping factor)   : 0.77758
   meso_decay (Dissipation rate)  : 1.44774
------------------------------------------------------------
B. OBSERVATION BASELINES & SWINGS:
   temp     -> Baseline Mean:    5.213 | Physical Swing (±1σ): 1.8086
   salt     -> Baseline Mean:   34.791 | Physical Swing (±1σ): 0.2042
   ssh      -> Baseline Mean:   -1.390 | Physical Swing (±1σ): 0.0571
   u_curr   -> Baseline Mean:   -0.047 | Physical Swing (±1σ): 0.0373
   v_curr   -> Baseline Mean:   -0.012 | Physical Swing (±1σ): 0.0504
============================================================
Generating synthetic dataset...
Fitting scaler on training subset...
Scaler successfully fitted across training pool data.
Scaler statistics exported to 'scalers/synthetic_channel_scaler_18.pkl'

Starting Training...
Epoch 01 | Val Loss: 0.1840 | F1: 0.615 | Prec: 0.78 | Rec: 0.51
Epoch 02 | Val Loss: 0.1794 | F1: 0.624 | Prec: 0.79 | Rec: 0.52
Epoch 03 | Val Loss: 0.1960 | F1: 0.539 | Prec: 0.91 | Rec: 0.38
Epoch 04 | Val Loss: 0.1829 | F1: 0.569 | Prec: 0.84 | Rec: 0.43
Epoch 05 | Val Loss: 0.1640 | F1: 0.610 | Prec: 0.83 | Rec: 0.48
Epoch 06 | Val Loss: 0.1627 | F1: 0.631 | Prec: 0.84 | Rec: 0.51
Epoch 07 | Val Loss: 0.1754 | F1: 0.558 | Prec: 0.92 | Rec: 0.40
Epoch 08 | Val Loss: 0.1625 | F1: 0.587 | Prec: 0.84 | Rec: 0.45
Epoch 09 | Val Loss: 0.1736 | F1: 0.570 | Prec: 0.86 | Rec: 0.43
Epoch 10 | Val Loss: 0.1723 | F1: 0.559 | Prec: 0.92 | Rec: 0.40
Epoch 11 | Val Loss: 0.1666 | F1: 0.639 | Prec: 0.78 | Rec: 0.54
Epoch 12 | Val Loss: 0.1623 | F1: 0.617 | Prec: 0.82 | Rec: 0.50
Epoch 13 | Val Loss: 0.1677 | F1: 0.585 | Prec: 0.87 | Rec: 0.44
Epoch 14 | Val Loss: 0.1768 | F1: 0.704 | Prec: 0.67 | Rec: 0.74
Epoch 15 | Val Loss: 0.1651 | F1: 0.644 | Prec: 0.74 | Rec: 0.57
Epoch 16 | Val Loss: 0.1663 | F1: 0.622 | Prec: 0.81 | Rec: 0.50
Epoch 17 | Val Loss: 0.1675 | F1: 0.666 | Prec: 0.77 | Rec: 0.59
Epoch 18 | Val Loss: 0.1670 | F1: 0.620 | Prec: 0.87 | Rec: 0.48
Epoch 19 | Val Loss: 0.1655 | F1: 0.644 | Prec: 0.81 | Rec: 0.53
Epoch 20 | Val Loss: 0.1710 | F1: 0.597 | Prec: 0.88 | Rec: 0.45
Epoch 21 | Val Loss: 0.1678 | F1: 0.632 | Prec: 0.85 | Rec: 0.50
Epoch 22 | Val Loss: 0.1636 | F1: 0.646 | Prec: 0.80 | Rec: 0.54

Early stopping triggered at epoch 22

Testing on hold-out set...
Calibrated T = 1.4215
Final Test -> F1: 0.641 | Precision: 0.87 | Recall: 0.51
Recommended Threshold (FPR ≤ 5%): 0.5253 → TPR: 0.462, FPR: 0.049
============================================================
THRESHOLD OPTIMIZATION REPORT
============================================================
Area Under ROC Curve (ROC-AUC): 0.7812
Recommended Threshold (Youden's J): 0.4839
Recommended Threshold (Maximize F1):  0.4255 -> Max F1: 0.7277
------------------------------------------------------------

Classification Report using default threshold (0.500):
              precision    recall  f1-score   support

         0.0      0.639     0.923     0.756       365
         1.0      0.874     0.506     0.641       385

    accuracy                          0.709       750
   macro avg      0.757     0.715     0.699       750
weighted avg      0.760     0.709     0.697       750


Classification Report using optimized F1 threshold (0.426):
              precision    recall  f1-score   support

         0.0      0.753     0.493     0.596       365
         1.0      0.638     0.847     0.728       385

    accuracy                          0.675       750
   macro avg      0.696     0.670     0.662       750
weighted avg      0.694     0.675     0.664       750


Classification Report using minimised FPR threshold (0.5253):
============================================================
Best Threshold -> 0.42553797364234924
Historical false-positive alert timesteps: 3 / 780
============================================================
DYNAMIC CALIBRATION REPORT FOR TARGET REGION
============================================================
A. LATENT SDE SYSTEM CONFIG:
   sigma (Noise Intensity)        : 0.53405
   strat_decay (Damping factor)   : 1.05758
   meso_decay (Dissipation rate)  : 1.32068
------------------------------------------------------------
B. OBSERVATION BASELINES & SWINGS:
   temp     -> Baseline Mean:    5.140 | Physical Swing (±1σ): 1.7918
   salt     -> Baseline Mean:   34.819 | Physical Swing (±1σ): 0.2102
   ssh      -> Baseline Mean:   -1.408 | Physical Swing (±1σ): 0.0630
   u_curr   -> Baseline Mean:   -0.040 | Physical Swing (±1σ): 0.0364
   v_curr   -> Baseline Mean:   -0.004 | Physical Swing (±1σ): 0.0473
============================================================
Generating synthetic dataset...
Fitting scaler on training subset...
Scaler successfully fitted across training pool data.
Scaler statistics exported to 'scalers/synthetic_channel_scaler_19.pkl'

Starting Training...
Epoch 01 | Val Loss: 0.1730 | F1: 0.636 | Prec: 0.76 | Rec: 0.54
Epoch 02 | Val Loss: 0.1743 | F1: 0.614 | Prec: 0.81 | Rec: 0.50
Epoch 03 | Val Loss: 0.1746 | F1: 0.589 | Prec: 0.88 | Rec: 0.44
Epoch 04 | Val Loss: 0.1649 | F1: 0.623 | Prec: 0.81 | Rec: 0.50
Epoch 05 | Val Loss: 0.1631 | F1: 0.619 | Prec: 0.80 | Rec: 0.50
Epoch 06 | Val Loss: 0.1717 | F1: 0.565 | Prec: 0.92 | Rec: 0.41
Epoch 07 | Val Loss: 0.1611 | F1: 0.645 | Prec: 0.75 | Rec: 0.57
Epoch 08 | Val Loss: 0.1576 | F1: 0.638 | Prec: 0.83 | Rec: 0.52
Epoch 09 | Val Loss: 0.1576 | F1: 0.653 | Prec: 0.83 | Rec: 0.54
Epoch 10 | Val Loss: 0.1657 | F1: 0.647 | Prec: 0.84 | Rec: 0.53
Epoch 11 | Val Loss: 0.1536 | F1: 0.653 | Prec: 0.79 | Rec: 0.56
Epoch 12 | Val Loss: 0.1637 | F1: 0.641 | Prec: 0.79 | Rec: 0.54
Epoch 13 | Val Loss: 0.1608 | F1: 0.614 | Prec: 0.87 | Rec: 0.47
Epoch 14 | Val Loss: 0.1606 | F1: 0.678 | Prec: 0.70 | Rec: 0.66
Epoch 15 | Val Loss: 0.1589 | F1: 0.645 | Prec: 0.77 | Rec: 0.56
Epoch 16 | Val Loss: 0.1631 | F1: 0.647 | Prec: 0.76 | Rec: 0.57
Epoch 17 | Val Loss: 0.1587 | F1: 0.639 | Prec: 0.80 | Rec: 0.53
Epoch 18 | Val Loss: 0.1564 | F1: 0.672 | Prec: 0.70 | Rec: 0.64
Epoch 19 | Val Loss: 0.1767 | F1: 0.641 | Prec: 0.77 | Rec: 0.55
Epoch 20 | Val Loss: 0.1645 | F1: 0.639 | Prec: 0.81 | Rec: 0.53
Epoch 21 | Val Loss: 0.1702 | F1: 0.675 | Prec: 0.67 | Rec: 0.68

Early stopping triggered at epoch 21

Testing on hold-out set...
Calibrated T = 1.4213
Final Test -> F1: 0.678 | Precision: 0.82 | Recall: 0.58
Recommended Threshold (FPR ≤ 5%): 0.5310 → TPR: 0.462, FPR: 0.049
============================================================
THRESHOLD OPTIMIZATION REPORT
============================================================
Area Under ROC Curve (ROC-AUC): 0.7784
Recommended Threshold (Youden's J): 0.5039
Recommended Threshold (Maximize F1):  0.4702 -> Max F1: 0.7210
------------------------------------------------------------

Classification Report using default threshold (0.500):
              precision    recall  f1-score   support

         0.0      0.660     0.863     0.748       365
         1.0      0.817     0.579     0.678       385

    accuracy                          0.717       750
   macro avg      0.739     0.721     0.713       750
weighted avg      0.741     0.717     0.712       750


Classification Report using optimized F1 threshold (0.470):
              precision    recall  f1-score   support

         0.0      0.709     0.679     0.694       365
         1.0      0.708     0.735     0.721       385

    accuracy                          0.708       750
   macro avg      0.708     0.707     0.707       750
weighted avg      0.708     0.708     0.708       750


Classification Report using minimised FPR threshold (0.5310):
============================================================
Best Threshold -> 0.4702129364013672
Historical false-positive alert timesteps: 14 / 780
============================================================
DYNAMIC CALIBRATION REPORT FOR TARGET REGION
============================================================
A. LATENT SDE SYSTEM CONFIG:
   sigma (Noise Intensity)        : 0.49336
   strat_decay (Damping factor)   : 0.78626
   meso_decay (Dissipation rate)  : 1.43673
------------------------------------------------------------
B. OBSERVATION BASELINES & SWINGS:
   temp     -> Baseline Mean:    5.085 | Physical Swing (±1σ): 1.8892
   salt     -> Baseline Mean:   34.745 | Physical Swing (±1σ): 0.2051
   ssh      -> Baseline Mean:   -1.411 | Physical Swing (±1σ): 0.0645
   u_curr   -> Baseline Mean:   -0.051 | Physical Swing (±1σ): 0.0338
   v_curr   -> Baseline Mean:   -0.017 | Physical Swing (±1σ): 0.0473
============================================================
Generating synthetic dataset...
Fitting scaler on training subset...
Scaler successfully fitted across training pool data.
Scaler statistics exported to 'scalers/synthetic_channel_scaler_20.pkl'

Starting Training...
Epoch 01 | Val Loss: 0.1725 | F1: 0.643 | Prec: 0.79 | Rec: 0.54
Epoch 02 | Val Loss: 0.1775 | F1: 0.602 | Prec: 0.85 | Rec: 0.47
Epoch 03 | Val Loss: 0.1553 | F1: 0.661 | Prec: 0.74 | Rec: 0.60
Epoch 04 | Val Loss: 0.1629 | F1: 0.584 | Prec: 0.89 | Rec: 0.43
Epoch 05 | Val Loss: 0.1647 | F1: 0.641 | Prec: 0.83 | Rec: 0.52
Epoch 06 | Val Loss: 0.1739 | F1: 0.568 | Prec: 0.93 | Rec: 0.41
Epoch 07 | Val Loss: 0.1694 | F1: 0.557 | Prec: 0.93 | Rec: 0.40
Epoch 08 | Val Loss: 0.1652 | F1: 0.585 | Prec: 0.90 | Rec: 0.43
Epoch 09 | Val Loss: 0.1655 | F1: 0.622 | Prec: 0.87 | Rec: 0.48
Epoch 10 | Val Loss: 0.1596 | F1: 0.628 | Prec: 0.82 | Rec: 0.51
Epoch 11 | Val Loss: 0.1633 | F1: 0.637 | Prec: 0.80 | Rec: 0.53
Epoch 12 | Val Loss: 0.1722 | F1: 0.620 | Prec: 0.86 | Rec: 0.49
Epoch 13 | Val Loss: 0.1657 | F1: 0.639 | Prec: 0.86 | Rec: 0.51

Early stopping triggered at epoch 13

Testing on hold-out set...
Calibrated T = 1.4203
Final Test -> F1: 0.723 | Precision: 0.80 | Recall: 0.66
Recommended Threshold (FPR ≤ 5%): 0.5420 → TPR: 0.481, FPR: 0.049
============================================================
THRESHOLD OPTIMIZATION REPORT
============================================================
Area Under ROC Curve (ROC-AUC): 0.7890
Recommended Threshold (Youden's J): 0.5142
Recommended Threshold (Maximize F1):  0.4896 -> Max F1: 0.7312
------------------------------------------------------------

Classification Report using default threshold (0.500):
              precision    recall  f1-score   support

         0.0      0.697     0.830     0.757       365
         1.0      0.803     0.657     0.723       385

    accuracy                          0.741       750
   macro avg      0.750     0.744     0.740       750
weighted avg      0.751     0.741     0.740       750


Classification Report using optimized F1 threshold (0.490):
              precision    recall  f1-score   support

         0.0      0.709     0.781     0.743       365
         1.0      0.770     0.696     0.731       385

    accuracy                          0.737       750
   macro avg      0.740     0.738     0.737       750
weighted avg      0.740     0.737     0.737       750


Classification Report using minimised FPR threshold (0.5420):
============================================================
Best Threshold -> 0.4895966053009033
Historical false-positive alert timesteps: 243 / 780
============================================================
DYNAMIC CALIBRATION REPORT FOR TARGET REGION
============================================================
A. LATENT SDE SYSTEM CONFIG:
   sigma (Noise Intensity)        : 0.52643
   strat_decay (Damping factor)   : 1.04691
   meso_decay (Dissipation rate)  : 1.38349
------------------------------------------------------------
B. OBSERVATION BASELINES & SWINGS:
   temp     -> Baseline Mean:    5.560 | Physical Swing (±1σ): 1.8374
   salt     -> Baseline Mean:   34.880 | Physical Swing (±1σ): 0.1953
   ssh      -> Baseline Mean:   -1.373 | Physical Swing (±1σ): 0.0643
   u_curr   -> Baseline Mean:   -0.051 | Physical Swing (±1σ): 0.0375
   v_curr   -> Baseline Mean:   -0.009 | Physical Swing (±1σ): 0.0490
============================================================
Generating synthetic dataset...
Fitting scaler on training subset...
Scaler successfully fitted across training pool data.
Scaler statistics exported to 'scalers/synthetic_channel_scaler_21.pkl'

Starting Training...
Epoch 01 | Val Loss: 0.2309 | F1: 0.557 | Prec: 0.89 | Rec: 0.41
Epoch 02 | Val Loss: 0.1739 | F1: 0.668 | Prec: 0.65 | Rec: 0.69
Epoch 03 | Val Loss: 0.1756 | F1: 0.574 | Prec: 0.84 | Rec: 0.44
Epoch 04 | Val Loss: 0.1985 | F1: 0.494 | Prec: 0.98 | Rec: 0.33
Epoch 05 | Val Loss: 0.1640 | F1: 0.611 | Prec: 0.80 | Rec: 0.49
Epoch 06 | Val Loss: 0.1693 | F1: 0.593 | Prec: 0.90 | Rec: 0.44
Epoch 07 | Val Loss: 0.1595 | F1: 0.631 | Prec: 0.75 | Rec: 0.55
Epoch 08 | Val Loss: 0.1719 | F1: 0.651 | Prec: 0.71 | Rec: 0.60
Epoch 09 | Val Loss: 0.1817 | F1: 0.563 | Prec: 0.88 | Rec: 0.41
Epoch 10 | Val Loss: 0.1667 | F1: 0.583 | Prec: 0.86 | Rec: 0.44
Epoch 11 | Val Loss: 0.1708 | F1: 0.567 | Prec: 0.89 | Rec: 0.42
Epoch 12 | Val Loss: 0.1648 | F1: 0.657 | Prec: 0.71 | Rec: 0.61
Epoch 13 | Val Loss: 0.1686 | F1: 0.600 | Prec: 0.86 | Rec: 0.46
Epoch 14 | Val Loss: 0.1625 | F1: 0.600 | Prec: 0.83 | Rec: 0.47
Epoch 15 | Val Loss: 0.1715 | F1: 0.630 | Prec: 0.77 | Rec: 0.53
Epoch 16 | Val Loss: 0.1731 | F1: 0.612 | Prec: 0.76 | Rec: 0.51
Epoch 17 | Val Loss: 0.1669 | F1: 0.638 | Prec: 0.75 | Rec: 0.56

Early stopping triggered at epoch 17

Testing on hold-out set...
Calibrated T = 1.4281
Final Test -> F1: 0.677 | Precision: 0.80 | Recall: 0.59
Recommended Threshold (FPR ≤ 5%): 0.5361 → TPR: 0.460, FPR: 0.049
============================================================
THRESHOLD OPTIMIZATION REPORT
============================================================
Area Under ROC Curve (ROC-AUC): 0.7814
Recommended Threshold (Youden's J): 0.5100
Recommended Threshold (Maximize F1):  0.4830 -> Max F1: 0.7221
------------------------------------------------------------

Classification Report using default threshold (0.500):
              precision    recall  f1-score   support

         0.0      0.660     0.844     0.740       365
         1.0      0.799     0.587     0.677       385

    accuracy                          0.712       750
   macro avg      0.729     0.715     0.709       750
weighted avg      0.731     0.712     0.708       750


Classification Report using optimized F1 threshold (0.483):
              precision    recall  f1-score   support

         0.0      0.707     0.707     0.707       365
         1.0      0.722     0.722     0.722       385

    accuracy                          0.715       750
   macro avg      0.714     0.714     0.714       750
weighted avg      0.715     0.715     0.715       750


Classification Report using minimised FPR threshold (0.5361):
============================================================
Best Threshold -> 0.48300641775131226
Historical false-positive alert timesteps: 23 / 780
============================================================
DYNAMIC CALIBRATION REPORT FOR TARGET REGION
============================================================
A. LATENT SDE SYSTEM CONFIG:
   sigma (Noise Intensity)        : 0.51189
   strat_decay (Damping factor)   : 0.87521
   meso_decay (Dissipation rate)  : 1.40128
------------------------------------------------------------
B. OBSERVATION BASELINES & SWINGS:
   temp     -> Baseline Mean:    5.585 | Physical Swing (±1σ): 1.8146
   salt     -> Baseline Mean:   34.887 | Physical Swing (±1σ): 0.2183
   ssh      -> Baseline Mean:   -1.346 | Physical Swing (±1σ): 0.0698
   u_curr   -> Baseline Mean:   -0.045 | Physical Swing (±1σ): 0.0389
   v_curr   -> Baseline Mean:   -0.010 | Physical Swing (±1σ): 0.0472
============================================================
Generating synthetic dataset...
Fitting scaler on training subset...
Scaler successfully fitted across training pool data.
Scaler statistics exported to 'scalers/synthetic_channel_scaler_22.pkl'

Starting Training...
Epoch 01 | Val Loss: 0.1861 | F1: 0.628 | Prec: 0.80 | Rec: 0.51
Epoch 02 | Val Loss: 0.1671 | F1: 0.619 | Prec: 0.78 | Rec: 0.51
Epoch 03 | Val Loss: 0.1784 | F1: 0.570 | Prec: 0.89 | Rec: 0.42
Epoch 04 | Val Loss: 0.1628 | F1: 0.628 | Prec: 0.83 | Rec: 0.51
Epoch 05 | Val Loss: 0.1790 | F1: 0.548 | Prec: 0.92 | Rec: 0.39
Epoch 06 | Val Loss: 0.1651 | F1: 0.578 | Prec: 0.91 | Rec: 0.42
Epoch 07 | Val Loss: 0.1619 | F1: 0.572 | Prec: 0.89 | Rec: 0.42
Epoch 08 | Val Loss: 0.1557 | F1: 0.649 | Prec: 0.74 | Rec: 0.58
Epoch 09 | Val Loss: 0.1599 | F1: 0.634 | Prec: 0.79 | Rec: 0.53
Epoch 10 | Val Loss: 0.1684 | F1: 0.533 | Prec: 0.97 | Rec: 0.37
Epoch 11 | Val Loss: 0.1579 | F1: 0.619 | Prec: 0.82 | Rec: 0.50
Epoch 12 | Val Loss: 0.1619 | F1: 0.570 | Prec: 0.92 | Rec: 0.41
Epoch 13 | Val Loss: 0.1618 | F1: 0.608 | Prec: 0.86 | Rec: 0.47
Epoch 14 | Val Loss: 0.1640 | F1: 0.598 | Prec: 0.86 | Rec: 0.46
Epoch 15 | Val Loss: 0.1617 | F1: 0.637 | Prec: 0.81 | Rec: 0.53
Epoch 16 | Val Loss: 0.1718 | F1: 0.582 | Prec: 0.89 | Rec: 0.43
Epoch 17 | Val Loss: 0.1689 | F1: 0.565 | Prec: 0.91 | Rec: 0.41
Epoch 18 | Val Loss: 0.1620 | F1: 0.661 | Prec: 0.76 | Rec: 0.59

Early stopping triggered at epoch 18

Testing on hold-out set...
Calibrated T = 1.4274
Final Test -> F1: 0.698 | Precision: 0.81 | Recall: 0.61
Recommended Threshold (FPR ≤ 5%): 0.5254 → TPR: 0.501, FPR: 0.047
============================================================
THRESHOLD OPTIMIZATION REPORT
============================================================
Area Under ROC Curve (ROC-AUC): 0.7857
Recommended Threshold (Youden's J): 0.5058
Recommended Threshold (Maximize F1):  0.4806 -> Max F1: 0.7193
------------------------------------------------------------

Classification Report using default threshold (0.500):
              precision    recall  f1-score   support

         0.0      0.675     0.849     0.752       365
         1.0      0.811     0.613     0.698       385

    accuracy                          0.728       750
   macro avg      0.743     0.731     0.725       750
weighted avg      0.745     0.728     0.725       750


Classification Report using optimized F1 threshold (0.481):
              precision    recall  f1-score   support

         0.0      0.709     0.655     0.681       365
         1.0      0.695     0.745     0.719       385

    accuracy                          0.701       750
   macro avg      0.702     0.700     0.700       750
weighted avg      0.702     0.701     0.701       750


Classification Report using minimised FPR threshold (0.5254):
============================================================
Best Threshold -> 0.48062998056411743
Historical false-positive alert timesteps: 0 / 780
============================================================
DYNAMIC CALIBRATION REPORT FOR TARGET REGION
============================================================
A. LATENT SDE SYSTEM CONFIG:
   sigma (Noise Intensity)        : 0.52719
   strat_decay (Damping factor)   : 1.01345
   meso_decay (Dissipation rate)  : 1.59351
------------------------------------------------------------
B. OBSERVATION BASELINES & SWINGS:
   temp     -> Baseline Mean:    5.463 | Physical Swing (±1σ): 1.9013
   salt     -> Baseline Mean:   34.850 | Physical Swing (±1σ): 0.1908
   ssh      -> Baseline Mean:   -1.345 | Physical Swing (±1σ): 0.0678
   u_curr   -> Baseline Mean:   -0.046 | Physical Swing (±1σ): 0.0392
   v_curr   -> Baseline Mean:   -0.005 | Physical Swing (±1σ): 0.0472
============================================================
Generating synthetic dataset...
Fitting scaler on training subset...
Scaler successfully fitted across training pool data.
Scaler statistics exported to 'scalers/synthetic_channel_scaler_23.pkl'

Starting Training...
Epoch 01 | Val Loss: 0.1781 | F1: 0.581 | Prec: 0.86 | Rec: 0.44
Epoch 02 | Val Loss: 0.1701 | F1: 0.651 | Prec: 0.75 | Rec: 0.58
Epoch 03 | Val Loss: 0.1885 | F1: 0.599 | Prec: 0.82 | Rec: 0.47
Epoch 04 | Val Loss: 0.1695 | F1: 0.619 | Prec: 0.83 | Rec: 0.49
Epoch 05 | Val Loss: 0.1682 | F1: 0.589 | Prec: 0.88 | Rec: 0.44
Epoch 06 | Val Loss: 0.1742 | F1: 0.570 | Prec: 0.92 | Rec: 0.41
Epoch 07 | Val Loss: 0.2021 | F1: 0.554 | Prec: 0.91 | Rec: 0.40
Epoch 08 | Val Loss: 0.1671 | F1: 0.627 | Prec: 0.82 | Rec: 0.51
Epoch 09 | Val Loss: 0.1661 | F1: 0.641 | Prec: 0.76 | Rec: 0.55
Epoch 10 | Val Loss: 0.1653 | F1: 0.636 | Prec: 0.77 | Rec: 0.54
Epoch 11 | Val Loss: 0.1648 | F1: 0.613 | Prec: 0.80 | Rec: 0.50
Epoch 12 | Val Loss: 0.1643 | F1: 0.580 | Prec: 0.82 | Rec: 0.45
Epoch 13 | Val Loss: 0.1743 | F1: 0.591 | Prec: 0.87 | Rec: 0.45
Epoch 14 | Val Loss: 0.1778 | F1: 0.489 | Prec: 0.92 | Rec: 0.33
Epoch 15 | Val Loss: 0.1644 | F1: 0.630 | Prec: 0.79 | Rec: 0.52
Epoch 16 | Val Loss: 0.1702 | F1: 0.668 | Prec: 0.72 | Rec: 0.62
Epoch 17 | Val Loss: 0.1846 | F1: 0.601 | Prec: 0.86 | Rec: 0.46
Epoch 18 | Val Loss: 0.1646 | F1: 0.609 | Prec: 0.83 | Rec: 0.48
Epoch 19 | Val Loss: 0.1679 | F1: 0.636 | Prec: 0.78 | Rec: 0.54
Epoch 20 | Val Loss: 0.1692 | F1: 0.624 | Prec: 0.80 | Rec: 0.51
Epoch 21 | Val Loss: 0.1746 | F1: 0.662 | Prec: 0.75 | Rec: 0.59
Epoch 22 | Val Loss: 0.1673 | F1: 0.650 | Prec: 0.71 | Rec: 0.60

Early stopping triggered at epoch 22

Testing on hold-out set...
Calibrated T = 1.4287
Final Test -> F1: 0.627 | Precision: 0.92 | Recall: 0.48
Recommended Threshold (FPR ≤ 5%): 0.5000 → TPR: 0.481, FPR: 0.044
============================================================
THRESHOLD OPTIMIZATION REPORT
============================================================
Area Under ROC Curve (ROC-AUC): 0.7901
Recommended Threshold (Youden's J): 0.4755
Recommended Threshold (Maximize F1):  0.4436 -> Max F1: 0.7262
------------------------------------------------------------

Classification Report using default threshold (0.500):
              precision    recall  f1-score   support

         0.0      0.633     0.956     0.762       365
         1.0      0.920     0.475     0.627       385

    accuracy                          0.709       750
   macro avg      0.776     0.716     0.694       750
weighted avg      0.780     0.709     0.693       750


Classification Report using optimized F1 threshold (0.444):
              precision    recall  f1-score   support

         0.0      0.729     0.589     0.652       365
         1.0      0.670     0.792     0.726       385

    accuracy                          0.693       750
   macro avg      0.700     0.691     0.689       750
weighted avg      0.699     0.693     0.690       750


Classification Report using minimised FPR threshold (0.5000):
============================================================
Best Threshold -> 0.4436452090740204
Historical false-positive alert timesteps: 0 / 780
============================================================
DYNAMIC CALIBRATION REPORT FOR TARGET REGION
============================================================
A. LATENT SDE SYSTEM CONFIG:
   sigma (Noise Intensity)        : 0.50134
   strat_decay (Damping factor)   : 0.88209
   meso_decay (Dissipation rate)  : 1.35082
------------------------------------------------------------
B. OBSERVATION BASELINES & SWINGS:
   temp     -> Baseline Mean:    5.728 | Physical Swing (±1σ): 1.8080
   salt     -> Baseline Mean:   34.865 | Physical Swing (±1σ): 0.1880
   ssh      -> Baseline Mean:   -1.349 | Physical Swing (±1σ): 0.0619
   u_curr   -> Baseline Mean:   -0.053 | Physical Swing (±1σ): 0.0365
   v_curr   -> Baseline Mean:   -0.003 | Physical Swing (±1σ): 0.0487
============================================================
Generating synthetic dataset...
Fitting scaler on training subset...
Scaler successfully fitted across training pool data.
Scaler statistics exported to 'scalers/synthetic_channel_scaler_24.pkl'

Starting Training...
Epoch 01 | Val Loss: 0.1901 | F1: 0.551 | Prec: 0.90 | Rec: 0.40
Epoch 02 | Val Loss: 0.1776 | F1: 0.492 | Prec: 0.90 | Rec: 0.34
Epoch 03 | Val Loss: 0.1806 | F1: 0.458 | Prec: 0.98 | Rec: 0.30
Epoch 04 | Val Loss: 0.1864 | F1: 0.539 | Prec: 0.93 | Rec: 0.38
Epoch 05 | Val Loss: 0.1757 | F1: 0.610 | Prec: 0.85 | Rec: 0.47
Epoch 06 | Val Loss: 0.1708 | F1: 0.610 | Prec: 0.87 | Rec: 0.47
Epoch 07 | Val Loss: 0.1800 | F1: 0.584 | Prec: 0.92 | Rec: 0.43
Epoch 08 | Val Loss: 0.1661 | F1: 0.585 | Prec: 0.88 | Rec: 0.44
Epoch 09 | Val Loss: 0.1636 | F1: 0.618 | Prec: 0.89 | Rec: 0.47
Epoch 10 | Val Loss: 0.1692 | F1: 0.617 | Prec: 0.85 | Rec: 0.48
Epoch 11 | Val Loss: 0.1621 | F1: 0.645 | Prec: 0.83 | Rec: 0.53
Epoch 12 | Val Loss: 0.1646 | F1: 0.579 | Prec: 0.91 | Rec: 0.42
Epoch 13 | Val Loss: 0.1688 | F1: 0.611 | Prec: 0.87 | Rec: 0.47
Epoch 14 | Val Loss: 0.1661 | F1: 0.639 | Prec: 0.76 | Rec: 0.55
Epoch 15 | Val Loss: 0.1613 | F1: 0.698 | Prec: 0.68 | Rec: 0.71
Epoch 16 | Val Loss: 0.1701 | F1: 0.623 | Prec: 0.81 | Rec: 0.51
Epoch 17 | Val Loss: 0.1618 | F1: 0.636 | Prec: 0.82 | Rec: 0.52
Epoch 18 | Val Loss: 0.1572 | F1: 0.676 | Prec: 0.69 | Rec: 0.66
Epoch 19 | Val Loss: 0.1591 | F1: 0.662 | Prec: 0.75 | Rec: 0.59
Epoch 20 | Val Loss: 0.1636 | F1: 0.654 | Prec: 0.72 | Rec: 0.60
Epoch 21 | Val Loss: 0.2059 | F1: 0.643 | Prec: 0.82 | Rec: 0.53
Epoch 22 | Val Loss: 0.1712 | F1: 0.686 | Prec: 0.69 | Rec: 0.68
Epoch 23 | Val Loss: 0.1807 | F1: 0.634 | Prec: 0.79 | Rec: 0.53
Epoch 24 | Val Loss: 0.1677 | F1: 0.648 | Prec: 0.76 | Rec: 0.56
Epoch 25 | Val Loss: 0.2011 | F1: 0.644 | Prec: 0.80 | Rec: 0.54
Epoch 26 | Val Loss: 0.1784 | F1: 0.616 | Prec: 0.79 | Rec: 0.51
Epoch 27 | Val Loss: 0.1886 | F1: 0.620 | Prec: 0.76 | Rec: 0.52
Epoch 28 | Val Loss: 0.1886 | F1: 0.602 | Prec: 0.80 | Rec: 0.48

Early stopping triggered at epoch 28

Testing on hold-out set...
Calibrated T = 1.4254
Final Test -> F1: 0.709 | Precision: 0.76 | Recall: 0.66
Recommended Threshold (FPR ≤ 5%): 0.5581 → TPR: 0.465, FPR: 0.049
============================================================
THRESHOLD OPTIMIZATION REPORT
============================================================
Area Under ROC Curve (ROC-AUC): 0.7902
Recommended Threshold (Youden's J): 0.5270
Recommended Threshold (Maximize F1):  0.4918 -> Max F1: 0.7227
------------------------------------------------------------

Classification Report using default threshold (0.500):
              precision    recall  f1-score   support

         0.0      0.688     0.778     0.730       365
         1.0      0.760     0.665     0.709       385

    accuracy                          0.720       750
   macro avg      0.724     0.722     0.720       750
weighted avg      0.725     0.720     0.719       750


Classification Report using optimized F1 threshold (0.492):
              precision    recall  f1-score   support

         0.0      0.706     0.723     0.714       365
         1.0      0.731     0.714     0.723       385

    accuracy                          0.719       750
   macro avg      0.719     0.719     0.719       750
weighted avg      0.719     0.719     0.719       750


Classification Report using minimised FPR threshold (0.5581):
============================================================
Best Threshold -> 0.4918215572834015
Historical false-positive alert timesteps: 26 / 780
============================================================
DYNAMIC CALIBRATION REPORT FOR TARGET REGION
============================================================
A. LATENT SDE SYSTEM CONFIG:
   sigma (Noise Intensity)        : 0.50466
   strat_decay (Damping factor)   : 0.86293
   meso_decay (Dissipation rate)  : 1.46646
------------------------------------------------------------
B. OBSERVATION BASELINES & SWINGS:
   temp     -> Baseline Mean:    5.472 | Physical Swing (±1σ): 1.8302
   salt     -> Baseline Mean:   34.883 | Physical Swing (±1σ): 0.1911
   ssh      -> Baseline Mean:   -1.369 | Physical Swing (±1σ): 0.0590
   u_curr   -> Baseline Mean:   -0.052 | Physical Swing (±1σ): 0.0369
   v_curr   -> Baseline Mean:    0.002 | Physical Swing (±1σ): 0.0462
============================================================
Generating synthetic dataset...
Fitting scaler on training subset...
Scaler successfully fitted across training pool data.
Scaler statistics exported to 'scalers/synthetic_channel_scaler_25.pkl'

Starting Training...
Epoch 01 | Val Loss: 0.2176 | F1: 0.563 | Prec: 0.87 | Rec: 0.42
Epoch 02 | Val Loss: 0.1812 | F1: 0.603 | Prec: 0.83 | Rec: 0.47
Epoch 03 | Val Loss: 0.1841 | F1: 0.583 | Prec: 0.87 | Rec: 0.44
Epoch 04 | Val Loss: 0.1758 | F1: 0.643 | Prec: 0.83 | Rec: 0.52
Epoch 05 | Val Loss: 0.1726 | F1: 0.643 | Prec: 0.76 | Rec: 0.56
Epoch 06 | Val Loss: 0.1706 | F1: 0.587 | Prec: 0.88 | Rec: 0.44
Epoch 07 | Val Loss: 0.1675 | F1: 0.579 | Prec: 0.88 | Rec: 0.43
Epoch 08 | Val Loss: 0.1739 | F1: 0.568 | Prec: 0.88 | Rec: 0.42
Epoch 09 | Val Loss: 0.1653 | F1: 0.618 | Prec: 0.86 | Rec: 0.48
Epoch 10 | Val Loss: 0.1704 | F1: 0.650 | Prec: 0.75 | Rec: 0.57
Epoch 11 | Val Loss: 0.1690 | F1: 0.627 | Prec: 0.81 | Rec: 0.51
Epoch 12 | Val Loss: 0.1721 | F1: 0.579 | Prec: 0.87 | Rec: 0.43
Epoch 13 | Val Loss: 0.1557 | F1: 0.677 | Prec: 0.79 | Rec: 0.59
Epoch 14 | Val Loss: 0.1840 | F1: 0.590 | Prec: 0.85 | Rec: 0.45
Epoch 15 | Val Loss: 0.1656 | F1: 0.622 | Prec: 0.83 | Rec: 0.50
Epoch 16 | Val Loss: 0.1619 | F1: 0.636 | Prec: 0.82 | Rec: 0.52
Epoch 17 | Val Loss: 0.1718 | F1: 0.674 | Prec: 0.72 | Rec: 0.63
Epoch 18 | Val Loss: 0.1776 | F1: 0.562 | Prec: 0.87 | Rec: 0.42
Epoch 19 | Val Loss: 0.1675 | F1: 0.581 | Prec: 0.85 | Rec: 0.44
Epoch 20 | Val Loss: 0.1599 | F1: 0.639 | Prec: 0.75 | Rec: 0.55
Epoch 21 | Val Loss: 0.1677 | F1: 0.637 | Prec: 0.80 | Rec: 0.53
Epoch 22 | Val Loss: 0.1699 | F1: 0.671 | Prec: 0.72 | Rec: 0.63
Epoch 23 | Val Loss: 0.1935 | F1: 0.649 | Prec: 0.79 | Rec: 0.55

Early stopping triggered at epoch 23

Testing on hold-out set...
Calibrated T = 1.4231
Final Test -> F1: 0.682 | Precision: 0.81 | Recall: 0.59
Recommended Threshold (FPR ≤ 5%): 0.5376 → TPR: 0.462, FPR: 0.049
============================================================
THRESHOLD OPTIMIZATION REPORT
============================================================
Area Under ROC Curve (ROC-AUC): 0.7906
Recommended Threshold (Youden's J): 0.5120
Recommended Threshold (Maximize F1):  0.4641 -> Max F1: 0.7300
------------------------------------------------------------

Classification Report using default threshold (0.500):
              precision    recall  f1-score   support

         0.0      0.663     0.858     0.748       365
         1.0      0.813     0.587     0.682       385

    accuracy                          0.719       750
   macro avg      0.738     0.722     0.715       750
weighted avg      0.740     0.719     0.714       750


Classification Report using optimized F1 threshold (0.464):
              precision    recall  f1-score   support

         0.0      0.739     0.573     0.645       365
         1.0      0.666     0.808     0.730       385

    accuracy                          0.693       750
   macro avg      0.702     0.690     0.688       750
weighted avg      0.701     0.693     0.689       750


Classification Report using minimised FPR threshold (0.5376):
============================================================
Best Threshold -> 0.4641425907611847
Historical false-positive alert timesteps: 335 / 780
============================================================
DYNAMIC CALIBRATION REPORT FOR TARGET REGION
============================================================
A. LATENT SDE SYSTEM CONFIG:
   sigma (Noise Intensity)        : 0.51777
   strat_decay (Damping factor)   : 0.74380
   meso_decay (Dissipation rate)  : 1.36726
------------------------------------------------------------
B. OBSERVATION BASELINES & SWINGS:
   temp     -> Baseline Mean:    5.585 | Physical Swing (±1σ): 1.8297
   salt     -> Baseline Mean:   34.895 | Physical Swing (±1σ): 0.2305
   ssh      -> Baseline Mean:   -1.328 | Physical Swing (±1σ): 0.0738
   u_curr   -> Baseline Mean:   -0.053 | Physical Swing (±1σ): 0.0385
   v_curr   -> Baseline Mean:   -0.009 | Physical Swing (±1σ): 0.0475
============================================================
Generating synthetic dataset...
Fitting scaler on training subset...
Scaler successfully fitted across training pool data.
Scaler statistics exported to 'scalers/synthetic_channel_scaler_26.pkl'

Starting Training...
Epoch 01 | Val Loss: 0.1772 | F1: 0.645 | Prec: 0.76 | Rec: 0.56
Epoch 02 | Val Loss: 0.1679 | F1: 0.656 | Prec: 0.78 | Rec: 0.57
Epoch 03 | Val Loss: 0.1737 | F1: 0.643 | Prec: 0.77 | Rec: 0.55
Epoch 04 | Val Loss: 0.1708 | F1: 0.606 | Prec: 0.85 | Rec: 0.47
Epoch 05 | Val Loss: 0.1600 | F1: 0.646 | Prec: 0.76 | Rec: 0.56
Epoch 06 | Val Loss: 0.1738 | F1: 0.506 | Prec: 0.96 | Rec: 0.34
Epoch 07 | Val Loss: 0.1621 | F1: 0.625 | Prec: 0.81 | Rec: 0.51
Epoch 08 | Val Loss: 0.1936 | F1: 0.520 | Prec: 0.96 | Rec: 0.36
Epoch 09 | Val Loss: 0.1654 | F1: 0.598 | Prec: 0.85 | Rec: 0.46
Epoch 10 | Val Loss: 0.1683 | F1: 0.583 | Prec: 0.91 | Rec: 0.43
Epoch 11 | Val Loss: 0.1614 | F1: 0.609 | Prec: 0.86 | Rec: 0.47
Epoch 12 | Val Loss: 0.1679 | F1: 0.601 | Prec: 0.87 | Rec: 0.46
Epoch 13 | Val Loss: 0.1693 | F1: 0.598 | Prec: 0.87 | Rec: 0.46
Epoch 14 | Val Loss: 0.1705 | F1: 0.610 | Prec: 0.88 | Rec: 0.47
Epoch 15 | Val Loss: 0.1661 | F1: 0.628 | Prec: 0.83 | Rec: 0.51

Early stopping triggered at epoch 15

Testing on hold-out set...
Calibrated T = 1.4227
Final Test -> F1: 0.672 | Precision: 0.83 | Recall: 0.56
Recommended Threshold (FPR ≤ 5%): 0.5327 → TPR: 0.475, FPR: 0.049
============================================================
THRESHOLD OPTIMIZATION REPORT
============================================================
Area Under ROC Curve (ROC-AUC): 0.7879
Recommended Threshold (Youden's J): 0.4905
Recommended Threshold (Maximize F1):  0.4673 -> Max F1: 0.7374
------------------------------------------------------------

Classification Report using default threshold (0.500):
              precision    recall  f1-score   support

         0.0      0.656     0.879     0.752       365
         1.0      0.831     0.564     0.672       385

    accuracy                          0.717       750
   macro avg      0.744     0.722     0.712       750
weighted avg      0.746     0.717     0.711       750


Classification Report using optimized F1 threshold (0.467):
              precision    recall  f1-score   support

         0.0      0.735     0.652     0.691       365
         1.0      0.702     0.777     0.737       385

    accuracy                          0.716       750
   macro avg      0.718     0.714     0.714       750
weighted avg      0.718     0.716     0.715       750


Classification Report using minimised FPR threshold (0.5327):
============================================================
Best Threshold -> 0.4672958254814148
Historical false-positive alert timesteps: 0 / 780
============================================================
DYNAMIC CALIBRATION REPORT FOR TARGET REGION
============================================================
A. LATENT SDE SYSTEM CONFIG:
   sigma (Noise Intensity)        : 0.55718
   strat_decay (Damping factor)   : 0.91064
   meso_decay (Dissipation rate)  : 1.36037
------------------------------------------------------------
B. OBSERVATION BASELINES & SWINGS:
   temp     -> Baseline Mean:    5.452 | Physical Swing (±1σ): 1.9122
   salt     -> Baseline Mean:   34.881 | Physical Swing (±1σ): 0.1961
   ssh      -> Baseline Mean:   -1.372 | Physical Swing (±1σ): 0.0650
   u_curr   -> Baseline Mean:   -0.055 | Physical Swing (±1σ): 0.0346
   v_curr   -> Baseline Mean:   -0.016 | Physical Swing (±1σ): 0.0488
============================================================
Generating synthetic dataset...
Fitting scaler on training subset...
Scaler successfully fitted across training pool data.
Scaler statistics exported to 'scalers/synthetic_channel_scaler_27.pkl'

Starting Training...
Epoch 01 | Val Loss: 0.1751 | F1: 0.590 | Prec: 0.77 | Rec: 0.48
Epoch 02 | Val Loss: 0.1878 | F1: 0.492 | Prec: 0.94 | Rec: 0.33
Epoch 03 | Val Loss: 0.1641 | F1: 0.634 | Prec: 0.83 | Rec: 0.51
Epoch 04 | Val Loss: 0.1676 | F1: 0.616 | Prec: 0.82 | Rec: 0.49
Epoch 05 | Val Loss: 0.1645 | F1: 0.615 | Prec: 0.84 | Rec: 0.49
Epoch 06 | Val Loss: 0.1699 | F1: 0.628 | Prec: 0.82 | Rec: 0.51
Epoch 07 | Val Loss: 0.1626 | F1: 0.599 | Prec: 0.84 | Rec: 0.47
Epoch 08 | Val Loss: 0.1663 | F1: 0.554 | Prec: 0.89 | Rec: 0.40
Epoch 09 | Val Loss: 0.1669 | F1: 0.549 | Prec: 0.90 | Rec: 0.39
Epoch 10 | Val Loss: 0.1609 | F1: 0.657 | Prec: 0.72 | Rec: 0.60
Epoch 11 | Val Loss: 0.1619 | F1: 0.685 | Prec: 0.73 | Rec: 0.65
Epoch 12 | Val Loss: 0.1624 | F1: 0.611 | Prec: 0.84 | Rec: 0.48
Epoch 13 | Val Loss: 0.1674 | F1: 0.559 | Prec: 0.89 | Rec: 0.41
Epoch 14 | Val Loss: 0.1660 | F1: 0.541 | Prec: 0.95 | Rec: 0.38
Epoch 15 | Val Loss: 0.1658 | F1: 0.637 | Prec: 0.77 | Rec: 0.54
Epoch 16 | Val Loss: 0.1621 | F1: 0.577 | Prec: 0.89 | Rec: 0.43
Epoch 17 | Val Loss: 0.1671 | F1: 0.627 | Prec: 0.81 | Rec: 0.51
Epoch 18 | Val Loss: 0.1704 | F1: 0.601 | Prec: 0.85 | Rec: 0.47
Epoch 19 | Val Loss: 0.1663 | F1: 0.627 | Prec: 0.84 | Rec: 0.50
Epoch 20 | Val Loss: 0.1664 | F1: 0.653 | Prec: 0.73 | Rec: 0.59

Early stopping triggered at epoch 20

Testing on hold-out set...
Calibrated T = 1.4309
Final Test -> F1: 0.675 | Precision: 0.75 | Recall: 0.61
Recommended Threshold (FPR ≤ 5%): 0.5454 → TPR: 0.462, FPR: 0.049
============================================================
THRESHOLD OPTIMIZATION REPORT
============================================================
Area Under ROC Curve (ROC-AUC): 0.7729
Recommended Threshold (Youden's J): 0.5172
Recommended Threshold (Maximize F1):  0.4737 -> Max F1: 0.7184
------------------------------------------------------------

Classification Report using default threshold (0.500):
              precision    recall  f1-score   support

         0.0      0.658     0.786     0.717       365
         1.0      0.752     0.613     0.675       385

    accuracy                          0.697       750
   macro avg      0.705     0.700     0.696       750
weighted avg      0.706     0.697     0.695       750


Classification Report using optimized F1 threshold (0.474):
              precision    recall  f1-score   support

         0.0      0.729     0.515     0.604       365
         1.0      0.640     0.818     0.718       385

    accuracy                          0.671       750
   macro avg      0.684     0.667     0.661       750
weighted avg      0.683     0.671     0.662       750


Classification Report using minimised FPR threshold (0.5454):
============================================================
Best Threshold -> 0.4737382233142853
Historical false-positive alert timesteps: 0 / 780
============================================================
DYNAMIC CALIBRATION REPORT FOR TARGET REGION
============================================================
A. LATENT SDE SYSTEM CONFIG:
   sigma (Noise Intensity)        : 0.57913
   strat_decay (Damping factor)   : 0.83635
   meso_decay (Dissipation rate)  : 1.33063
------------------------------------------------------------
B. OBSERVATION BASELINES & SWINGS:
   temp     -> Baseline Mean:    5.448 | Physical Swing (±1σ): 2.0067
   salt     -> Baseline Mean:   34.862 | Physical Swing (±1σ): 0.1916
   ssh      -> Baseline Mean:   -1.346 | Physical Swing (±1σ): 0.0626
   u_curr   -> Baseline Mean:   -0.051 | Physical Swing (±1σ): 0.0369
   v_curr   -> Baseline Mean:   -0.004 | Physical Swing (±1σ): 0.0467
============================================================
Generating synthetic dataset...
Fitting scaler on training subset...
Scaler successfully fitted across training pool data.
Scaler statistics exported to 'scalers/synthetic_channel_scaler_28.pkl'

Starting Training...
Epoch 01 | Val Loss: 0.1856 | F1: 0.585 | Prec: 0.76 | Rec: 0.48
Epoch 02 | Val Loss: 0.1906 | F1: 0.468 | Prec: 0.89 | Rec: 0.32
Epoch 03 | Val Loss: 0.1725 | F1: 0.597 | Prec: 0.77 | Rec: 0.49
Epoch 04 | Val Loss: 0.1800 | F1: 0.533 | Prec: 0.87 | Rec: 0.38
Epoch 05 | Val Loss: 0.1767 | F1: 0.515 | Prec: 0.91 | Rec: 0.36
Epoch 06 | Val Loss: 0.1789 | F1: 0.564 | Prec: 0.85 | Rec: 0.42
Epoch 07 | Val Loss: 0.1758 | F1: 0.588 | Prec: 0.86 | Rec: 0.45
Epoch 08 | Val Loss: 0.1686 | F1: 0.609 | Prec: 0.83 | Rec: 0.48
Epoch 09 | Val Loss: 0.1670 | F1: 0.596 | Prec: 0.79 | Rec: 0.48
Epoch 10 | Val Loss: 0.1714 | F1: 0.597 | Prec: 0.80 | Rec: 0.48
Epoch 11 | Val Loss: 0.1701 | F1: 0.639 | Prec: 0.78 | Rec: 0.54
Epoch 12 | Val Loss: 0.1639 | F1: 0.595 | Prec: 0.83 | Rec: 0.46
Epoch 13 | Val Loss: 0.1703 | F1: 0.645 | Prec: 0.79 | Rec: 0.55
Epoch 14 | Val Loss: 0.1718 | F1: 0.605 | Prec: 0.84 | Rec: 0.47
Epoch 15 | Val Loss: 0.1647 | F1: 0.613 | Prec: 0.84 | Rec: 0.48
Epoch 16 | Val Loss: 0.1697 | F1: 0.634 | Prec: 0.79 | Rec: 0.53
Epoch 17 | Val Loss: 0.1748 | F1: 0.621 | Prec: 0.82 | Rec: 0.50
Epoch 18 | Val Loss: 0.1742 | F1: 0.656 | Prec: 0.74 | Rec: 0.59
Epoch 19 | Val Loss: 0.1753 | F1: 0.656 | Prec: 0.75 | Rec: 0.58
Epoch 20 | Val Loss: 0.1798 | F1: 0.680 | Prec: 0.71 | Rec: 0.65
Epoch 21 | Val Loss: 0.1991 | F1: 0.614 | Prec: 0.77 | Rec: 0.51
Epoch 22 | Val Loss: 0.1701 | F1: 0.666 | Prec: 0.68 | Rec: 0.65

Early stopping triggered at epoch 22

Testing on hold-out set...
Calibrated T = 1.4323
Final Test -> F1: 0.630 | Precision: 0.85 | Recall: 0.50
Recommended Threshold (FPR ≤ 5%): 0.5141 → TPR: 0.439, FPR: 0.049
============================================================
THRESHOLD OPTIMIZATION REPORT
============================================================
Area Under ROC Curve (ROC-AUC): 0.7748
Recommended Threshold (Youden's J): 0.4826
Recommended Threshold (Maximize F1):  0.4490 -> Max F1: 0.7228
------------------------------------------------------------

Classification Report using default threshold (0.500):
              precision    recall  f1-score   support

         0.0      0.632     0.910     0.746       365
         1.0      0.853     0.499     0.630       385

    accuracy                          0.699       750
   macro avg      0.743     0.704     0.688       750
weighted avg      0.746     0.699     0.686       750


Classification Report using optimized F1 threshold (0.449):
              precision    recall  f1-score   support

         0.0      0.729     0.559     0.633       365
         1.0      0.657     0.803     0.723       385

    accuracy                          0.684       750
   macro avg      0.693     0.681     0.678       750
weighted avg      0.692     0.684     0.679       750


Classification Report using minimised FPR threshold (0.5141):
============================================================
Best Threshold -> 0.4489647448062897
Historical false-positive alert timesteps: 0 / 780
============================================================
DYNAMIC CALIBRATION REPORT FOR TARGET REGION
============================================================
A. LATENT SDE SYSTEM CONFIG:
   sigma (Noise Intensity)        : 0.50382
   strat_decay (Damping factor)   : 0.96209
   meso_decay (Dissipation rate)  : 1.42490
------------------------------------------------------------
B. OBSERVATION BASELINES & SWINGS:
   temp     -> Baseline Mean:    5.489 | Physical Swing (±1σ): 1.8607
   salt     -> Baseline Mean:   34.899 | Physical Swing (±1σ): 0.1899
   ssh      -> Baseline Mean:   -1.348 | Physical Swing (±1σ): 0.0713
   u_curr   -> Baseline Mean:   -0.053 | Physical Swing (±1σ): 0.0390
   v_curr   -> Baseline Mean:   -0.010 | Physical Swing (±1σ): 0.0473
============================================================
Generating synthetic dataset...
Fitting scaler on training subset...
Scaler successfully fitted across training pool data.
Scaler statistics exported to 'scalers/synthetic_channel_scaler_29.pkl'

Starting Training...
Epoch 01 | Val Loss: 0.1834 | F1: 0.562 | Prec: 0.88 | Rec: 0.41
Epoch 02 | Val Loss: 0.1745 | F1: 0.577 | Prec: 0.90 | Rec: 0.42
Epoch 03 | Val Loss: 0.1764 | F1: 0.558 | Prec: 0.92 | Rec: 0.40
Epoch 04 | Val Loss: 0.1576 | F1: 0.648 | Prec: 0.82 | Rec: 0.54
Epoch 05 | Val Loss: 0.1609 | F1: 0.640 | Prec: 0.81 | Rec: 0.53
Epoch 06 | Val Loss: 0.1758 | F1: 0.569 | Prec: 0.89 | Rec: 0.42
Epoch 07 | Val Loss: 0.1602 | F1: 0.654 | Prec: 0.74 | Rec: 0.58
Epoch 08 | Val Loss: 0.1630 | F1: 0.648 | Prec: 0.74 | Rec: 0.57
Epoch 09 | Val Loss: 0.1664 | F1: 0.612 | Prec: 0.81 | Rec: 0.49
Epoch 10 | Val Loss: 0.1682 | F1: 0.626 | Prec: 0.83 | Rec: 0.50
Epoch 11 | Val Loss: 0.1718 | F1: 0.572 | Prec: 0.88 | Rec: 0.42
Epoch 12 | Val Loss: 0.1611 | F1: 0.638 | Prec: 0.76 | Rec: 0.55
Epoch 13 | Val Loss: 0.1763 | F1: 0.593 | Prec: 0.87 | Rec: 0.45
Epoch 14 | Val Loss: 0.1754 | F1: 0.572 | Prec: 0.89 | Rec: 0.42

Early stopping triggered at epoch 14

Testing on hold-out set...
Calibrated T = 1.4207
Final Test -> F1: 0.676 | Precision: 0.87 | Recall: 0.55
Recommended Threshold (FPR ≤ 5%): 0.5153 → TPR: 0.504, FPR: 0.049
============================================================
THRESHOLD OPTIMIZATION REPORT
============================================================
Area Under ROC Curve (ROC-AUC): 0.7769
Recommended Threshold (Youden's J): 0.5034
Recommended Threshold (Maximize F1):  0.4721 -> Max F1: 0.7216
------------------------------------------------------------

Classification Report using default threshold (0.500):
              precision    recall  f1-score   support

         0.0      0.659     0.912     0.766       365
         1.0      0.869     0.553     0.676       385

    accuracy                          0.728       750
   macro avg      0.764     0.733     0.721       750
weighted avg      0.767     0.728     0.720       750


Classification Report using optimized F1 threshold (0.472):
              precision    recall  f1-score   support

         0.0      0.701     0.759     0.729       365
         1.0      0.752     0.694     0.722       385

    accuracy                          0.725       750
   macro avg      0.727     0.726     0.725       750
weighted avg      0.727     0.725     0.725       750


Classification Report using minimised FPR threshold (0.5153):
============================================================
Best Threshold -> 0.47212550044059753
Historical false-positive alert timesteps: 0 / 780
============================================================
DYNAMIC CALIBRATION REPORT FOR TARGET REGION
============================================================
A. LATENT SDE SYSTEM CONFIG:
   sigma (Noise Intensity)        : 0.51773
   strat_decay (Damping factor)   : 1.06906
   meso_decay (Dissipation rate)  : 1.37660
------------------------------------------------------------
B. OBSERVATION BASELINES & SWINGS:
   temp     -> Baseline Mean:    5.562 | Physical Swing (±1σ): 1.7604
   salt     -> Baseline Mean:   34.849 | Physical Swing (±1σ): 0.2149
   ssh      -> Baseline Mean:   -1.311 | Physical Swing (±1σ): 0.0565
   u_curr   -> Baseline Mean:   -0.055 | Physical Swing (±1σ): 0.0375
   v_curr   -> Baseline Mean:   -0.012 | Physical Swing (±1σ): 0.0487
============================================================
Generating synthetic dataset...
Fitting scaler on training subset...
Scaler successfully fitted across training pool data.
Scaler statistics exported to 'scalers/synthetic_channel_scaler_30.pkl'

Starting Training...
Epoch 01 | Val Loss: 0.1831 | F1: 0.614 | Prec: 0.81 | Rec: 0.49
Epoch 02 | Val Loss: 0.1653 | F1: 0.648 | Prec: 0.81 | Rec: 0.54
Epoch 03 | Val Loss: 0.1833 | F1: 0.548 | Prec: 0.88 | Rec: 0.40
Epoch 04 | Val Loss: 0.1688 | F1: 0.588 | Prec: 0.87 | Rec: 0.45
Epoch 05 | Val Loss: 0.1722 | F1: 0.574 | Prec: 0.89 | Rec: 0.42
Epoch 06 | Val Loss: 0.1599 | F1: 0.650 | Prec: 0.79 | Rec: 0.55
Epoch 07 | Val Loss: 0.1635 | F1: 0.634 | Prec: 0.85 | Rec: 0.51
Epoch 08 | Val Loss: 0.1726 | F1: 0.584 | Prec: 0.90 | Rec: 0.43
Epoch 09 | Val Loss: 0.1708 | F1: 0.608 | Prec: 0.88 | Rec: 0.46
Epoch 10 | Val Loss: 0.1591 | F1: 0.631 | Prec: 0.85 | Rec: 0.50
Epoch 11 | Val Loss: 0.1630 | F1: 0.605 | Prec: 0.88 | Rec: 0.46
Epoch 12 | Val Loss: 0.1638 | F1: 0.619 | Prec: 0.85 | Rec: 0.49
Epoch 13 | Val Loss: 0.1593 | F1: 0.689 | Prec: 0.68 | Rec: 0.70
Epoch 14 | Val Loss: 0.1563 | F1: 0.648 | Prec: 0.82 | Rec: 0.54
Epoch 15 | Val Loss: 0.1669 | F1: 0.642 | Prec: 0.81 | Rec: 0.53
Epoch 16 | Val Loss: 0.1575 | F1: 0.663 | Prec: 0.74 | Rec: 0.60
Epoch 17 | Val Loss: 0.1611 | F1: 0.680 | Prec: 0.71 | Rec: 0.65
Epoch 18 | Val Loss: 0.1641 | F1: 0.650 | Prec: 0.79 | Rec: 0.55
Epoch 19 | Val Loss: 0.1687 | F1: 0.597 | Prec: 0.88 | Rec: 0.45
Epoch 20 | Val Loss: 0.1699 | F1: 0.677 | Prec: 0.73 | Rec: 0.63
Epoch 21 | Val Loss: 0.1632 | F1: 0.635 | Prec: 0.77 | Rec: 0.54
Epoch 22 | Val Loss: 0.1744 | F1: 0.681 | Prec: 0.68 | Rec: 0.68
Epoch 23 | Val Loss: 0.1705 | F1: 0.668 | Prec: 0.78 | Rec: 0.58
Epoch 24 | Val Loss: 0.1806 | F1: 0.637 | Prec: 0.82 | Rec: 0.52

Early stopping triggered at epoch 24

Testing on hold-out set...
Calibrated T = 1.4184
Final Test -> F1: 0.647 | Precision: 0.87 | Recall: 0.51
Recommended Threshold (FPR ≤ 5%): 0.5195 → TPR: 0.470, FPR: 0.049
============================================================
THRESHOLD OPTIMIZATION REPORT
============================================================
Area Under ROC Curve (ROC-AUC): 0.7874
Recommended Threshold (Youden's J): 0.4892
Recommended Threshold (Maximize F1):  0.4467 -> Max F1: 0.7332
------------------------------------------------------------

Classification Report using default threshold (0.500):
              precision    recall  f1-score   support

         0.0      0.642     0.921     0.757       365
         1.0      0.872     0.514     0.647       385

    accuracy                          0.712       750
   macro avg      0.757     0.717     0.702       750
weighted avg      0.760     0.712     0.700       750


Classification Report using optimized F1 threshold (0.447):
              precision    recall  f1-score   support

         0.0      0.736     0.611     0.668       365
         1.0      0.682     0.792     0.733       385

    accuracy                          0.704       750
   macro avg      0.709     0.702     0.700       750
weighted avg      0.708     0.704     0.701       750


Classification Report using minimised FPR threshold (0.5195):
============================================================
Best Threshold -> 0.4466710686683655
Historical false-positive alert timesteps: 85 / 780
============================================================
DYNAMIC CALIBRATION REPORT FOR TARGET REGION
============================================================
A. LATENT SDE SYSTEM CONFIG:
   sigma (Noise Intensity)        : 0.53418
   strat_decay (Damping factor)   : 0.80064
   meso_decay (Dissipation rate)  : 1.45852
------------------------------------------------------------
B. OBSERVATION BASELINES & SWINGS:
   temp     -> Baseline Mean:    5.791 | Physical Swing (±1σ): 1.8176
   salt     -> Baseline Mean:   34.928 | Physical Swing (±1σ): 0.1929
   ssh      -> Baseline Mean:   -1.370 | Physical Swing (±1σ): 0.0646
   u_curr   -> Baseline Mean:   -0.062 | Physical Swing (±1σ): 0.0368
   v_curr   -> Baseline Mean:    0.001 | Physical Swing (±1σ): 0.0477
============================================================
Generating synthetic dataset...
Fitting scaler on training subset...
Scaler successfully fitted across training pool data.
Scaler statistics exported to 'scalers/synthetic_channel_scaler_31.pkl'

Starting Training...
Epoch 01 | Val Loss: 0.2123 | F1: 0.562 | Prec: 0.87 | Rec: 0.42
Epoch 02 | Val Loss: 0.1924 | F1: 0.559 | Prec: 0.88 | Rec: 0.41
Epoch 03 | Val Loss: 0.1845 | F1: 0.566 | Prec: 0.86 | Rec: 0.42
Epoch 04 | Val Loss: 0.1747 | F1: 0.577 | Prec: 0.89 | Rec: 0.43
Epoch 05 | Val Loss: 0.1750 | F1: 0.577 | Prec: 0.88 | Rec: 0.43
Epoch 06 | Val Loss: 0.1659 | F1: 0.560 | Prec: 0.90 | Rec: 0.41
Epoch 07 | Val Loss: 0.1774 | F1: 0.551 | Prec: 0.91 | Rec: 0.39
Epoch 08 | Val Loss: 0.1657 | F1: 0.568 | Prec: 0.91 | Rec: 0.41
Epoch 09 | Val Loss: 0.1652 | F1: 0.555 | Prec: 0.92 | Rec: 0.40
Epoch 10 | Val Loss: 0.1616 | F1: 0.598 | Prec: 0.83 | Rec: 0.47
Epoch 11 | Val Loss: 0.1626 | F1: 0.598 | Prec: 0.87 | Rec: 0.46
Epoch 12 | Val Loss: 0.1674 | F1: 0.569 | Prec: 0.90 | Rec: 0.42
Epoch 13 | Val Loss: 0.1638 | F1: 0.597 | Prec: 0.84 | Rec: 0.46
Epoch 14 | Val Loss: 0.1642 | F1: 0.587 | Prec: 0.87 | Rec: 0.44
Epoch 15 | Val Loss: 0.1596 | F1: 0.673 | Prec: 0.73 | Rec: 0.63
Epoch 16 | Val Loss: 0.1684 | F1: 0.657 | Prec: 0.68 | Rec: 0.64
Epoch 17 | Val Loss: 0.1704 | F1: 0.560 | Prec: 0.88 | Rec: 0.41
Epoch 18 | Val Loss: 0.1742 | F1: 0.546 | Prec: 0.91 | Rec: 0.39
Epoch 19 | Val Loss: 0.1759 | F1: 0.601 | Prec: 0.82 | Rec: 0.47
Epoch 20 | Val Loss: 0.1703 | F1: 0.598 | Prec: 0.82 | Rec: 0.47
Epoch 21 | Val Loss: 0.1666 | F1: 0.660 | Prec: 0.70 | Rec: 0.62
Epoch 22 | Val Loss: 0.1766 | F1: 0.598 | Prec: 0.84 | Rec: 0.46
Epoch 23 | Val Loss: 0.1649 | F1: 0.619 | Prec: 0.83 | Rec: 0.49
Epoch 24 | Val Loss: 0.1632 | F1: 0.671 | Prec: 0.66 | Rec: 0.68
Epoch 25 | Val Loss: 0.1736 | F1: 0.643 | Prec: 0.68 | Rec: 0.61

Early stopping triggered at epoch 25

Testing on hold-out set...
Calibrated T = 1.4282
Final Test -> F1: 0.691 | Precision: 0.78 | Recall: 0.62
Recommended Threshold (FPR ≤ 5%): 0.5476 → TPR: 0.473, FPR: 0.049
============================================================
THRESHOLD OPTIMIZATION REPORT
============================================================
Area Under ROC Curve (ROC-AUC): 0.7827
Recommended Threshold (Youden's J): 0.5263
Recommended Threshold (Maximize F1):  0.4827 -> Max F1: 0.7176
------------------------------------------------------------

Classification Report using default threshold (0.500):
              precision    recall  f1-score   support

         0.0      0.670     0.814     0.735       365
         1.0      0.779     0.621     0.691       385

    accuracy                          0.715       750
   macro avg      0.724     0.717     0.713       750
weighted avg      0.726     0.715     0.712       750


Classification Report using optimized F1 threshold (0.483):
              precision    recall  f1-score   support

         0.0      0.705     0.674     0.689       365
         1.0      0.703     0.732     0.718       385

    accuracy                          0.704       750
   macro avg      0.704     0.703     0.703       750
weighted avg      0.704     0.704     0.704       750


Classification Report using minimised FPR threshold (0.5476):
============================================================
Best Threshold -> 0.4826681315898895
Historical false-positive alert timesteps: 31 / 780
============================================================
DYNAMIC CALIBRATION REPORT FOR TARGET REGION
============================================================
A. LATENT SDE SYSTEM CONFIG:
   sigma (Noise Intensity)        : 0.54011
   strat_decay (Damping factor)   : 0.74709
   meso_decay (Dissipation rate)  : 1.34177
------------------------------------------------------------
B. OBSERVATION BASELINES & SWINGS:
   temp     -> Baseline Mean:    5.869 | Physical Swing (±1σ): 1.8857
   salt     -> Baseline Mean:   34.920 | Physical Swing (±1σ): 0.1930
   ssh      -> Baseline Mean:   -1.350 | Physical Swing (±1σ): 0.0576
   u_curr   -> Baseline Mean:   -0.058 | Physical Swing (±1σ): 0.0359
   v_curr   -> Baseline Mean:    0.000 | Physical Swing (±1σ): 0.0491
============================================================
Generating synthetic dataset...
Fitting scaler on training subset...
Scaler successfully fitted across training pool data.
Scaler statistics exported to 'scalers/synthetic_channel_scaler_32.pkl'

Starting Training...
Epoch 01 | Val Loss: 0.1767 | F1: 0.659 | Prec: 0.66 | Rec: 0.66
Epoch 02 | Val Loss: 0.1670 | F1: 0.663 | Prec: 0.71 | Rec: 0.62
Epoch 03 | Val Loss: 0.1800 | F1: 0.526 | Prec: 0.89 | Rec: 0.37
Epoch 04 | Val Loss: 0.1953 | F1: 0.523 | Prec: 0.92 | Rec: 0.37
Epoch 05 | Val Loss: 0.1749 | F1: 0.581 | Prec: 0.88 | Rec: 0.43
Epoch 06 | Val Loss: 0.1797 | F1: 0.600 | Prec: 0.88 | Rec: 0.46
Epoch 07 | Val Loss: 0.1719 | F1: 0.580 | Prec: 0.87 | Rec: 0.43
Epoch 08 | Val Loss: 0.1660 | F1: 0.603 | Prec: 0.84 | Rec: 0.47
Epoch 09 | Val Loss: 0.1697 | F1: 0.579 | Prec: 0.84 | Rec: 0.44
Epoch 10 | Val Loss: 0.1643 | F1: 0.582 | Prec: 0.88 | Rec: 0.43
Epoch 11 | Val Loss: 0.1628 | F1: 0.600 | Prec: 0.82 | Rec: 0.47
Epoch 12 | Val Loss: 0.1634 | F1: 0.606 | Prec: 0.79 | Rec: 0.49
Epoch 13 | Val Loss: 0.1596 | F1: 0.613 | Prec: 0.83 | Rec: 0.49
Epoch 14 | Val Loss: 0.1613 | F1: 0.623 | Prec: 0.82 | Rec: 0.50
Epoch 15 | Val Loss: 0.1684 | F1: 0.617 | Prec: 0.79 | Rec: 0.50
Epoch 16 | Val Loss: 0.1712 | F1: 0.627 | Prec: 0.78 | Rec: 0.52
Epoch 17 | Val Loss: 0.1600 | F1: 0.635 | Prec: 0.76 | Rec: 0.54
Epoch 18 | Val Loss: 0.1608 | F1: 0.623 | Prec: 0.77 | Rec: 0.52
Epoch 19 | Val Loss: 0.1581 | F1: 0.564 | Prec: 0.86 | Rec: 0.42
Epoch 20 | Val Loss: 0.1657 | F1: 0.597 | Prec: 0.84 | Rec: 0.46
Epoch 21 | Val Loss: 0.1589 | F1: 0.640 | Prec: 0.78 | Rec: 0.54
Epoch 22 | Val Loss: 0.1814 | F1: 0.620 | Prec: 0.78 | Rec: 0.51
Epoch 23 | Val Loss: 0.1688 | F1: 0.606 | Prec: 0.80 | Rec: 0.49
Epoch 24 | Val Loss: 0.1646 | F1: 0.615 | Prec: 0.79 | Rec: 0.50
Epoch 25 | Val Loss: 0.1837 | F1: 0.542 | Prec: 0.84 | Rec: 0.40
Epoch 26 | Val Loss: 0.1665 | F1: 0.617 | Prec: 0.78 | Rec: 0.51
Epoch 27 | Val Loss: 0.1690 | F1: 0.645 | Prec: 0.71 | Rec: 0.59
Epoch 28 | Val Loss: 0.1732 | F1: 0.616 | Prec: 0.77 | Rec: 0.51
Epoch 29 | Val Loss: 0.2079 | F1: 0.591 | Prec: 0.84 | Rec: 0.46

Early stopping triggered at epoch 29

Testing on hold-out set...
Calibrated T = 1.4301
Final Test -> F1: 0.585 | Precision: 0.89 | Recall: 0.44
Recommended Threshold (FPR ≤ 5%): 0.5049 → TPR: 0.418, FPR: 0.049
============================================================
THRESHOLD OPTIMIZATION REPORT
============================================================
Area Under ROC Curve (ROC-AUC): 0.7882
Recommended Threshold (Youden's J): 0.4760
Recommended Threshold (Maximize F1):  0.4478 -> Max F1: 0.7367
------------------------------------------------------------

Classification Report using default threshold (0.500):
              precision    recall  f1-score   support

         0.0      0.613     0.942     0.743       365
         1.0      0.889     0.436     0.585       385

    accuracy                          0.683       750
   macro avg      0.751     0.689     0.664       750
weighted avg      0.755     0.683     0.662       750


Classification Report using optimized F1 threshold (0.448):
              precision    recall  f1-score   support

         0.0      0.764     0.523     0.621       365
         1.0      0.652     0.847     0.737       385

    accuracy                          0.689       750
   macro avg      0.708     0.685     0.679       750
weighted avg      0.707     0.689     0.680       750


Classification Report using minimised FPR threshold (0.5049):
============================================================
Best Threshold -> 0.44780683517456055
Historical false-positive alert timesteps: 0 / 780
============================================================
DYNAMIC CALIBRATION REPORT FOR TARGET REGION
============================================================
A. LATENT SDE SYSTEM CONFIG:
   sigma (Noise Intensity)        : 0.47414
   strat_decay (Damping factor)   : 0.83771
   meso_decay (Dissipation rate)  : 1.33642
------------------------------------------------------------
B. OBSERVATION BASELINES & SWINGS:
   temp     -> Baseline Mean:    5.768 | Physical Swing (±1σ): 1.8142
   salt     -> Baseline Mean:   34.930 | Physical Swing (±1σ): 0.1999
   ssh      -> Baseline Mean:   -1.377 | Physical Swing (±1σ): 0.0551
   u_curr   -> Baseline Mean:   -0.042 | Physical Swing (±1σ): 0.0362
   v_curr   -> Baseline Mean:   -0.002 | Physical Swing (±1σ): 0.0456
============================================================
Generating synthetic dataset...
Fitting scaler on training subset...
Scaler successfully fitted across training pool data.
Scaler statistics exported to 'scalers/synthetic_channel_scaler_33.pkl'

Starting Training...
Epoch 01 | Val Loss: 0.1889 | F1: 0.620 | Prec: 0.86 | Rec: 0.49
Epoch 02 | Val Loss: 0.1766 | F1: 0.626 | Prec: 0.82 | Rec: 0.51
Epoch 03 | Val Loss: 0.1824 | F1: 0.599 | Prec: 0.90 | Rec: 0.45
Epoch 04 | Val Loss: 0.1757 | F1: 0.636 | Prec: 0.86 | Rec: 0.50
Epoch 05 | Val Loss: 0.1760 | F1: 0.618 | Prec: 0.86 | Rec: 0.48
Epoch 06 | Val Loss: 0.1605 | F1: 0.656 | Prec: 0.80 | Rec: 0.55
Epoch 07 | Val Loss: 0.1810 | F1: 0.600 | Prec: 0.88 | Rec: 0.46
Epoch 08 | Val Loss: 0.1608 | F1: 0.658 | Prec: 0.80 | Rec: 0.56
Epoch 09 | Val Loss: 0.1687 | F1: 0.625 | Prec: 0.85 | Rec: 0.49
Epoch 10 | Val Loss: 0.1878 | F1: 0.668 | Prec: 0.76 | Rec: 0.60
Epoch 11 | Val Loss: 0.1590 | F1: 0.651 | Prec: 0.78 | Rec: 0.56
Epoch 12 | Val Loss: 0.1570 | F1: 0.635 | Prec: 0.82 | Rec: 0.52
Epoch 13 | Val Loss: 0.1591 | F1: 0.655 | Prec: 0.77 | Rec: 0.57
Epoch 14 | Val Loss: 0.1736 | F1: 0.650 | Prec: 0.77 | Rec: 0.57
Epoch 15 | Val Loss: 0.1577 | F1: 0.664 | Prec: 0.77 | Rec: 0.58
Epoch 16 | Val Loss: 0.1599 | F1: 0.638 | Prec: 0.81 | Rec: 0.53
Epoch 17 | Val Loss: 0.1601 | F1: 0.699 | Prec: 0.73 | Rec: 0.67
Epoch 18 | Val Loss: 0.1746 | F1: 0.702 | Prec: 0.69 | Rec: 0.72
Epoch 19 | Val Loss: 0.1563 | F1: 0.682 | Prec: 0.72 | Rec: 0.65
Epoch 20 | Val Loss: 0.1739 | F1: 0.654 | Prec: 0.75 | Rec: 0.58
Epoch 21 | Val Loss: 0.1636 | F1: 0.682 | Prec: 0.67 | Rec: 0.69
Epoch 22 | Val Loss: 0.1760 | F1: 0.659 | Prec: 0.75 | Rec: 0.59
Epoch 23 | Val Loss: 0.1674 | F1: 0.627 | Prec: 0.80 | Rec: 0.52
Epoch 24 | Val Loss: 0.1808 | F1: 0.653 | Prec: 0.78 | Rec: 0.56
Epoch 25 | Val Loss: 0.1740 | F1: 0.644 | Prec: 0.74 | Rec: 0.57
Epoch 26 | Val Loss: 0.1836 | F1: 0.602 | Prec: 0.84 | Rec: 0.47
Epoch 27 | Val Loss: 0.1707 | F1: 0.668 | Prec: 0.69 | Rec: 0.65
Epoch 28 | Val Loss: 0.2020 | F1: 0.646 | Prec: 0.73 | Rec: 0.58
Epoch 29 | Val Loss: 0.1778 | F1: 0.641 | Prec: 0.73 | Rec: 0.57

Early stopping triggered at epoch 29

Testing on hold-out set...
Calibrated T = 1.4177
Final Test -> F1: 0.697 | Precision: 0.74 | Recall: 0.66
Recommended Threshold (FPR ≤ 5%): 0.5750 → TPR: 0.434, FPR: 0.049
============================================================
THRESHOLD OPTIMIZATION REPORT
============================================================
Area Under ROC Curve (ROC-AUC): 0.7837
Recommended Threshold (Youden's J): 0.5265
Recommended Threshold (Maximize F1):  0.4415 -> Max F1: 0.7174
------------------------------------------------------------

Classification Report using default threshold (0.500):
              precision    recall  f1-score   support

         0.0      0.677     0.759     0.716       365
         1.0      0.742     0.657     0.697       385

    accuracy                          0.707       750
   macro avg      0.710     0.708     0.706       750
weighted avg      0.710     0.707     0.706       750


Classification Report using optimized F1 threshold (0.442):
              precision    recall  f1-score   support

         0.0      0.767     0.370     0.499       365
         1.0      0.599     0.894     0.717       385

    accuracy                          0.639       750
   macro avg      0.683     0.632     0.608       750
weighted avg      0.681     0.639     0.611       750


Classification Report using minimised FPR threshold (0.5750):
============================================================
Best Threshold -> 0.4415438771247864
Historical false-positive alert timesteps: 516 / 780
============================================================
DYNAMIC CALIBRATION REPORT FOR TARGET REGION
============================================================
A. LATENT SDE SYSTEM CONFIG:
   sigma (Noise Intensity)        : 0.57519
   strat_decay (Damping factor)   : 0.71064
   meso_decay (Dissipation rate)  : 1.19340
------------------------------------------------------------
B. OBSERVATION BASELINES & SWINGS:
   temp     -> Baseline Mean:    5.846 | Physical Swing (±1σ): 1.8599
   salt     -> Baseline Mean:   34.944 | Physical Swing (±1σ): 0.2127
   ssh      -> Baseline Mean:   -1.360 | Physical Swing (±1σ): 0.0617
   u_curr   -> Baseline Mean:   -0.051 | Physical Swing (±1σ): 0.0349
   v_curr   -> Baseline Mean:   -0.001 | Physical Swing (±1σ): 0.0505
============================================================
Generating synthetic dataset...
Fitting scaler on training subset...
Scaler successfully fitted across training pool data.
Scaler statistics exported to 'scalers/synthetic_channel_scaler_34.pkl'

Starting Training...
Epoch 01 | Val Loss: 0.1754 | F1: 0.640 | Prec: 0.74 | Rec: 0.57
Epoch 02 | Val Loss: 0.1771 | F1: 0.541 | Prec: 0.85 | Rec: 0.40
Epoch 03 | Val Loss: 0.1677 | F1: 0.628 | Prec: 0.73 | Rec: 0.55
Epoch 04 | Val Loss: 0.1919 | F1: 0.510 | Prec: 0.89 | Rec: 0.36
Epoch 05 | Val Loss: 0.1834 | F1: 0.573 | Prec: 0.82 | Rec: 0.44
Epoch 06 | Val Loss: 0.1678 | F1: 0.625 | Prec: 0.79 | Rec: 0.52
Epoch 07 | Val Loss: 0.1822 | F1: 0.533 | Prec: 0.90 | Rec: 0.38
Epoch 08 | Val Loss: 0.1694 | F1: 0.561 | Prec: 0.89 | Rec: 0.41
Epoch 09 | Val Loss: 0.1662 | F1: 0.604 | Prec: 0.84 | Rec: 0.47
Epoch 10 | Val Loss: 0.1745 | F1: 0.620 | Prec: 0.72 | Rec: 0.54
Epoch 11 | Val Loss: 0.1700 | F1: 0.586 | Prec: 0.88 | Rec: 0.44
Epoch 12 | Val Loss: 0.1653 | F1: 0.624 | Prec: 0.81 | Rec: 0.51
Epoch 13 | Val Loss: 0.1842 | F1: 0.584 | Prec: 0.89 | Rec: 0.43
Epoch 14 | Val Loss: 0.1707 | F1: 0.620 | Prec: 0.83 | Rec: 0.49
Epoch 15 | Val Loss: 0.1660 | F1: 0.600 | Prec: 0.85 | Rec: 0.46
Epoch 16 | Val Loss: 0.1822 | F1: 0.575 | Prec: 0.87 | Rec: 0.43
Epoch 17 | Val Loss: 0.1746 | F1: 0.648 | Prec: 0.73 | Rec: 0.58
Epoch 18 | Val Loss: 0.1709 | F1: 0.603 | Prec: 0.86 | Rec: 0.46
Epoch 19 | Val Loss: 0.1722 | F1: 0.624 | Prec: 0.79 | Rec: 0.52
Epoch 20 | Val Loss: 0.1687 | F1: 0.613 | Prec: 0.81 | Rec: 0.49
Epoch 21 | Val Loss: 0.1761 | F1: 0.613 | Prec: 0.81 | Rec: 0.49
Epoch 22 | Val Loss: 0.1687 | F1: 0.656 | Prec: 0.72 | Rec: 0.61

Early stopping triggered at epoch 22

Testing on hold-out set...
Calibrated T = 1.4282
Final Test -> F1: 0.633 | Precision: 0.84 | Recall: 0.51
Recommended Threshold (FPR ≤ 5%): 0.5425 → TPR: 0.400, FPR: 0.049
============================================================
THRESHOLD OPTIMIZATION REPORT
============================================================
Area Under ROC Curve (ROC-AUC): 0.7571
Recommended Threshold (Youden's J): 0.4892
Recommended Threshold (Maximize F1):  0.4421 -> Max F1: 0.7042
------------------------------------------------------------

Classification Report using default threshold (0.500):
              precision    recall  f1-score   support

         0.0      0.634     0.896     0.742       365
         1.0      0.838     0.509     0.633       385

    accuracy                          0.697       750
   macro avg      0.736     0.702     0.688       750
weighted avg      0.738     0.697     0.686       750


Classification Report using optimized F1 threshold (0.442):
              precision    recall  f1-score   support

         0.0      0.697     0.573     0.629       365
         1.0      0.653     0.764     0.704       385

    accuracy                          0.671       750
   macro avg      0.675     0.668     0.666       750
weighted avg      0.674     0.671     0.667       750


Classification Report using minimised FPR threshold (0.5425):
============================================================
Best Threshold -> 0.4420526325702667
Historical false-positive alert timesteps: 0 / 780
============================================================
DYNAMIC CALIBRATION REPORT FOR TARGET REGION
============================================================
A. LATENT SDE SYSTEM CONFIG:
   sigma (Noise Intensity)        : 0.50272
   strat_decay (Damping factor)   : 1.00515
   meso_decay (Dissipation rate)  : 1.43566
------------------------------------------------------------
B. OBSERVATION BASELINES & SWINGS:
   temp     -> Baseline Mean:    5.695 | Physical Swing (±1σ): 1.8166
   salt     -> Baseline Mean:   34.924 | Physical Swing (±1σ): 0.1969
   ssh      -> Baseline Mean:   -1.373 | Physical Swing (±1σ): 0.0555
   u_curr   -> Baseline Mean:   -0.053 | Physical Swing (±1σ): 0.0365
   v_curr   -> Baseline Mean:    0.002 | Physical Swing (±1σ): 0.0513
============================================================
Generating synthetic dataset...
Fitting scaler on training subset...
Scaler successfully fitted across training pool data.
Scaler statistics exported to 'scalers/synthetic_channel_scaler_35.pkl'

Starting Training...
Epoch 01 | Val Loss: 0.1882 | F1: 0.634 | Prec: 0.75 | Rec: 0.55
Epoch 02 | Val Loss: 0.1975 | F1: 0.533 | Prec: 0.88 | Rec: 0.38
Epoch 03 | Val Loss: 0.1868 | F1: 0.586 | Prec: 0.80 | Rec: 0.46
Epoch 04 | Val Loss: 0.1961 | F1: 0.491 | Prec: 0.95 | Rec: 0.33
Epoch 05 | Val Loss: 0.1678 | F1: 0.617 | Prec: 0.88 | Rec: 0.47
Epoch 06 | Val Loss: 0.1725 | F1: 0.630 | Prec: 0.87 | Rec: 0.49
Epoch 07 | Val Loss: 0.1662 | F1: 0.618 | Prec: 0.84 | Rec: 0.49
Epoch 08 | Val Loss: 0.1700 | F1: 0.612 | Prec: 0.88 | Rec: 0.47
Epoch 09 | Val Loss: 0.1638 | F1: 0.621 | Prec: 0.82 | Rec: 0.50
Epoch 10 | Val Loss: 0.1585 | F1: 0.652 | Prec: 0.82 | Rec: 0.54
Epoch 11 | Val Loss: 0.1717 | F1: 0.595 | Prec: 0.88 | Rec: 0.45
Epoch 12 | Val Loss: 0.1593 | F1: 0.632 | Prec: 0.86 | Rec: 0.50
Epoch 13 | Val Loss: 0.1577 | F1: 0.646 | Prec: 0.82 | Rec: 0.53
Epoch 14 | Val Loss: 0.1775 | F1: 0.599 | Prec: 0.90 | Rec: 0.45
Epoch 15 | Val Loss: 0.1606 | F1: 0.641 | Prec: 0.81 | Rec: 0.53
Epoch 16 | Val Loss: 0.1538 | F1: 0.637 | Prec: 0.80 | Rec: 0.53
Epoch 17 | Val Loss: 0.1596 | F1: 0.584 | Prec: 0.92 | Rec: 0.43
Epoch 18 | Val Loss: 0.1637 | F1: 0.618 | Prec: 0.84 | Rec: 0.49
Epoch 19 | Val Loss: 0.1630 | F1: 0.619 | Prec: 0.83 | Rec: 0.49
Epoch 20 | Val Loss: 0.1889 | F1: 0.623 | Prec: 0.84 | Rec: 0.50
Epoch 21 | Val Loss: 0.1606 | F1: 0.578 | Prec: 0.91 | Rec: 0.42
Epoch 22 | Val Loss: 0.1924 | F1: 0.613 | Prec: 0.82 | Rec: 0.49
Epoch 23 | Val Loss: 0.1573 | F1: 0.673 | Prec: 0.74 | Rec: 0.62
Epoch 24 | Val Loss: 0.1631 | F1: 0.606 | Prec: 0.84 | Rec: 0.47
Epoch 25 | Val Loss: 0.1628 | F1: 0.628 | Prec: 0.79 | Rec: 0.52
Epoch 26 | Val Loss: 0.1596 | F1: 0.658 | Prec: 0.74 | Rec: 0.59

Early stopping triggered at epoch 26

Testing on hold-out set...
Calibrated T = 1.4184
Final Test -> F1: 0.667 | Precision: 0.83 | Recall: 0.56
Recommended Threshold (FPR ≤ 5%): 0.5273 → TPR: 0.455, FPR: 0.049
============================================================
THRESHOLD OPTIMIZATION REPORT
============================================================
Area Under ROC Curve (ROC-AUC): 0.7815
Recommended Threshold (Youden's J): 0.4982
Recommended Threshold (Maximize F1):  0.4370 -> Max F1: 0.7191
------------------------------------------------------------

Classification Report using default threshold (0.500):
              precision    recall  f1-score   support

         0.0      0.653     0.882     0.751       365
         1.0      0.833     0.556     0.667       385

    accuracy                          0.715       750
   macro avg      0.743     0.719     0.709       750
weighted avg      0.745     0.715     0.708       750


Classification Report using optimized F1 threshold (0.437):
              precision    recall  f1-score   support

         0.0      0.759     0.405     0.529       365
         1.0      0.609     0.878     0.719       385

    accuracy                          0.648       750
   macro avg      0.684     0.642     0.624       750
weighted avg      0.682     0.648     0.626       750


Classification Report using minimised FPR threshold (0.5273):
============================================================
Best Threshold -> 0.4369800388813019
Historical false-positive alert timesteps: 32 / 780
============================================================
DYNAMIC CALIBRATION REPORT FOR TARGET REGION
============================================================
A. LATENT SDE SYSTEM CONFIG:
   sigma (Noise Intensity)        : 0.53015
   strat_decay (Damping factor)   : 1.01716
   meso_decay (Dissipation rate)  : 1.34621
------------------------------------------------------------
B. OBSERVATION BASELINES & SWINGS:
   temp     -> Baseline Mean:    5.214 | Physical Swing (±1σ): 1.8767
   salt     -> Baseline Mean:   34.790 | Physical Swing (±1σ): 0.1910
   ssh      -> Baseline Mean:   -1.364 | Physical Swing (±1σ): 0.0607
   u_curr   -> Baseline Mean:   -0.047 | Physical Swing (±1σ): 0.0354
   v_curr   -> Baseline Mean:   -0.004 | Physical Swing (±1σ): 0.0508
============================================================
Generating synthetic dataset...
Fitting scaler on training subset...
Scaler successfully fitted across training pool data.
Scaler statistics exported to 'scalers/synthetic_channel_scaler_36.pkl'

Starting Training...
Epoch 01 | Val Loss: 0.2144 | F1: 0.458 | Prec: 0.96 | Rec: 0.30
Epoch 02 | Val Loss: 0.1765 | F1: 0.571 | Prec: 0.86 | Rec: 0.43
Epoch 03 | Val Loss: 0.1665 | F1: 0.610 | Prec: 0.79 | Rec: 0.50
Epoch 04 | Val Loss: 0.1841 | F1: 0.562 | Prec: 0.92 | Rec: 0.41
Epoch 05 | Val Loss: 0.1703 | F1: 0.577 | Prec: 0.90 | Rec: 0.42
Epoch 06 | Val Loss: 0.1698 | F1: 0.589 | Prec: 0.86 | Rec: 0.45
Epoch 07 | Val Loss: 0.1695 | F1: 0.633 | Prec: 0.82 | Rec: 0.52
Epoch 08 | Val Loss: 0.1617 | F1: 0.613 | Prec: 0.85 | Rec: 0.48
Epoch 09 | Val Loss: 0.1830 | F1: 0.537 | Prec: 0.96 | Rec: 0.37
Epoch 10 | Val Loss: 0.1599 | F1: 0.627 | Prec: 0.79 | Rec: 0.52
Epoch 11 | Val Loss: 0.1697 | F1: 0.562 | Prec: 0.92 | Rec: 0.41
Epoch 12 | Val Loss: 0.1619 | F1: 0.601 | Prec: 0.86 | Rec: 0.46
Epoch 13 | Val Loss: 0.1756 | F1: 0.542 | Prec: 0.91 | Rec: 0.39
Epoch 14 | Val Loss: 0.1585 | F1: 0.657 | Prec: 0.80 | Rec: 0.56
Epoch 15 | Val Loss: 0.1608 | F1: 0.618 | Prec: 0.81 | Rec: 0.50
Epoch 16 | Val Loss: 0.1749 | F1: 0.594 | Prec: 0.86 | Rec: 0.45
Epoch 17 | Val Loss: 0.1644 | F1: 0.632 | Prec: 0.81 | Rec: 0.52
Epoch 18 | Val Loss: 0.1607 | F1: 0.631 | Prec: 0.82 | Rec: 0.51
Epoch 19 | Val Loss: 0.1689 | F1: 0.613 | Prec: 0.82 | Rec: 0.49
Epoch 20 | Val Loss: 0.1640 | F1: 0.648 | Prec: 0.78 | Rec: 0.55
Epoch 21 | Val Loss: 0.1669 | F1: 0.638 | Prec: 0.81 | Rec: 0.53
Epoch 22 | Val Loss: 0.1693 | F1: 0.646 | Prec: 0.77 | Rec: 0.55
Epoch 23 | Val Loss: 0.1657 | F1: 0.637 | Prec: 0.79 | Rec: 0.54
Epoch 24 | Val Loss: 0.1652 | F1: 0.619 | Prec: 0.78 | Rec: 0.51

Early stopping triggered at epoch 24

Testing on hold-out set...
Calibrated T = 1.4234
Final Test -> F1: 0.661 | Precision: 0.83 | Recall: 0.55
Recommended Threshold (FPR ≤ 5%): 0.5413 → TPR: 0.449, FPR: 0.049
============================================================
THRESHOLD OPTIMIZATION REPORT
============================================================
Area Under ROC Curve (ROC-AUC): 0.7843
Recommended Threshold (Youden's J): 0.4855
Recommended Threshold (Maximize F1):  0.4684 -> Max F1: 0.7317
------------------------------------------------------------

Classification Report using default threshold (0.500):
              precision    recall  f1-score   support

         0.0      0.650     0.879     0.747       365
         1.0      0.828     0.551     0.661       385

    accuracy                          0.711       750
   macro avg      0.739     0.715     0.704       750
weighted avg      0.741     0.711     0.703       750


Classification Report using optimized F1 threshold (0.468):
              precision    recall  f1-score   support

         0.0      0.719     0.701     0.710       365
         1.0      0.723     0.740     0.732       385

    accuracy                          0.721       750
   macro avg      0.721     0.721     0.721       750
weighted avg      0.721     0.721     0.721       750


Classification Report using minimised FPR threshold (0.5413):
============================================================
Best Threshold -> 0.46843308210372925
Historical false-positive alert timesteps: 45 / 780
============================================================
DYNAMIC CALIBRATION REPORT FOR TARGET REGION
============================================================
A. LATENT SDE SYSTEM CONFIG:
   sigma (Noise Intensity)        : 0.53228
   strat_decay (Damping factor)   : 0.90297
   meso_decay (Dissipation rate)  : 1.37604
------------------------------------------------------------
B. OBSERVATION BASELINES & SWINGS:
   temp     -> Baseline Mean:    5.195 | Physical Swing (±1σ): 1.8496
   salt     -> Baseline Mean:   34.786 | Physical Swing (±1σ): 0.1827
   ssh      -> Baseline Mean:   -1.385 | Physical Swing (±1σ): 0.0622
   u_curr   -> Baseline Mean:   -0.051 | Physical Swing (±1σ): 0.0379
   v_curr   -> Baseline Mean:   -0.024 | Physical Swing (±1σ): 0.0484
============================================================
Generating synthetic dataset...
Fitting scaler on training subset...
Scaler successfully fitted across training pool data.
Scaler statistics exported to 'scalers/synthetic_channel_scaler_37.pkl'

Starting Training...
Epoch 01 | Val Loss: 0.1832 | F1: 0.613 | Prec: 0.75 | Rec: 0.52
Epoch 02 | Val Loss: 0.1783 | F1: 0.633 | Prec: 0.80 | Rec: 0.52
Epoch 03 | Val Loss: 0.1886 | F1: 0.595 | Prec: 0.85 | Rec: 0.46
Epoch 04 | Val Loss: 0.1799 | F1: 0.599 | Prec: 0.87 | Rec: 0.46
Epoch 05 | Val Loss: 0.1754 | F1: 0.541 | Prec: 0.93 | Rec: 0.38
Epoch 06 | Val Loss: 0.1645 | F1: 0.618 | Prec: 0.81 | Rec: 0.50
Epoch 07 | Val Loss: 0.1646 | F1: 0.595 | Prec: 0.88 | Rec: 0.45
Epoch 08 | Val Loss: 0.1843 | F1: 0.583 | Prec: 0.89 | Rec: 0.43
Epoch 09 | Val Loss: 0.1669 | F1: 0.573 | Prec: 0.88 | Rec: 0.42
Epoch 10 | Val Loss: 0.1653 | F1: 0.593 | Prec: 0.86 | Rec: 0.45
Epoch 11 | Val Loss: 0.1658 | F1: 0.669 | Prec: 0.69 | Rec: 0.65
Epoch 12 | Val Loss: 0.1693 | F1: 0.586 | Prec: 0.85 | Rec: 0.45
Epoch 13 | Val Loss: 0.1635 | F1: 0.601 | Prec: 0.83 | Rec: 0.47
Epoch 14 | Val Loss: 0.1590 | F1: 0.643 | Prec: 0.82 | Rec: 0.53
Epoch 15 | Val Loss: 0.1758 | F1: 0.543 | Prec: 0.94 | Rec: 0.38
Epoch 16 | Val Loss: 0.1724 | F1: 0.628 | Prec: 0.85 | Rec: 0.50
Epoch 17 | Val Loss: 0.1690 | F1: 0.638 | Prec: 0.78 | Rec: 0.54
Epoch 18 | Val Loss: 0.1785 | F1: 0.643 | Prec: 0.81 | Rec: 0.53
Epoch 19 | Val Loss: 0.1848 | F1: 0.631 | Prec: 0.80 | Rec: 0.52
Epoch 20 | Val Loss: 0.1724 | F1: 0.668 | Prec: 0.78 | Rec: 0.58
Epoch 21 | Val Loss: 0.1774 | F1: 0.638 | Prec: 0.82 | Rec: 0.52
Epoch 22 | Val Loss: 0.1627 | F1: 0.640 | Prec: 0.79 | Rec: 0.54
Epoch 23 | Val Loss: 0.1584 | F1: 0.613 | Prec: 0.83 | Rec: 0.49
Epoch 24 | Val Loss: 0.1644 | F1: 0.647 | Prec: 0.75 | Rec: 0.57
Epoch 25 | Val Loss: 0.1592 | F1: 0.669 | Prec: 0.70 | Rec: 0.64
Epoch 26 | Val Loss: 0.1605 | F1: 0.659 | Prec: 0.78 | Rec: 0.57
Epoch 27 | Val Loss: 0.1748 | F1: 0.672 | Prec: 0.76 | Rec: 0.60
Epoch 28 | Val Loss: 0.1643 | F1: 0.677 | Prec: 0.69 | Rec: 0.66
Epoch 29 | Val Loss: 0.1652 | F1: 0.668 | Prec: 0.74 | Rec: 0.61
Epoch 30 | Val Loss: 0.1706 | F1: 0.682 | Prec: 0.71 | Rec: 0.66
Epoch 31 | Val Loss: 0.1848 | F1: 0.678 | Prec: 0.70 | Rec: 0.66
Epoch 32 | Val Loss: 0.1689 | F1: 0.662 | Prec: 0.74 | Rec: 0.60
Epoch 33 | Val Loss: 0.1787 | F1: 0.668 | Prec: 0.70 | Rec: 0.64

Early stopping triggered at epoch 33

Testing on hold-out set...
Calibrated T = 1.4239
Final Test -> F1: 0.621 | Precision: 0.84 | Recall: 0.49
Recommended Threshold (FPR ≤ 5%): 0.5238 → TPR: 0.436, FPR: 0.049
============================================================
THRESHOLD OPTIMIZATION REPORT
============================================================
Area Under ROC Curve (ROC-AUC): 0.7714
Recommended Threshold (Youden's J): 0.4778
Recommended Threshold (Maximize F1):  0.4404 -> Max F1: 0.7212
------------------------------------------------------------

Classification Report using default threshold (0.500):
              precision    recall  f1-score   support

         0.0      0.627     0.904     0.741       365
         1.0      0.844     0.491     0.621       385

    accuracy                          0.692       750
   macro avg      0.736     0.698     0.681       750
weighted avg      0.738     0.692     0.679       750


Classification Report using optimized F1 threshold (0.440):
              precision    recall  f1-score   support

         0.0      0.745     0.471     0.577       365
         1.0      0.628     0.847     0.721       385

    accuracy                          0.664       750
   macro avg      0.686     0.659     0.649       750
weighted avg      0.685     0.664     0.651       750


Classification Report using minimised FPR threshold (0.5238):
============================================================
Best Threshold -> 0.44035640358924866
Historical false-positive alert timesteps: 0 / 780
============================================================
DYNAMIC CALIBRATION REPORT FOR TARGET REGION
============================================================
A. LATENT SDE SYSTEM CONFIG:
   sigma (Noise Intensity)        : 0.47580
   strat_decay (Damping factor)   : 0.72173
   meso_decay (Dissipation rate)  : 1.50952
------------------------------------------------------------
B. OBSERVATION BASELINES & SWINGS:
   temp     -> Baseline Mean:    5.277 | Physical Swing (±1σ): 1.8609
   salt     -> Baseline Mean:   34.824 | Physical Swing (±1σ): 0.1941
   ssh      -> Baseline Mean:   -1.363 | Physical Swing (±1σ): 0.0659
   u_curr   -> Baseline Mean:   -0.048 | Physical Swing (±1σ): 0.0371
   v_curr   -> Baseline Mean:   -0.012 | Physical Swing (±1σ): 0.0470
============================================================
Generating synthetic dataset...
Fitting scaler on training subset...
Scaler successfully fitted across training pool data.
Scaler statistics exported to 'scalers/synthetic_channel_scaler_38.pkl'

Starting Training...
Epoch 01 | Val Loss: 0.1884 | F1: 0.601 | Prec: 0.87 | Rec: 0.46
Epoch 02 | Val Loss: 0.1748 | F1: 0.619 | Prec: 0.81 | Rec: 0.50
Epoch 03 | Val Loss: 0.1792 | F1: 0.575 | Prec: 0.90 | Rec: 0.42
Epoch 04 | Val Loss: 0.1760 | F1: 0.620 | Prec: 0.84 | Rec: 0.49
Epoch 05 | Val Loss: 0.1654 | F1: 0.641 | Prec: 0.77 | Rec: 0.55
Epoch 06 | Val Loss: 0.1626 | F1: 0.625 | Prec: 0.88 | Rec: 0.49
Epoch 07 | Val Loss: 0.1618 | F1: 0.631 | Prec: 0.86 | Rec: 0.50
Epoch 08 | Val Loss: 0.1626 | F1: 0.639 | Prec: 0.84 | Rec: 0.51
Epoch 09 | Val Loss: 0.1636 | F1: 0.594 | Prec: 0.93 | Rec: 0.44
Epoch 10 | Val Loss: 0.1646 | F1: 0.653 | Prec: 0.84 | Rec: 0.53
Epoch 11 | Val Loss: 0.1694 | F1: 0.645 | Prec: 0.85 | Rec: 0.52
Epoch 12 | Val Loss: 0.1600 | F1: 0.623 | Prec: 0.85 | Rec: 0.49
Epoch 13 | Val Loss: 0.1560 | F1: 0.624 | Prec: 0.88 | Rec: 0.48
Epoch 14 | Val Loss: 0.1603 | F1: 0.634 | Prec: 0.85 | Rec: 0.51
Epoch 15 | Val Loss: 0.1596 | F1: 0.599 | Prec: 0.90 | Rec: 0.45
Epoch 16 | Val Loss: 0.1601 | F1: 0.641 | Prec: 0.84 | Rec: 0.52
Epoch 17 | Val Loss: 0.1620 | F1: 0.659 | Prec: 0.76 | Rec: 0.58
Epoch 18 | Val Loss: 0.1604 | F1: 0.686 | Prec: 0.74 | Rec: 0.64
Epoch 19 | Val Loss: 0.1557 | F1: 0.675 | Prec: 0.78 | Rec: 0.59
Epoch 20 | Val Loss: 0.1622 | F1: 0.684 | Prec: 0.77 | Rec: 0.62
Epoch 21 | Val Loss: 0.1571 | F1: 0.622 | Prec: 0.86 | Rec: 0.49
Epoch 22 | Val Loss: 0.1566 | F1: 0.660 | Prec: 0.75 | Rec: 0.59
Epoch 23 | Val Loss: 0.1639 | F1: 0.595 | Prec: 0.82 | Rec: 0.47
Epoch 24 | Val Loss: 0.1640 | F1: 0.664 | Prec: 0.78 | Rec: 0.58
Epoch 25 | Val Loss: 0.1690 | F1: 0.588 | Prec: 0.87 | Rec: 0.45
Epoch 26 | Val Loss: 0.1700 | F1: 0.564 | Prec: 0.90 | Rec: 0.41
Epoch 27 | Val Loss: 0.1604 | F1: 0.644 | Prec: 0.78 | Rec: 0.55
Epoch 28 | Val Loss: 0.1651 | F1: 0.631 | Prec: 0.77 | Rec: 0.53
Epoch 29 | Val Loss: 0.1648 | F1: 0.626 | Prec: 0.77 | Rec: 0.53

Early stopping triggered at epoch 29

Testing on hold-out set...
Calibrated T = 1.4180
Final Test -> F1: 0.682 | Precision: 0.80 | Recall: 0.60
Recommended Threshold (FPR ≤ 5%): 0.5496 → TPR: 0.452, FPR: 0.047
============================================================
THRESHOLD OPTIMIZATION REPORT
============================================================
Area Under ROC Curve (ROC-AUC): 0.7887
Recommended Threshold (Youden's J): 0.4988
Recommended Threshold (Maximize F1):  0.4738 -> Max F1: 0.7249
------------------------------------------------------------

Classification Report using default threshold (0.500):
              precision    recall  f1-score   support

         0.0      0.664     0.838     0.741       365
         1.0      0.796     0.597     0.682       385

    accuracy                          0.715       750
   macro avg      0.730     0.718     0.712       750
weighted avg      0.732     0.715     0.711       750


Classification Report using optimized F1 threshold (0.474):
              precision    recall  f1-score   support

         0.0      0.711     0.696     0.704       365
         1.0      0.718     0.732     0.725       385

    accuracy                          0.715       750
   macro avg      0.715     0.714     0.714       750
weighted avg      0.715     0.715     0.715       750


Classification Report using minimised FPR threshold (0.5496):
============================================================
Best Threshold -> 0.4738065302371979
Historical false-positive alert timesteps: 0 / 780
============================================================
DYNAMIC CALIBRATION REPORT FOR TARGET REGION
============================================================
A. LATENT SDE SYSTEM CONFIG:
   sigma (Noise Intensity)        : 0.48470
   strat_decay (Damping factor)   : 1.20870
   meso_decay (Dissipation rate)  : 1.40553
------------------------------------------------------------
B. OBSERVATION BASELINES & SWINGS:
   temp     -> Baseline Mean:    5.318 | Physical Swing (±1σ): 1.7884
   salt     -> Baseline Mean:   34.845 | Physical Swing (±1σ): 0.1889
   ssh      -> Baseline Mean:   -1.397 | Physical Swing (±1σ): 0.0657
   u_curr   -> Baseline Mean:   -0.044 | Physical Swing (±1σ): 0.0363
   v_curr   -> Baseline Mean:   -0.013 | Physical Swing (±1σ): 0.0517
============================================================
Generating synthetic dataset...
Fitting scaler on training subset...
Scaler successfully fitted across training pool data.
Scaler statistics exported to 'scalers/synthetic_channel_scaler_39.pkl'

Starting Training...
Epoch 01 | Val Loss: 0.1729 | F1: 0.650 | Prec: 0.80 | Rec: 0.55
Epoch 02 | Val Loss: 0.1721 | F1: 0.661 | Prec: 0.76 | Rec: 0.59
Epoch 03 | Val Loss: 0.1708 | F1: 0.636 | Prec: 0.80 | Rec: 0.53
Epoch 04 | Val Loss: 0.2081 | F1: 0.589 | Prec: 0.89 | Rec: 0.44
Epoch 05 | Val Loss: 0.1871 | F1: 0.542 | Prec: 0.95 | Rec: 0.38
Epoch 06 | Val Loss: 0.1622 | F1: 0.655 | Prec: 0.82 | Rec: 0.54
Epoch 07 | Val Loss: 0.1574 | F1: 0.647 | Prec: 0.82 | Rec: 0.54
Epoch 08 | Val Loss: 0.1664 | F1: 0.638 | Prec: 0.84 | Rec: 0.51
Epoch 09 | Val Loss: 0.1672 | F1: 0.603 | Prec: 0.90 | Rec: 0.45
Epoch 10 | Val Loss: 0.1579 | F1: 0.671 | Prec: 0.77 | Rec: 0.59
Epoch 11 | Val Loss: 0.1664 | F1: 0.643 | Prec: 0.82 | Rec: 0.53
Epoch 12 | Val Loss: 0.1588 | F1: 0.655 | Prec: 0.77 | Rec: 0.57
Epoch 13 | Val Loss: 0.1593 | F1: 0.645 | Prec: 0.84 | Rec: 0.52
Epoch 14 | Val Loss: 0.1572 | F1: 0.628 | Prec: 0.86 | Rec: 0.50
Epoch 15 | Val Loss: 0.1568 | F1: 0.666 | Prec: 0.77 | Rec: 0.58
Epoch 16 | Val Loss: 0.1597 | F1: 0.637 | Prec: 0.84 | Rec: 0.51
Epoch 17 | Val Loss: 0.1649 | F1: 0.642 | Prec: 0.82 | Rec: 0.53
Epoch 18 | Val Loss: 0.1567 | F1: 0.672 | Prec: 0.77 | Rec: 0.59
Epoch 19 | Val Loss: 0.1585 | F1: 0.671 | Prec: 0.76 | Rec: 0.60
Epoch 20 | Val Loss: 0.1612 | F1: 0.642 | Prec: 0.79 | Rec: 0.54
Epoch 21 | Val Loss: 0.1729 | F1: 0.622 | Prec: 0.84 | Rec: 0.49
Epoch 22 | Val Loss: 0.1574 | F1: 0.652 | Prec: 0.77 | Rec: 0.57
Epoch 23 | Val Loss: 0.1642 | F1: 0.683 | Prec: 0.77 | Rec: 0.62
Epoch 24 | Val Loss: 0.1710 | F1: 0.684 | Prec: 0.72 | Rec: 0.65
Epoch 25 | Val Loss: 0.1624 | F1: 0.670 | Prec: 0.74 | Rec: 0.61
Epoch 26 | Val Loss: 0.1664 | F1: 0.661 | Prec: 0.77 | Rec: 0.58
Epoch 27 | Val Loss: 0.2013 | F1: 0.647 | Prec: 0.76 | Rec: 0.57
Epoch 28 | Val Loss: 0.1765 | F1: 0.666 | Prec: 0.73 | Rec: 0.61

Early stopping triggered at epoch 28

Testing on hold-out set...
Calibrated T = 1.4191
Final Test -> F1: 0.691 | Precision: 0.80 | Recall: 0.61
Recommended Threshold (FPR ≤ 5%): 0.5502 → TPR: 0.473, FPR: 0.047
============================================================
THRESHOLD OPTIMIZATION REPORT
============================================================
Area Under ROC Curve (ROC-AUC): 0.7765
Recommended Threshold (Youden's J): 0.4970
Recommended Threshold (Maximize F1):  0.4571 -> Max F1: 0.7151
------------------------------------------------------------

Classification Report using default threshold (0.500):
              precision    recall  f1-score   support

         0.0      0.670     0.841     0.746       365
         1.0      0.801     0.608     0.691       385

    accuracy                          0.721       750
   macro avg      0.736     0.724     0.719       750
weighted avg      0.738     0.721     0.718       750


Classification Report using optimized F1 threshold (0.457):
              precision    recall  f1-score   support

         0.0      0.713     0.578     0.638       365
         1.0      0.661     0.779     0.715       385

    accuracy                          0.681       750
   macro avg      0.687     0.679     0.677       750
weighted avg      0.686     0.681     0.678       750


Classification Report using minimised FPR threshold (0.5502):
============================================================
Best Threshold -> 0.45713871717453003
Historical false-positive alert timesteps: 0 / 780
============================================================
DYNAMIC CALIBRATION REPORT FOR TARGET REGION
============================================================
A. LATENT SDE SYSTEM CONFIG:
   sigma (Noise Intensity)        : 0.50531
   strat_decay (Damping factor)   : 0.77441
   meso_decay (Dissipation rate)  : 1.38262
------------------------------------------------------------
B. OBSERVATION BASELINES & SWINGS:
   temp     -> Baseline Mean:    5.399 | Physical Swing (±1σ): 1.8737
   salt     -> Baseline Mean:   34.849 | Physical Swing (±1σ): 0.1943
   ssh      -> Baseline Mean:   -1.348 | Physical Swing (±1σ): 0.0615
   u_curr   -> Baseline Mean:   -0.045 | Physical Swing (±1σ): 0.0355
   v_curr   -> Baseline Mean:   -0.000 | Physical Swing (±1σ): 0.0470
============================================================
Generating synthetic dataset...
Fitting scaler on training subset...
Scaler successfully fitted across training pool data.
Scaler statistics exported to 'scalers/synthetic_channel_scaler_40.pkl'

Starting Training...
Epoch 01 | Val Loss: 0.1769 | F1: 0.632 | Prec: 0.78 | Rec: 0.53
Epoch 02 | Val Loss: 0.1665 | F1: 0.581 | Prec: 0.85 | Rec: 0.44
Epoch 03 | Val Loss: 0.1709 | F1: 0.590 | Prec: 0.85 | Rec: 0.45
Epoch 04 | Val Loss: 0.1629 | F1: 0.659 | Prec: 0.67 | Rec: 0.65
Epoch 05 | Val Loss: 0.1674 | F1: 0.610 | Prec: 0.84 | Rec: 0.48
Epoch 06 | Val Loss: 0.1599 | F1: 0.612 | Prec: 0.85 | Rec: 0.48
Epoch 07 | Val Loss: 0.1660 | F1: 0.639 | Prec: 0.79 | Rec: 0.54
Epoch 08 | Val Loss: 0.1728 | F1: 0.568 | Prec: 0.90 | Rec: 0.42
Epoch 09 | Val Loss: 0.1611 | F1: 0.619 | Prec: 0.87 | Rec: 0.48
Epoch 10 | Val Loss: 0.1598 | F1: 0.610 | Prec: 0.87 | Rec: 0.47
Epoch 11 | Val Loss: 0.1732 | F1: 0.573 | Prec: 0.91 | Rec: 0.42
Epoch 12 | Val Loss: 0.1648 | F1: 0.620 | Prec: 0.83 | Rec: 0.50
Epoch 13 | Val Loss: 0.1682 | F1: 0.597 | Prec: 0.89 | Rec: 0.45
Epoch 14 | Val Loss: 0.1646 | F1: 0.629 | Prec: 0.80 | Rec: 0.52
Epoch 15 | Val Loss: 0.1839 | F1: 0.544 | Prec: 0.92 | Rec: 0.39
Epoch 16 | Val Loss: 0.1613 | F1: 0.675 | Prec: 0.71 | Rec: 0.64
Epoch 17 | Val Loss: 0.1600 | F1: 0.644 | Prec: 0.77 | Rec: 0.55
Epoch 18 | Val Loss: 0.1646 | F1: 0.666 | Prec: 0.77 | Rec: 0.59
Epoch 19 | Val Loss: 0.1695 | F1: 0.604 | Prec: 0.82 | Rec: 0.48
Epoch 20 | Val Loss: 0.1690 | F1: 0.595 | Prec: 0.84 | Rec: 0.46

Early stopping triggered at epoch 20

Testing on hold-out set...
Calibrated T = 1.4243
Final Test -> F1: 0.626 | Precision: 0.91 | Recall: 0.48
Recommended Threshold (FPR ≤ 5%): 0.5028 → TPR: 0.478, FPR: 0.049
============================================================
THRESHOLD OPTIMIZATION REPORT
============================================================
Area Under ROC Curve (ROC-AUC): 0.7916
Recommended Threshold (Youden's J): 0.4644
Recommended Threshold (Maximize F1):  0.4359 -> Max F1: 0.7318
------------------------------------------------------------

Classification Report using default threshold (0.500):
              precision    recall  f1-score   support

         0.0      0.633     0.948     0.759       365
         1.0      0.906     0.478     0.626       385

    accuracy                          0.707       750
   macro avg      0.769     0.713     0.692       750
weighted avg      0.773     0.707     0.691       750


Classification Report using optimized F1 threshold (0.436):
              precision    recall  f1-score   support

         0.0      0.736     0.597     0.660       365
         1.0      0.676     0.797     0.732       385

    accuracy                          0.700       750
   macro avg      0.706     0.697     0.696       750
weighted avg      0.706     0.700     0.697       750


Classification Report using minimised FPR threshold (0.5028):
============================================================
Best Threshold -> 0.4359261095523834
Historical false-positive alert timesteps: 0 / 780
